s,gate,ball_x,ball_y,ball_z,pen_x,pen_y,pen_z
0.0,0.999995652460714,3.408713859382185,0.2510713866172918,0.6585739552056075,2.8258888749130597,0.2081429734261691,0.986048878162159
0.008726646259971648,0.9996922957210034,2.4663317688487267,0.37305971556619927,-0.5939321347142388,1.979755191770564,0.2994596745098056,0.06742100516167342
0.017453292519943295,0.9993889389812929,2.536049899243574,0.5347366198482926,-0.6646675962414355,1.9894890599354398,0.419492004259202,0.25566264551069645
0.026179938779914945,0.9990855822415823,2.5199027775026956,0.6752979009488267,-0.6748166628434398,2.040544082231812,0.5468366271219043,-0.4608962283041907
0.03490658503988659,0.9987822255018717,2.8894182380121594,0.49660723165051385,-0.7770112970856443,2.6907501495877035,0.46246194658522544,-0.9629171718310977
0.04363323129985824,0.9984788687621611,2.8366013683625306,0.8003847017289574,-0.7782216187881125,2.472096632890966,0.6975348557008514,-0.9021710635248406
0.05235987755982989,0.9981755120224506,2.796431941190988,0.9587476769914184,-0.7787703085250417,2.0339039881273764,0.697317426223578,-0.5269766459635707
0.061086523819801536,0.99787215528274,2.757416728660405,1.0937646853926235,-0.7792769832501414,1.8708619258905614,0.7421013604928853,0.15867769442323212
0.06981317007977318,0.9975687985430294,2.716035587010612,1.220904274620884,-0.7796847951458685,1.8302273191605865,0.8227183650235251,0.11503335185943452
0.07853981633974483,0.9972654418033189,2.6726118511284738,1.340613497327688,-0.7799358919199693,2.0832416472167985,1.044978480236393,-0.7429368565968048
0.08726646259971647,0.9969620850636083,2.627598563052894,1.4531823362158078,-0.7799954381658455,2.4400614935871063,1.349465748543175,-0.9773479405402861
0.09599310885968812,0.9966587283238977,2.581447074808602,1.5589524529643606,-0.7798427934505037,2.5083562157938992,1.5148124141999821,-0.9975662026740355
0.10471975511965978,0.9963553715841871,2.5345716109289853,1.6582966820952127,-0.7794658567965531,2.492093531266301,1.6305045067774329,-0.9997601497089706
0.11344640137963143,0.9960520148444766,2.487338378938799,1.7515986183260912,-0.7788578745375224,2.444209076749903,1.7212267048127927,-0.9999442908558588
0.12217304763960307,0.995748658104766,2.4400639309834435,1.839239801321295,-0.7780155584626155,2.3766252953414493,1.791421847810852,-0.9997158336257868
0.1308996938995747,0.9954453013650554,2.393017526167957,1.921591862346218,-0.7769379264382916,2.2854835907715825,1.8352421666485716,-0.9976259486589792
0.13962634015954636,0.9951419446253449,2.3464252119202347,1.999011719162263,-0.7756255611459468,2.144865750632524,1.827295304262156,-0.9832437429384134
0.14835298641951802,0.9948385878856343,2.3004745164454095,2.071838720578967,-0.774080121185462,1.8798461310757983,1.693015060697729,-0.8825844686186528
0.15707963267948966,0.9945352311459237,2.2553191899452494,2.140393090892938,-0.7723040100336311,1.5391138595761766,1.4606840068675093,-0.478481321914705
0.16580627893946132,0.9942318744062132,2.211083710415212,2.2049752639465576,-0.7703001468095174,1.4168365764889348,1.412922355448118,0.04343268129638254
0.17453292519943295,0.9939285176665026,2.1678674193681826,2.265865832102231,-0.7680718044695642,1.4314626362971303,1.4961718823478407,0.3692145990051842
0.1832595714594046,0.993625160926792,2.1257482354113884,2.3233259182415957,-0.765622493720235,1.4558584922838502,1.591173268814033,0.5374436431094859
0.19198621771937624,0.9933218041870814,2.084785939383051,2.3775978331344145,-0.7629558785766712,1.453626465177679,1.6577908880256838,0.6063940627481408
0.2007128639793479,0.9930184474473709,2.0450250495642885,2.428905918016249,-0.7600757142361803,2.376532048753065,2.822641590038937,-0.7239242969054246
0.20943951023931956,0.9927150907076603,2.0064973180745427,2.477457499131938,-0.756985800950217,2.308135086880118,2.84989495300599,-0.7447524460287739
0.2181661564992912,0.9918787270991776,1.969248455168197,2.5229123945225846,-0.7537974785068536,2.240341624972418,2.8702247493321096,-0.7674904469247311
0.22689280275926285,0.9910423634906947,1.9332995223466412,2.5659727318356413,-0.7504204017647167,2.1793371172473455,2.892526249396814,-0.7833094224616731
0.23561944901923448,0.990205999882212,1.8986540940794283,2.6068027875516546,-0.7468581552855654,2.1235782593805945,2.9156178281233784,-0.7947057543578632
0.24434609527920614,0.9893696362737293,1.8653099480343407,2.6455536688189465,-0.7431142678096884,2.0720189410721317,2.938727323677367,-0.8031737765386724
0.2530727415391778,0.9885332726652465,1.8332602185184892,2.6823642962108223,-0.7391922024041987,2.0239219785403013,2.9613341296087903,-0.8096686847038906
0.2617993877991494,0.9876969090567638,1.8024943725152014,2.717362335594408,-0.7350953492411721,1.9787479687116158,2.9830746124926053,-0.8148373837638518
0.27052603405912107,0.9868605454482811,1.7729990334778005,2.7506650744596435,-0.7308270204126692,1.9360861218377607,3.003681545183328,-0.8191438392174303
0.2792526803190927,0.9860241818397982,1.7447586749044406,2.7823802406122917,-0.7263904463339151,1.8956093398270086,3.0229429702326316,-0.8229419869529141
0.2879793265790644,0.9851878182313155,1.7177562028429056,2.8126067629753564,-0.7217887733919331,1.8570433470469578,3.0406717020717617,-0.826521378509883
0.29670597283903605,0.9843514546228328,1.6919734438901013,2.8414354755398707,-0.7170250625755795,1.820143588040521,3.0566795125010775,-0.8301386095351434
0.30543261909900765,0.98351509101435,1.6673915529560486,2.8689497663932655,-0.7121022888819292,1.7846755397878966,3.0707511165478625,-0.8340420430143913
0.3141592653589793,0.9826787274058673,1.6439913530460997,2.8952261743323784,-0.7070233413386098,1.7503947176802803,3.082612686892262,-0.8384949297378136
0.32288591161895097,0.9818423637973845,1.6217536175576375,2.920334935917234,-0.701791023515755,1.7170221064152997,3.091887441360117,-0.843801376090711
0.33161255787892263,0.9810060001889017,1.6006593040630632,2.944340486002222,-0.6964080544274637,1.6842085777022757,3.0980256008343283,-0.8503402455968309
0.34033920413889424,0.980169636580419,1.5806897472361772,2.9673019148383086,-0.690877069743002,1.6514766626590576,3.100184506154583,-0.8586139033852151
0.3490658503988659,0.9793332729719363,1.5618268174479173,2.9892733848095467,-0.6852006232439029,1.6181162932637283,3.0970091657689456,-0.869321192180402
0.35779249665883756,0.9784969093634535,1.5440530505876364,3.0103045097756924,-0.6793811884756031,1.5829841984063606,3.086205146612521,-0.8834628140912195
0.3665191429188092,0.9776605457549707,1.5273517538370542,3.0304406998598297,-0.6734211605521294,1.5440948531983074,3.0636609254029445,-0.9024572689835845
0.3752457891787809,0.976824182146488,1.5117070914157245,3.049723474360859,-0.6673228580803331,1.49776550520788,3.0215976668090336,-0.928056129600923
0.3839724354387525,0.9759878185380052,1.4971041537128644,3.0681907452969193,-0.6610885251764156,1.4370198077217036,2.9450528635068625,-0.9608860463297837
0.39269908169872414,0.9751514549295225,1.4835290127070153,3.0858770739041668,-0.6547203335525877,1.350802482967837,2.809793659483017,-0.9930576644578362
0.4014257279586958,0.9743150913210398,1.4709687661373059,3.102813902232757,-0.648220384655939,1.236043610169732,2.6072703824104293,-0.9934143056070994
0.41015237421866746,0.973478727712557,1.4594115725181052,3.1190297618022043,-0.641590711844812,1.1224170586585425,2.39881077897034,-0.9361567571153652
0.4188790204786391,0.9726423641040742,1.4488466787739394,3.1345504611029273,-0.6348332825908504,1.037886961561787,2.245447431807809,-0.8503054367973243
0.4276056667386107,0.9713429424386757,1.439522448590838,3.148959862740849,-0.6281653209565335,0.9807889575610107,2.1454789150404623,-0.7675666771553784
0.4363323129985824,0.9700435207732772,1.431184268889534,3.1627234265734487,-0.6213819326492163,0.9388416931126696,2.074713006002518,-0.6911073240641898
0.44505895925855404,0.9687440991078786,1.4238240691903379,3.1758598311319743,-0.6144847263562727,0.9058593204133336,2.020532094244736,-0.6186096010255212
0.4537856055185257,0.96744467744248,1.4174349559599402,3.1883855746901197,-0.6074752535157655,0.8783667351253814,1.975802710230729,-0.5460537596037586
0.4625122517784973,0.9661452557770814,1.412011220011136,3.2003150801466322,-0.6003550105205279,0.8543622036179543,1.9364068821806408,-0.4684463687782696
0.47123889803846897,0.9648458341116829,1.4075483428255624,3.2116607860031916,-0.5931254409052937,0.8327511218855985,1.9001223910300848,-0.3789767911417707
0.4799655442984406,0.9635464124462844,1.4040430023614259,3.222433224246426,-0.5857879375154117,0.8134052115747741,1.8668544867538297,-0.2672142767011759
0.4886921905584123,0.9622469907808858,1.4014930788202284,3.2326410858268244,-0.5783438446561642,0.798233471008515,1.841180918735934,-0.11616017201640291
0.49741883681838395,0.9609475691154873,1.39989766077168,3.2422912743167704,-0.5707944602222078,0.7947780155984487,1.840778720619589,0.10015623208206294
0.5061454830783556,0.9596481474500888,1.3992570519714205,3.2513889482245495,-0.5631410378069885,0.8241781592429712,1.9151047011377738,0.4032746683144502
0.5148721293383273,0.9583487257846902,1.4016328478401163,3.2590523421923177,-0.5553847887923841,0.8992839919653717,2.0909995116246867,0.6899877545123467
0.5235987755982988,0.9570493041192917,1.190380020085047,3.3503423198931594,-0.547526884419021,1.3353456454091646,3.758350234389629,0.15104685246363198
0.5323254218582705,0.955749882453893,1.7646177674057832,2.2765792926489095,-0.7707757237769991,2.3886022694717726,3.0815979332725187,-0.438089269990949
0.5410520681182421,0.9544504607884945,1.7619833573577302,2.2937352879192994,-0.7725385969551262,2.397349092930541,3.120849120937346,-0.35372282092018287
0.5497787143782138,0.953151039123096,1.7663808666670262,2.3054697895132645,-0.7741140139230427,2.3959469053445694,3.1271756345348654,-0.34250407279011064
0.5585053606381855,0.9518516174576974,1.7702327237716655,2.3176308194498065,-0.7755022898214374,2.3925149270518498,3.1323374923919287,-0.33692664295292757
0.5672320068981571,0.9505521957922989,1.77352694771119,2.3302216120269983,-0.7767037063626686,2.3874699629077734,3.1368759932363606,-0.3353850029923291
0.5759586531581288,0.9492527741269003,1.77625000025532,2.3432459275050377,-0.7777185120922763,2.381026305118624,3.1410725922306004,-0.3369417251077258
0.5846852994181004,0.9479533524615018,1.7783867245795926,2.356708052995186,-0.7785469227187501,2.3732917283727324,3.145072807313659,-0.34103574570778916
0.5934119456780721,0.9466539307961032,1.7799202747628913,2.3706128024343744,-0.7791891215082054,2.3643124535503897,3.148944057108526,-0.34732918302931204
0.6021385919380436,0.9453545091307047,1.7808320355572076,2.3849655153993856,-0.7796452597411638,2.3540958891717034,3.1527046928158247,-0.35562129032837436
0.6108652381980153,0.9440550874653061,1.7811015317943373,2.3997720544589893,-0.7799154572291256,2.3426229259713023,3.1563394514726753,-0.36579687815879475
0.619591884457987,0.9427556657999075,1.7807063267012957,2.4150388006986514,-0.779999802889047,2.329855075133422,3.1598081739144255,-0.3777931844554023
0.6283185307179586,0.941456244134509,1.7796219082970308,2.430772646978306,-0.7798983553742416,2.315739053060353,3.163051163550313,-0.3915768467440507
0.6370451769779303,0.9397760621177143,1.7775545497484497,2.447174961028056,-0.7796111437605739,2.2996498002365717,3.165948077975162,-0.40794599144733973
0.6457718232379019,0.9380958801009195,1.774737982417033,2.464059474830797,-0.7791381682871363,2.2820584416628886,3.1684269909177534,-0.4260387898262547
0.6544984694978736,0.9364156980841247,1.771140334277881,2.4814343921893256,-0.7784794011508963,2.262885997641965,3.1703886086710473,-0.44581055536457365
0.6632251157578453,0.93473551606733,1.766727053623092,2.499308350942945,-0.7776347873550681,2.2420541319119494,3.1717319342918273,-0.4671863413775102
0.6719517620178169,0.9330553340505352,1.7614607190224767,2.517690392324888,-0.7766042456112089,2.219490680889709,3.172361610329694,-0.4900499730303564
0.6806784082777885,0.9313751520337404,1.7553008298490724,2.5365899227438415,-0.7753876692952627,2.1951363244353193,3.1721973720540877,-0.5142347114150708
0.6894050545377601,0.9296949700169457,1.7482035755777199,2.5560166664914235,-0.7739849274579855,2.1689521790834445,3.1711855507034516,-0.5395166536596516
0.6981317007977318,0.9280147880001509,1.7401215818754725,2.575980607605607,-0.7723958658903747,2.140927719609505,3.169312044308663,-0.5656123177720096
0.7068583470577035,0.9263346059833562,1.7310036312999943,2.5964919187978746,-0.7706203082449036,2.1110880055243135,3.1666155096961988,-0.5921819261107897
0.7155849933176751,0.9246544239665614,1.7207943562052321,2.6175608749709665,-0.7686580572135168,2.0794988114415984,3.16319884985081,-0.6188395229809829
0.7243116395776468,0.9229742419497666,1.7094339012229451,2.63919774840346,-0.7665088957635171,2.0462681024239036,3.1592366131755156,-0.6451701338219664
0.7330382858376184,0.921294059932972,1.696857552447053,2.661412682143675,-0.7641725884325778,2.011542540645835,3.154975985241626,-0.670752758928491
0.7417649320975901,0.9196138779161771,1.6829953301973877,2.6842155375225767,-0.7616488826842813,1.975498459838224,3.150729871382213,-0.6951864086303671
0.7504915783575618,0.9179336958993825,1.6677715419844654,2.707615710946162,-0.7589375103256799,1.9383279102132578,3.1468621274194537,-0.7181151624397643
0.7592182246175333,0.9162535138825877,1.65110429204543,2.73162191423879,-0.7560381889884981,1.9002216378663888,3.143766927936574,-0.7392479203007238
0.767944870877505,0.9145733318657929,1.6329049435822038,2.756241911755281,-0.7529506236756993,1.8613517644725759,3.1418459267471053,-0.7583693691981641
0.7766715171374766,0.9128931498489982,1.6130775296203277,2.7814822062304914,-0.7496745083752238,1.8218571106297827,3.1414876485843632,-0.775340470331128
0.7853981633974483,0.9112129678322034,1.5915181082407006,2.807347663854203,-0.7462095277427894,1.781833498911401,3.14305321733075,-0.7900887968844562
0.7941248096574199,0.9095327858154086,1.568114057842496,2.8338410673048573,-0.7425553588557647,1.7413302718993813,3.1468713717412795,-0.8025905204883732
0.8028514559173916,0.9078526037986139,1.5427433081107869,2.8609625833987056,-0.7387116730401216,1.7003531510123113,3.1532444302529257,-0.8128462018753606
0.8115781021773633,0.9061724217818191,1.5152735025340762,2.888709129554645,-0.734678137772611,1.6588728803484138,3.162466199150941,-0.8208516151158811
0.8203047484373349,0.9044922397650244,1.4855610887110304,2.9170736203743286,-0.7304544186603182,1.61683908023575,3.17485337034392,-0.8265626506948244
0.8290313946973066,0.9028120577482296,1.4534503333875917,2.946044072218405,-0.7260401814998052,1.5741994195495974,3.19079418258802,-0.8298497054008516
0.8377580409572782,0.9011318757314348,1.4187722602885862,2.9756025396408847,-0.721435094418095,1.5309255720766597,3.2108225877956507,-0.8304308580436354
0.8464846872172498,0.899156735880423,1.3810708447568736,3.0058491471243625,-0.7166388300977848,1.4867412929985242,3.2358369337243547,-0.8277854132736581
0.8552113334772214,0.8971815960294112,1.3404118415692365,3.0366184092818695,-0.7116510680885977,1.44211370484538,3.26701756027792,-0.8208473303276217
0.8639379797371931,0.8952064561783992,1.2965792184652234,3.0678649661139565,-0.7064714972076717,1.397376734677668,3.306364214178032,-0.8077484710294605
0.8726646259971648,0.8932313163273874,1.2493387761488988,3.0995307393903184,-0.7010998180309097,1.3531511756305212,3.3570827576787563,-0.7849702187756031
0.8813912722571364,0.8912561764763755,1.198436780013397,3.131542431651965,-0.695535745477705,1.3103953103439951,3.424092605480694,-0.745709333659761
0.8901179185171081,0.8892810366253636,1.1435985795733785,3.163808570904193,-0.689779011491336,1.2700601489687497,3.513669268783277,-0.6768027472775037
0.8988445647770797,0.8873058967743518,1.0845272541565436,3.1962160230908743,-0.683829367817274,1.2311148829201648,3.6282252013254626,-0.5556673705609169
0.9075712110370514,0.8853307569233398,1.0209023392334062,3.2286258832647055,-0.6776865888816427,1.185429038298907,3.7489451524808506,-0.36271721248877026
0.9162978572970231,0.883355617072328,0.9523787085066091,3.260868644687205,-0.6713504747719612,1.118623893124858,3.830078881129741,-0.14042948969119123
0.9250245035569946,0.8813804772213162,0.8785857138330297,3.292738533502052,-0.6648208543222892,1.0311861128690132,3.864649965957992,-0.016850673352638835
0.9337511498169663,0.8794053373703044,0.7991267197666334,3.323986886109672,-0.6580975883047561,0.9339714951307424,3.884876985118745,-0.09403344687461913
0.9424777960769379,0.8774301975192924,0.713579213797624,3.3543144384701495,-0.6511805727293706,0.819809520470169,3.853670143604082,-0.34143264216871705
0.9512044423369096,0.8754550576682806,0.6214957292585442,3.383362393600458,-0.6440697422539124,0.6934494598010003,3.775071514895694,-0.5453113309104387
0.9599310885968813,0.8734799178172687,0.571946231902787,3.7341429012847183,-0.05997872955303801,0.5754966225699194,3.7573228181491998,-0.5984759587265879
0.9686577348568529,0.8715047779662568,0.45397690912697414,3.7511055646670792,-0.04872014798792899,0.4233428358467945,3.4979833453659186,-0.8520209321668935
0.9773843811168246,0.869529638115245,0.3279528746441851,3.7648453603878917,-0.03741273815391971,0.34657679561821825,3.97864492700975,-0.11197145944152614
0.9861110273767962,0.8675544982642331,0.19339451642532413,3.7746135136741,-0.026058087099552946,0.20448212429132376,3.9910179663902223,-0.086487760434585
0.9948376736367679,0.8655793584132212,0.04983467311281753,3.779533730944335,-0.014657853161199946,0.052691702902888556,3.996215004993044,-0.08284589070211393
1.0035643198967394,0.8636042185622095,-0.10316439875274674,3.778585324442658,-0.003213768453800199,-0.10906233659788046,3.9946081157886297,-0.08826904899856909
1.0122909661567112,0.8616290787111975,-0.265988617972054,3.770585951295551,0.008272358645104963,-0.28107644155422135,3.9844670416530454,-0.10597558028437172
1.0210176124166828,0.8596539388601857,-0.4389430813291449,3.754174889782179,0.019798641023087208,-0.4631410218959256,3.96113407133522,-0.15369913396113424
1.0297442586766545,0.8576787990091738,-0.6222152715183741,3.727798241855119,0.031363110377842895,-0.650465734958003,3.8970516060241644,-0.3093014440883336
1.038470904936626,0.8557036591581619,-0.8158293251600551,3.6896980495367036,0.042963714785717505,-0.7856548956655292,3.55323012638379,-0.7691637061895458
1.0471975511965976,0.8537285193071501,-1.0193418377925765,3.6379777170972973,0.054598316300463044,-1.0787573195601756,3.850028464655362,-0.05821262684968783
1.0559241974565694,0.8515417785713392,-1.2219991336303246,3.5740613290985372,0.06609936190092787,-1.294070978870303,3.784854600468324,0.00799924822209657
1.064650843716541,0.8493550378355285,-1.412742073276289,3.501899051357778,0.07763031922054513,-1.496486269366999,3.7094838089679687,0.00804228610163713
1.0733774899765127,0.8471682970997175,-1.5913180798399944,3.4230770669038684,0.08918889229110323,-1.6861904956832463,3.627156688111626,-0.011135086704908956
1.0821041362364843,0.8449815563639067,-1.757897895023497,3.3389844687215637,0.10077269149574226,-1.8628469830102516,3.538326748945173,-0.050100410132195336
1.090830782496456,0.8427948156280958,-1.9127894917518016,3.2508735930787096,0.11237923142273354,-2.02696815478711,3.444925474979512,-0.07723632801463576
1.0995574287564276,0.840608074892285,-2.056404459571493,3.1598576853641394,0.12400592879969306,-2.1818002417725273,3.3525400267469005,-0.007467792990887275
1.1082840750163994,0.8384213341564741,-2.1892287798597465,3.066913780805081,0.13565010052028403,-2.3231513512630664,3.2545273292730528,0.05247372677986977
1.117010721276371,0.8362345934206633,-2.311798110711707,2.97288925323702,0.1473089617765071,-2.450021276587262,3.1506392749520784,0.1328833719503992
1.1257373675363425,0.8340478526848524,-2.4246774064235246,2.87851075048297,0.15897962431086451,-2.570851510605139,3.052044652029747,0.13736481627882813
1.1344640137963142,0.8318611119490416,-2.528444515073147,2.7843944995195833,0.1706590948036922,-2.6824789151046655,2.9540215305371693,0.13944292282631263
1.1431906600562858,0.8296743712132307,-2.6236773017510617,2.6910572069671774,0.18234427341219592,-2.7845826347334097,2.856094826369766,0.1487036068701617
1.1519173063162575,0.8274876304774198,-2.7109438103939003,2.5989269895065865,0.19403195247917357,-2.8748381747625853,2.7560492010967677,0.1861330808823502
1.160643952576229,0.825300889741609,-2.790794983789217,2.5083539410898066,0.20571881543045353,-2.9398929091553687,2.6423624837713304,0.3034311184685296
1.1693705988362009,0.8231141490057982,-2.8637594934246584,2.419620080431915,0.21740143588150698,-2.934754138886456,2.479604192281016,0.5394257656828807
1.1780972450961724,0.8209274082699873,-2.9303402768427067,2.3329485269585124,0.22907627697510824,-2.8791339549363544,2.292181345683885,0.7330725112269044
1.1868238913561442,0.8187406675341764,-2.991012431913928,2.2485118309502963,0.2407396909731966,-2.8762444349222562,2.1622342895075435,0.8012435151193611
1.1955505376161157,0.8165539267983656,-3.046222169599087,2.166439439077878,0.2523879191273337,-2.88474949736908,2.0516018645425897,0.8417329841546507
1.2042771838760873,0.8143671860625548,-3.096386576046903,2.0868243145259044,0.2640170918535379,-2.947042198174164,1.986172967761425,0.8326079526141175
1.213003830136059,0.8121804453267438,-3.141893979465367,2.009728755547636,0.27562322923843946,-3.259913842972385,2.0852207724540186,0.49344274671763066
1.2217304763960306,0.809993704590933,-3.183104756320301,1.93518947097403,0.2872022419045822,-3.3419380294147665,2.0317532039527952,0.41222277680072794
1.2304571226560024,0.8078069638551222,-3.220352444920435,1.8632219786700932,0.29874993226392765,-3.3943187262081835,1.9638748743971153,0.3883656872145583
1.239183768915974,0.8056202231193114,-3.2539450626090516,1.7938243953340969,0.310261996189072,-3.4357210530284266,1.8940332801881152,0.3843067080394067
1.2479104151759457,0.8034334823835004,-3.2841665460808,1.7269806850130793,0.32173402513234434,-3.4687115845719387,1.824023789410304,0.3941201545349395
1.2566370614359172,0.8012467416476896,-3.311278253359149,1.6626634304856671,0.3331615087230902,-3.492286418122908,1.7535514903660832,0.4193738654575049
1.265363707695889,0.7989336606269644,-3.3355869881384743,1.6007987355001059,0.34445095523899893,-3.502935373459851,1.6811117612323323,0.4647416938699497
1.2740903539558606,0.7966205796062391,-3.3572465651163816,1.5413832638711227,0.3556879827246521,-3.4935919499324983,1.603982328367997,0.5360139025436585
1.2828170002158321,0.7943074985855139,-3.3764599667022557,1.484368101524825,0.3668678726126288,-3.4544115495541354,1.5186373788714511,0.6338098200613153
1.2915436464758039,0.7919944175647885,-3.3934134277490964,1.429700367085851,0.37798582009442977,-3.37949254264342,1.4238352713733762,0.7448882827113216
1.3002702927357754,0.7896813365440634,-3.4082777654606438,1.3773243898888001,0.3890369394297415,-3.280212686478428,1.3255718130998007,0.8429906636278547
1.3089969389957472,0.787368255523338,-3.421209632519336,1.3271826890587624,0.400016269893296,-3.1847171705614175,1.235440663483934,0.9093859658953125
1.3177235852557188,0.7850551745026128,-3.432352690270542,1.2792167831409142,0.41091878237993057,-3.1153925105535363,1.1610876693611194,0.9458085413749103
1.3264502315156905,0.7827420934818875,-3.4418387012759384,1.233367855832396,0.42173938668492544,-3.0766543418112873,1.1025056366791648,0.9633551879823556
1.335176877775662,0.7804290124611623,-3.449788542341826,1.189577299873071,0.4324729394726405,-3.0621568383201567,1.0559117519255223,0.970995506478721
1.3439035240356338,0.778115931440437,-3.4563131403887146,1.147787158066717,0.44311425294172535,-3.0635887520915768,1.0173695740001392,0.9736381713228411
1.3526301702956054,0.7758028504197118,-3.461514334379697,1.1079404777006334,0.4536581041897525,-3.0742873465949954,0.9839992160500035,0.9736787879624923
1.361356816555577,0.7734897693989865,-3.4654856670640397,1.0699815922763085,0.464099245274161,-3.0897646545654482,0.9539763318807296,0.9723124399987486
1.3700834628155487,0.7711766883782611,-3.468313110596153,1.033856342422618,0.47443241395963015,-3.1072743737984476,0.9262356703563639,0.9701799103994277
1.3788101090755203,0.7688636073575359,-3.470075730219225,0.9995122460998274,0.4846523451349381,-3.1252714855435686,0.9001956628739197,0.9676402923457196
1.387536755335492,0.7665505263368106,-3.470846290204459,0.9668986266862434,0.4947537828745748,-3.1429899568580555,0.8755653287071068,0.9648863559665947
1.3962634015954636,0.7642374453160854,-3.4706918061478316,0.9359667062382246,0.5047314931120976,-3.1601582127709937,0.8522228531959017,0.9619986539021641
1.4049900478554354,0.7619243642953601,-3.469674047574453,0.9066696701009603,0.5145802768837526,-3.176822113549097,0.83014375937548,0.958973805036828
1.413716694115407,0.7596112832746349,-3.4678499946077967,0.8789627080966498,0.5242949840920801,-3.1932418242270426,0.8093604065326712,0.9557390197461144
1.4224433403753787,0.7572982022539095,-3.465272252243256,0.8528030367071177,0.5338705277301526,-3.209835802538133,0.7899401606796435,0.9521570748189616
1.4311699866353502,0.7549851212331844,-3.461989425534964,0.8281499059787141,0.5433018984982112,-3.2271509437693346,0.7719736897372858,0.9480238424045269
1.4398966328953218,0.7526720402124591,-3.4580464587702133,0.8049645942924053,0.5525841797357207,-3.24583948780992,0.7555670224778783,0.943060969038701
1.4486232791552935,0.7503589591917338,-3.4534849414737563,0.7832103936465152,0.56171256258334,-3.2666204714616867,0.7408316957234125,0.936909039460666
1.457349925415265,0.7480458781710085,-3.4483433838593966,0.7628525876785219,0.5706823612814104,-3.2901997869329236,0.7278675996100982,0.9291318232657682
1.4660765716752369,0.7457327971502833,-3.442657464130696,0.7438584242985165,0.5794890285043741,-3.3171283077885136,0.7167352145650159,0.9192484560264201
1.4748032179352084,0.7433733483426584,-3.4364893484833448,0.7261919794921503,0.5881042871865301,-3.347600564782957,0.7074081814808099,0.906815249174543
1.4835298641951802,0.7410138995350335,-3.4298412099805824,0.7098298936527357,0.5965487161614667,-3.381247443931781,0.6997730701221787,0.8915614526763481
1.4922565104551517,0.7386544507274087,-3.422741461723751,0.6947450884895088,0.6048182919903557,-3.4171204380889817,0.6936041379952308,0.8735114954578983
1.5009831567151235,0.7362950019197838,-3.4152164309888127,0.6809123159572407,0.6129091880457826,-3.453778275218647,0.6886006236216884,0.8530956436944613
1.509709802975095,0.7339355531121589,-3.4072904953846503,0.668308122972984,0.6208177882927042,-3.489536135552938,0.6844398350996822,0.8311649526761162
1.5184364492350666,0.731576104304534,-3.3989862014285057,0.6569108170795692,0.6285407004177797,-3.5227402009640048,0.6808283431105848,0.8089134225697042
1.5271630954950384,0.7292166554969092,-3.3903243667786516,0.6467004335941158,0.6360747681916952,-3.5519659916289257,0.6775333857157009,0.7877398919675768
1.53588974175501,0.7268572066892843,-3.3813241672424574,0.6376587046869417,0.6434170829534297,-3.5761045799099485,0.6743908899187501,0.7690918840730423
1.5446163880149817,0.7244977578816594,-3.3720032095636814,0.6297690307583901,0.6505649941116679,-3.594355122285641,0.6712963781123393,0.7543218199728311
1.5533430342749532,0.7221383090740345,-3.362377590885037,0.6230164544157564,0.6575161185666144,-3.6061625030704425,0.668187470318771,0.7445699232656251
1.562069680534925,0.7197788602664097,-3.35100880755985,0.6252268097055058,0.6642683489651806,-3.61285890114819,0.6740824552848264,0.7376295312482676
1.5707963267948966,0.7174194114587849,-3.7400131808972708,0.11692797031298047,0.24098255137724947,-3.9958406709061682,0.12492617451979776,0.06640062438936273
1.5795229730548683,0.7150599626511599,-3.3532436342261565,-0.4776660235223481,0.6771691176847298,-3.097392952734057,-0.441220363446707,0.9916886577781996
1.5882496193148399,0.712700513843535,-3.3419561632623607,-0.47921355758748563,0.6833148765690134,-3.0983578517522603,-0.4442832330176072,0.9915075214546949
1.5969762655748114,0.7103410650359102,-3.329513531772891,-0.4883592364485887,0.6892561898365461,-3.0999457335663005,-0.4546871838873074,0.9911007191097141
1.6057029118347832,0.7079816162282854,-3.3168606130648275,-0.49840805032746927,0.6949924072879246,-3.10122893240752,-0.46600615646376004,0.9907025626594925
1.6144295580947547,0.7056221674206604,-3.3039949039183663,-0.5093572698449499,0.7005231761909239,-3.102081199689576,-0.4782294333557691,0.9903305728727793
1.6231562043547265,0.7032627186130355,-3.290912743176051,-0.5212057245554663,0.7058484400134523,-3.102352386208441,-0.4913420529404931,0.9900067313592652
1.631882850614698,0.7009032698054106,-3.2776092391993488,-0.5339538359203211,0.7109684357788634,-3.10185957698105,-0.5053225380887088,0.989758636534147
1.6406094968746698,0.6985438209977858,-3.2640781884386447,-0.5476036482714473,0.7158836900840604,-3.1003735187293118,-0.5201394549535829,0.9896210348587855
1.6493361431346414,0.6961843721901609,-3.2503119846929973,-0.5621588575744727,0.7205950138343609,-3.0975981796504244,-0.5357461874729924,0.9896377157558697
1.6580627893946132,0.693824923382536,-3.2363015185636472,-0.577624837751662,0.7251034957614786,-3.0931415983516697,-0.552073224216689,0.9898633292155037
1.6667894356545847,0.6914654745749111,-3.222036066524728,-0.5940086642722002,0.7294104948020432,-3.0864811438118553,-0.5690180071492823,0.9903632113366593
1.6755160819145565,0.6891060257672863,-3.207503168947895,-0.6113191346484756,0.7335176314235513,-3.076950000435869,-0.5864369612579606,0.9912048977873303
1.684242728174528,0.6867569153439195,-3.192680692633091,-0.6295667438482337,0.7374294195989238,-3.063849860370845,-0.6041625097944648,0.9924253259924338
1.6929693744344996,0.6844078049205528,-3.177559964004939,-0.648763979339147,0.7411451019281413,-3.0470269341691893,-0.6221129864922014,0.9939440767467123
1.7016960206944713,0.6820586944971858,-3.1621224611829355,-0.6689248854564152,0.7446670234935409,-3.0280621102565095,-0.6405653560616684,0.9954701914991182
1.710422666954443,0.6797095840738191,-3.146347310445787,-0.690065269018883,0.7479977479143837,-3.010143169996963,-0.6601926143032831,0.9966577477138875
1.7191493132144147,0.6773604736504523,-3.1302110955427955,-0.7122026953476378,0.7511400449188484,-2.993527624834669,-0.6811037268511002,0.9975445916047789
1.7278759594743862,0.6750113632270854,-3.1136876498353168,-0.7353564764990308,0.7540968774893557,-2.9733799286180425,-0.7022201432815997,0.9984766357174688
1.736602605734358,0.6726622528037186,-3.0967478298746642,-0.7595476502158737,0.7568713886875073,-2.945234179028821,-0.7223854904928955,0.9994707221233985
1.7453292519943295,0.6703131423803518,-3.079359268929634,-0.7847989477729111,0.7594668882614318,-2.908859184074827,-0.7413456591166137,0.9999983035944585
1.7540558982543013,0.6679640319569851,-3.0614861089003393,-0.8111347485009103,0.7618868391336632,-2.8673391925297596,-0.7596959032536121,0.999431062423522
1.7627825445142729,0.6656149215336182,-3.043088709005321,-0.8385810183034628,0.7641348438619929,-2.824884020315482,-0.7784505628558048,0.9975596081244485
1.7715091907742444,0.6632658111102514,-3.024123329617346,-0.867165228922213,0.7662146311592171,-2.7852353733286916,-0.7986642761756784,0.994731127579754
1.7802358370342162,0.6609167006868846,-3.0045417896677313,-0.8969162540391743,0.7681300425504934,-2.750894444239759,-0.821197411422112,0.9916251985225049
1.7889624832941877,0.6585675902635179,-2.9842910961601827,-0.9278642375140218,0.7698850192394145,-2.722987609401257,-0.8466207687340203,0.9889223056155786
1.7976891295541595,0.6562184798401509,-2.9633130445633933,-0.9600404281161975,0.7714835892458958,-2.701506412629953,-0.8752215287204125,0.9870755896438289
1.806415775814131,0.6538693694167842,-2.941543789225829,-0.9934769739995661,0.7729298548708861,-2.6856795556850104,-0.9070613899705583,0.986246611900778
1.8151424220741028,0.6515202589934174,-2.9189133835280843,-1.0282066688533644,0.7742279805347788,-2.6743225285227066,-0.9420479120789171,0.9863592852063555
1.8238690683340744,0.6491711485700505,-2.8953452903265577,-1.0642626401125914,0.7753821810284169,-2.6661024193870912,-0.9799982092455187,0.9871995879288714
1.8325957145940461,0.6468220381466837,-2.870755864439711,-1.1016779677822885,0.7763967102078144,-2.659712279957867,-1.0206881246035389,0.9885088882270675
1.8413223608540177,0.644472927723317,-2.845053810604439,-1.1404852202847628,0.7772758501563005,-2.6539719011420972,-1.0638869876631825,0.9900479489306333
1.8500490071139892,0.6421238172999502,-2.8181396226472972,-1.1807158912258435,0.7780239008307854,-2.647875650069473,-1.1093803986511244,0.9916293919694935
1.858775653373961,0.6397747068765833,-2.789905012786149,-1.2223997180495414,0.7786451702023052,-2.640605321719042,-1.1569839066047434,0.9931261767404077
1.8675022996339325,0.6374255964532165,-2.7602323442835255,-1.2655638601642318,0.7791439648950194,-2.631522235465326,-1.2065503997591802,0.9944658035934691
1.8762289458939043,0.6350764860298498,-2.728994086487235,-1.3102319102395081,0.779524581322379,-2.6201496388401004,-1.2579740217868298,0.9956183186564266
1.8849555921538759,0.632727375606483,-2.696052319105905,-1.3564227079750617,0.7797912973143513,-2.606154259768763,-1.311193701021581,0.9965834373655723
1.8936822384138476,0.6304328526321916,-2.6612063552057106,-1.4041556941019335,0.7799488555700556,-2.5892925750845173,-1.3662111943663007,0.997377254521743
1.9024088846738192,0.6281383296579005,-2.6243469150683265,-1.45342895340677,0.7799999978491615,-2.56955688555195,-1.4230848648261487,0.9980330804792081
1.911135530933791,0.6258438066836092,-2.585302958261184,-1.5042372660347083,0.7799489207371068,-2.547065417137108,-1.4819890671779463,0.9985857170884687
1.9198621771937625,0.6235492837093181,-2.5438925442927975,-1.556563120025392,0.7797997736143176,-2.522247333257213,-1.5433187959682517,0.9990730007133805
1.928588823453734,0.6212547607350268,-2.4999235020207733,-1.6103738925179614,0.779556652471835,-2.496199735881233,-1.6079751568094045,0.9995278923043915
1.9373154697137058,0.6189602377607356,-2.4531946968001668,-1.6656185440485007,0.7792235941142096,-2.471806502352734,-1.6782551963725156,0.9999243863059116
1.9460421159736774,0.6166657147864444,-2.403498117784515,-1.7222237697239817,0.778804570725787,-2.4581835908926024,-1.761408581623133,0.9997093696515745
1.9547687622336491,0.6143711918121532,-2.3506220758478,-1.7800895605132845,0.7783034847759424,-2.4948452459789894,-1.8893075254820115,0.9915801422665825
1.9634954084936207,0.6120766688378619,-2.2943558861539004,-1.8390841499364488,0.7777241642385857,-2.6134247365460146,-2.0948397931807246,0.9369813280073171
1.9722220547535925,0.6097821458635707,-2.2344965073761367,-1.8990383639931478,0.7770703581012662,-2.464669883961169,-2.0946565137919553,0.9721089111643115
1.980948701013564,0.6074876228892795,-2.170857715380122,-1.9597394671856607,0.7763457321393393,-2.3120339128110174,-2.0871861275413233,0.9933910788154376
1.9896753472735358,0.6051930999149883,-2.103282485038234,-2.020924722311931,0.7755538649308323,-2.1961588589696763,-2.1101643568032187,0.9989580697455791
1.9984019935335073,0.6028985769406972,-2.031659300750107,-2.0822750802792505,0.7746982440877221,-2.099503794830989,-2.1518098193502238,0.999979773690618
2.007128639793479,0.6006040539664059,-1.955943037634359,-2.1434097188340115,0.7737822626791855,-2.0122985028229254,-2.205166554012954,0.9998921674735485
2.0158552860534504,0.5983095309921147,-1.8761807128822843,-2.2038825881522857,0.7728092158219093,-1.929437351666957,-2.2664412628658446,0.9997235692470775
2.0245819323134224,0.5960150080178234,-1.7925415707730512,-2.263182717189721,0.7717822974116006,-1.8483424268191864,-2.333634379269469,0.9997342663658491
2.033308578573394,0.5937204850435321,-1.7053492945991764,-2.3207407637612345,0.7707045969683435,-1.7681017170574462,-2.4061379931059133,0.9999007904667304
2.0420352248333655,0.5914259620692409,-1.615111216914499,-2.375945022677998,0.769579096566348,-1.689102221297469,-2.4847911236434213,0.9999896997140082
2.050761871093337,0.5891314390949497,-1.762531944468346,-2.8109227732548128,0.7123217756408262,-1.6766355149187866,-2.6739333525978353,0.9877397790392896
2.059488517353309,0.5868369161206585,-1.6536416904014346,-2.867155188737523,0.7158161253413975,-1.5989851658269678,-2.7723893522557392,0.9797034196460549
2.0682151636132806,0.5845423931463674,-1.544241695136784,-2.9186052484481917,0.7191802517558822,-1.5126145912623843,-2.858830258787093,0.972156262701894
2.076941809873252,0.5822478701720761,-1.4355279191568446,-2.9648871631153355,0.7224176079309261,-1.420341778625438,-2.9335222606860754,0.965801475022208
2.0856684561332237,0.5799533471977849,-1.3284577328074454,-3.005891376904388,0.7255316202882403,-1.3250651017056811,-2.9982148958828505,0.9605896338449756
2.0943951023931953,0.5776588242234937,-1.2236417097509038,-3.041759324109419,0.7285256846895537,-1.2290103263098768,-3.055104766117234,0.9560992946196716
2.1031217486531673,0.5754674423814747,-1.1258222438563823,-3.0711670135590596,0.731403162722067,-1.1380278060814009,-3.104462962623823,0.9518777024954387
2.111848394913139,0.5732760605394559,-1.0378533518262223,-3.0940057627311797,0.734167378185872,-1.0557838559354726,-3.147459444742301,0.9474795570548656
2.1205750411731104,0.5710846786974371,-0.9571414319664944,-3.1120541225039364,0.7368216137600225,-0.9800708818946969,-3.186607043099174,0.9426024375124035
2.129301687433082,0.5688932968554183,-0.8814611570278674,-3.1265845632854443,0.7393691078184418,-0.908492441965914,-3.2224658140237508,0.9374645696938247
2.138028333693054,0.5667019150133994,-0.8092250730174418,-3.13841861482293,0.7418130513605187,-0.838899401084828,-3.2535045985552205,0.9329842039546166
2.1467549799530254,0.5645105331713806,-0.7394131667938373,-3.148062161160838,0.7441565850142153,-0.769653890267326,-3.276812475015557,0.9306200435987926
2.155481626212997,0.5623191513293617,-0.6714423447746853,-3.155818638342746,0.7464027960616724,-0.6998104819747811,-3.289150557021733,0.9318773177632589
2.1642082724729685,0.5601277694873429,-0.6050325999397261,-3.16187234786317,0.7485547154285569,-0.6287074878714584,-3.285596215796172,0.938526257644623
2.17293491873294,0.557936387645324,-0.5400961122655118,-3.1663440711480626,0.7506153145686334,-0.5534379512971754,-3.244561358695121,0.9565939837260193
2.181661564992912,0.5557450058033051,-0.4766557379547417,-3.1693251419641966,0.7525875021639783,-0.4733704358556844,-3.1474808847521314,0.9831355234528321
2.1903882112528836,0.5535536239612863,-0.4147898413537447,-3.1708965226556107,0.7544741205486564,-0.4152475467783023,-3.174395491035342,0.9795008819191906
2.199114857512855,0.5513622421192674,-0.35459739492250136,-3.1711382740257203,0.7562779417491421,-0.3563955696709481,-3.187219217794166,0.9783232859834182
2.2078415037728267,0.5491708602772486,-0.29617735807873863,-3.1701333091642967,0.7580016630179023,-0.29843779056785413,-3.1943278403511037,0.9780780386269213
2.2165681500327987,0.5469794784352298,-0.23961752872254263,-3.167968008684801,0.7596479017169073,-0.24190046783564167,-3.198150600562073,0.9782803990288326
2.2252947962927703,0.5447880965932108,-0.184989383911541,-3.164731296390269,0.7612191893848957,-0.18702382568116782,-3.199535788425879,0.9787625556112651
2.234021442552742,0.542596714751192,-0.13234653471665367,-3.160513109390481,0.7627179647955076,-0.1339544445897436,-3.1989109431040648,0.979444386438947
2.2427480888127134,0.5404053329091731,-0.08172524265728584,-3.1554027723324394,0.764146565782577,-0.08279082793096268,-3.1965449044006977,0.980279334020681
2.251474735072685,0.5382139510671543,-0.033146015703930436,-3.14948752789561,0.76550721957356,-0.033600055162546216,-3.192629715024705,0.9812367943783679
2.260201381332657,0.5360225692251355,0.01338431854820239,-3.1428513267672793,0.7668020313323837,0.01357366467027594,-3.187312814203785,0.9822948035739597
2.2689280275926285,0.5338311873831166,0.05787041974437547,-3.1355738988787127,0.7680329705693798,0.05870349504047236,-3.1807121433528414,0.9834363499150718
2.2776546738526,0.5316398055410978,0.10032632430170471,-3.1277300866513373,0.769201855029679,0.10177599480389393,-3.172924387120204,0.9846471998427015
2.2863813201125716,0.529448423699079,0.140773525057498,-3.1193894032697207,0.7703103316248565,0.14278809610697554,-3.1640301237553907,0.9859144513512493
2.2951079663725436,0.52725704185706,0.17923929153069235,-3.1106157741291405,0.7713598539300265,0.18174478468491587,-3.1540974597625926,0.987225484724992
2.303834612632515,0.5250656600150412,0.2157552485767159,-3.101467421425875,0.772351655736702,0.21865734530695635,-3.1431848698867726,0.9885671601733119
2.3125612588924866,0.5230013695713631,0.2502793687925916,-3.09200307793621,0.7732867201409841,0.25346521262524985,-3.1313616514531772,0.989923504858341
2.321287905152458,0.520937079127685,0.28292155779225897,-3.082265435293228,0.7741657436726492,0.2862622891990383,-3.118660756399424,0.9912801541492516
2.3300145514124297,0.518872788684007,0.31372082246744404,-3.0722958307711403,0.7749890950556789,0.31707310085033713,-3.105124990207682,0.9926193595765642
2.3387411976724017,0.5168084982403288,0.34271726965314747,-3.062130247228364,0.7757567683656326,0.3459255559227628,-3.0907958304885805,0.9939212032876195
2.3474678439323733,0.5147442077966508,0.36995189444927207,-3.051799516977825,0.7764683306552685,0.3728510501778777,-3.0757151724588523,0.9951635382061398
2.356194490192345,0.5126799173529726,0.39546658345063873,-3.041329550777719,0.777122864609276,0.3978848197425553,-3.0599269590118006,0.9963220907576911
2.3649211364523164,0.5106156269092945,0.4193043275748083,-3.030741593069875,0.7777189075241502,0.42106650662583495,-3.0434786649128314,0.9973707406301001
2.3736477827122884,0.5085513364656163,0.4415096375989045,-3.02005250992836,0.7782543889569166,0.4424408961696873,-3.0264225855610913,0.9982819881727784
2.38237442897226,0.5064870460219382,0.46212915024193285,-3.0092751213376445,0.7787265708053582,0.46205877656617167,-3.008816864697581,0.9990276116267731
2.3911010752322315,0.5044227555782602,0.4812124022434455,-2.998418594147507,0.779131995400104,0.47997785737096943,-2.990726185797921,0.9995795032010806
2.399827721492203,0.502358465134582,0.4988127330893139,-2.9874889158011557,0.7794664493634627,0.49626366740849787,-2.9722220531853543,0.9999106557028603
2.4085543677521746,0.500294174690904,0.5149882530714247,-2.9764894707552942,0.779724953355311,0.5109903339155509,-2.9533826053046393,0.9999962518710421
2.4172810140121466,0.4982298842472258,0.5298027827501839,-2.96542174000626,0.7799017900265397,0.5242411263341211,-2.934291935891179,0.9998147899383834
2.426007660272118,0.4961655938035477,0.5433266353697981,-2.9542861375216245,0.7799905839278958,0.5361086329937036,-2.9150389462887105,0.9993491652308758
2.4347343065320897,0.4941013033598696,0.5556370813618035,-2.9430829837865664,0.7799844468977619,0.5466944315181573,-2.8957158056992225,0.9985876224619143
2.443460952792061,0.4920370129161915,0.5668183135925702,-2.9318135948032076,0.779876199505525,0.5561081203054985,-2.876416142870175,0.9975244987406718
2.452187599052033,0.48997272247251333,0.5769607364537592,-2.920481435002104,0.7796586724386307,0.5644656064883233,-2.8572331188059485,0.9961606924281678
2.4609142453120048,0.4879084320288353,0.586159444612374,-2.9090932477053646,0.77932508077028,0.5718866030040366,-2.83825752624763,0.9945038144847562
2.4696408915719763,0.4858441415851572,0.5945118466684312,-2.8976600437838873,0.7788694494005899,0.5784913779245618,-2.819576028432569,0.9925680024183516
2.478367537831948,0.4837798511414791,0.6021145218580709,-2.8861978081978243,0.7782870518109745,0.5843969185151404,-2.801269599230065,0.9903733991174495
2.4870941840919194,0.48171556069780097,0.6090595539482195,-2.874727786680064,0.7775748104932853,0.5897128027817583,-2.7834121792001763,0.9879453193096313
2.4958208303518914,0.4796512702541228,0.615430728462819,-2.8632762493792496,0.7767316008633395,0.594537181018512,-2.7660695364288146,0.9853131471153407
2.504547476611863,0.47758697981044473,0.6213000625595858,-2.8518736951714563,0.7757584053252412,0.5989533212448689,-2.74929832528385,0.9825090310147149
2.5132741228718345,0.4755226893667666,0.6267251256070677,-2.8405535485518927,0.7746582818811838,0.6030271359470047,-2.7331453629342604,0.9795664661283228
2.522000769131806,0.47359802984932214,0.6316257310148073,-2.829377674338184,0.773436139596488,0.6066859118247333,-2.7176593510440172,0.9765157225969775
2.530727415391778,0.4716733703318775,0.6361480114816243,-2.8183538144674034,0.7720983447405454,0.6100786342440749,-2.7028575345888974,0.9733921875339558
2.5394540616517496,0.469748710814433,0.6403023937120245,-2.8075135952485297,0.7706522082078666,0.6132176007868125,-2.6887557628418888,0.9702255544069883
2.548180707911721,0.4678240512969884,0.6440858977898642,-2.796884794865345,0.7691054200086193,0.6161004023330875,-2.6753603103386414,0.9670422003597792
2.5569073541716927,0.46589939177954387,0.6474846622071593,-2.7864902445624864,0.7674654973418144,0.6187128207488111,-2.662668847359822,0.9638646852970824
2.5656340004316642,0.4639747322620993,0.6504767063542675,-2.776347192930387,0.7657393008187735,0.6210318978368998,-2.650671652707362,0.9607115557800969
2.5743606466916362,0.46205007274465465,0.6530346060860173,-2.7664671182054765,0.7639326538724097,0.6230288475753354,-2.6393529599311734,0.95759741018774
2.5830872929516078,0.4601254132272101,0.6551278525445029,-2.7568559183911407,0.7620500792610291,0.6246715866249793,-2.628692329213516,0.9545331629767134
2.5918139392115793,0.45820075370976565,0.6567247684111854,-2.7475143795822428,0.7600946486456509,0.6259267670262462,-2.6186659551924776,0.9515264411872109
2.600540585471551,0.45627609419232107,0.6577939455803603,-2.7384388171396554,0.7580679290365628,0.6267612867972919,-2.6092478478679224,0.9485820523157348
2.609267231731523,0.4543514346748765,0.6582290211197154,-2.7296401743891736,0.7559700038393338,0.6268629404226603,-2.599566733023478,0.9453973844014167
2.6179938779914944,0.4524267751574319,0.7723736615954978,-2.6908799178053604,0.7537995451982582,0.7357728699994764,-2.5633660731746866,0.9428816840627225
2.626720524251466,0.4505021156399874,1.7615458778448894,-2.165216946668456,0.7515539166497879,1.7895709195655276,-2.1996641308308433,0.9864072408738276
2.6354471705114375,0.4485774561225428,1.5740837409586454,-2.2951643617686677,0.7492292891186855,1.6287653013208838,-2.3748952968667445,0.9927445670428485
2.644173816771409,0.44665279660509827,1.5632739147676005,-2.292680400994508,0.7468207577582671,1.6180094053020178,-2.372954871899202,0.9917850672998855
2.652900463031381,0.44472813708765363,1.5535341736671788,-2.2894741491009354,0.7443224512636876,1.6072836410521112,-2.368685806103152,0.990504843581313
2.6616271092913526,0.44280347757020916,1.5448451185895493,-2.285544624831469,0.7417276286868882,1.5963568231020564,-2.361754400133706,0.9887852821467769
2.670353755551324,0.4408788180527646,1.5371868139174476,-2.280889881224594,0.7390287613486732,1.5852299552555171,-2.3521766721000525,0.9865420736897621
2.6790804018112957,0.43895415853532005,1.5305390604024127,-2.2755070614016337,0.736217599237586,1.5741817218867715,-2.340392164275068,0.9837664896062813
2.6878070480712677,0.4370294990178754,1.524881594803659,-2.269392439064782,0.7332852224421418,1.5636641201288162,-2.3271102120647784,0.9805350913720138
2.6965336943312392,0.4351048395004309,1.5201942397163466,-2.262541441604274,0.7302220788365963,1.5541252475342344,-2.313041771981591,0.9769777643361548
2.705260340591211,0.4331801799829863,1.5164570211494373,-2.25494865564426,0.727018009571997,1.5458841378191464,-2.2987063330781714,0.9732293727459672
2.7139869868511823,0.4312555204655417,1.5136502662607452,-2.246607816101866,0.7236622640295485,1.5391024114919787,-2.2843846987065293,0.9693956452696368
2.722713633111154,0.42933086094809725,1.5117546894367482,-2.2375117805437887,0.7201435058603192,1.5338175291405765,-2.2701664593051674,0.9655423440078572
2.731440279371126,0.42759878171831417,1.5106587520881536,-2.2277153687458577,0.7164498116270412,1.529976849472513,-2.2562030880130846,0.9617404314163905
2.7401669256310974,0.42586670248853115,1.510433665528111,-2.2171494681068955,0.712568663423046,1.5275043902921046,-2.242207402920242,0.9579523726503295
2.748893571891069,0.4241346232587481,1.5110622516105323,-2.2058039225285007,0.7084869366982567,1.5263131349248433,-2.2280667103129725,0.9541667570211727
2.7576202181510405,0.4224025440289651,1.5125280002194113,-2.1936675075384757,0.7041908843898568,1.5263151923782474,-2.213663511218831,0.9503626337894512
2.7663468644110125,0.420670464799182,1.5148151329571204,-2.1807278592119723,0.6996661183458989,1.5274274735224478,-2.1988845846382534,0.9465135755562301
2.775073510670984,0.418938385569399,1.5179086619585207,-2.16697139829911,0.6948975889491165,1.5295736102352882,-2.1836243168256955,0.9425899916321112
2.7838001569309556,0.4172063063396161,1.5217944428139725,-2.152383250019661,0.6898695637980505,1.5326839557944227,-2.167785070844195,0.9385602582657857
2.792526803190927,0.41547422710983306,1.5264592206956373,-2.136947159599055,0.6845656062835953,1.5366946926433487,-2.1512761782909857,0.9343910889399445
2.8012534494508987,0.41374214788005004,1.5318906689586214,-2.120645403252151,0.6789685549101128,1.5415465785614761,-2.1340123887220948,0.9300474213042726
2.8099800957108707,0.41201006865026696,1.5380774196773164,-2.1034586939702695,0.6730605042485379,1.5471835855060172,-2.115912191717564,0.9254919862757492
2.8187067419708423,0.41027798942048394,1.5450090857343943,-2.0853660811265318,0.6668227884695223,1.553551539147874,-2.096896202704818,0.9206846494440968
2.827433388230814,0.4085459101907009,1.5526762741769058,-2.0663448425714277,0.6602359684806515,1.5605967937250127,-2.0768856906483353,0.9155815658281102
2.8361600344907854,0.4068138309609179,1.5610705905627906,-2.0463703675333806,0.6532798237730768,1.5682649427167463,-2.0558012729328268,0.9101341571463227
2.8448866807507573,0.4050817517311348,1.570184633924733,-2.0254160282537406,0.6459333501572254,1.576499552787284,-2.033561782329402,0.9042878994874733
2.853613327010729,0.40334967250135184,1.5800119817605829,-2.003453037863311,0.6381747646206025,1.585240907219845,-2.0100833082138223,0.8979808944039221
2.8623399732707004,0.4016175932715688,1.5905471641095137,-1.9804502915460267,0.6299815185598194,1.594424751567751,-1.9852784220066917,0.8911421857217422
2.871066619530672,0.39988551404178585,1.601785625284555,-1.956374187542513,0.6213303206143092,1.6039810474389524,-1.9590556120514009,0.8836897770104919
2.8797932657906435,0.3981534348120028,1.6137236712048475,-1.9311884240407198,0.612197170258437,1.613832761164431,-1.9313189750581499,0.8755283013594145
2.8885199120506155,0.3964213555822197,1.6263583995096764,-1.9048537675117443,0.6025574031996497,1.6238947450826182,-1.9019682403003724,0.8665462981840012
2.897246558310587,0.3946892763524367,1.6396876087475025,-1.8773277876117367,0.5923857495011082,1.6340728141420868,-1.870899239955314,0.8566130657405963
2.9059732045705586,0.3929571971226537,1.653709681922851,-1.8485645534183361,0.5816564052234842,1.6442631844196165,-1.838004985055569,0.8455750904209239
2.91469985083053,0.39122511789287073,1.6684234385481256,-1.8185142855301373,0.5703431182901276,1.6543525283291929,-1.8031775606602158,0.8332521165040345
2.923426497090502,0.38949303866308765,1.6838279480687806,-1.787122958444208,0.5584192892434809,1.6642190178190548,-1.7663111115568773,0.819433029950309
2.9321531433504737,0.38776095943330463,1.6999222960753748,-1.7543318476441585,0.5458580875875515,1.6737348706637554,-1.7273062391716563,0.8038719096434904
2.9408797896104453,0.38621314242669486,1.716616109202173,-1.7201660203795537,0.5326325844954349,1.6827427865412303,-1.6862226486924576,0.7863506516131961
2.949606435870417,0.3846653254200851,1.733999641804453,-1.684469384124329,0.5187159027812069,1.6911489214797324,-1.642842658988704,0.7664830780935344
2.9583330821303884,0.3831175084134753,1.7520703371481248,-1.64716585118492,0.5040813851642515,1.6988458575785235,-1.5971281652910776,0.7439054934428303
2.9670597283903604,0.3815696914068655,1.7708240206355805,-1.6081721745335342,0.4887027819601188,1.7057590704348684,-1.5490835009946244,0.7182221464099067
2.975786374650332,0.38002187440025575,1.7902542336331766,-1.5673971458034794,0.47255445938962737,1.7118671523363997,-1.498767961643925,0.6890193224069564
2.9845130209103035,0.37847405739364604,1.8103514212389844,-1.524740714367491,0.45561162968767827,1.7172247520550907,-1.4463062057785807,0.6558882243020613
2.993239667170275,0.37692624038703626,1.8311019455050825,-1.4800930281451332,0.43785060410441395,1.721983799599042,-1.3918920367169332,0.6184548666316753
3.001966313430247,0.37537842338042643,1.8524868907936165,-1.4333333997779938,0.4192490697188196,1.7264043918510106,-1.3357789945295497,0.5764067447992863
3.0106929596902186,0.37383060637381665,1.8744806225668968,-1.3843292059414665,0.39978639072821653,1.7308409125372255,-1.2782493439609561,0.5294856757886534
3.01941960595019,0.3722827893672069,1.8970490550399275,-1.332934733155098,0.3794439345372125,1.7356797992764927,-1.2195509040448151,0.477363581272824
3.0281462522101616,0.3707349723605971,1.9201475768618166,-1.2789899909005755,0.3582054225481977,1.7411809842733308,-1.1597822365672599,0.4191472946372107
3.036872898470133,0.3691871553539874,1.9437185775188899,-1.222319522623424,0.33605730505325865,1.7470717278057721,-1.098656927509702,0.3514910998454985
3.045599544730105,0.3676393383473775,1.967688510752558,-1.1627312578356188,0.3129891590449364,1.7513075732846572,-1.0348691098285245,0.2593455321333926
3.0543261909900767,0.36609152134076783,1.9919644253968318,-1.1000154647048244,0.2889941071014625,1.7586144637820316,-0.9711534412711375,0.13346113392252673
3.0630528372500483,0.36454370433415806,2.016429889312917,-1.0339438829721803,0.264069254761771,1.824478422924317,-0.9355189163755688,0.31329946892916605
3.07177948351002,0.3629958873275483,2.040940229475874,-0.9642691426497887,0.23821614299032393,1.8589899357084665,-0.8783043254336413,0.330033153659056
3.080506129769992,0.36144807032093845,2.065317012100466,-0.8907246056608294,0.21144121144692352,1.884352087633204,-0.8126785187694953,0.318651213973032
3.0892327760299634,0.3599002533143287,2.0893416928834267,-0.8130248063758388,0.18375626733134787,1.9061573443185162,-0.7417423445217738,0.2978564688560416
3.097959422289935,0.3583524363077189,2.112748381632792,-0.7308667137521501,0.15517895358035685,1.9254488631115598,-0.6660738663032837,0.27093444446586784
3.1066860685499065,0.3568046193011091,2.135215691366336,-0.6439320930697181,0.12573320917361255,1.9424132899197315,-0.5857873096577273,0.23835283352184933
3.115412714809878,0.35525680229449946,2.1563576842221233,-0.5518913089523656,0.09544971327892308,1.9570469291229051,-0.5008803499056191,0.19962276680642138
3.12413936106985,0.35370898528788963,2.175713991501088,-0.45440898205159996,0.06436630396572209,1.9693973623256964,-0.411318700052161,0.1537608393283839
3.1328660073298216,0.35216116828127986,2.192739281987929,-0.35115197748705385,0.032528361273930634,1.9797344527602587,-0.31704073242841746,0.09947244368587733
3.141592653589793,0.3506133512746701,2.2067780768562035,-0.24193081553790416,1.4142150698322435e-14,1.9887063835495538,-0.21802344435241122,0.035257216406394024
3.1503192998497647,0.34917301248375276,2.2167353215876178,-0.13227918994248905,-0.032528361273898215,1.9972265140393686,-0.11918044650435572,-0.039470909407744066
3.1590459461097367,0.3477326736928355,2.222487835499755,-0.02768965218938021,-0.06436630396568699,2.007807246589776,-0.02501497800499173,-0.12594732461260746
3.167772592369708,0.3462923349019182,2.224701059691995,0.07188653703057091,-0.09544971327888675,2.0262000336043346,0.06547239374588505,-0.23188821331966467
3.1764992386296798,0.3448519961110009,2.22396470328211,0.16666009629618878,-0.12573320917357234,2.064905824638917,0.1547404970362199,-0.3693149331128034
3.1852258848896513,0.3434116573200836,2.2207869872146646,0.256859951687349,-0.15517895358031966,2.048892764406069,0.23697837726344306,-0.3481250446115409
3.193952531149623,0.34197131852916635,2.2156034886123623,0.3427232508192949,-0.18375626733131228,2.0172246931421056,0.3120367917905794,-0.28413567751615965
3.202679177409595,0.3405309797382489,2.2087857842254204,0.424487977456227,-0.2114412114468843,2.002362473368597,0.3848172161034419,-0.2765643575836706
3.2114058236695664,0.33909064094733177,2.200649598638776,0.5023876429317542,-0.2382161429902812,1.9904612260597885,0.4544036107910009,-0.2856652200625796
3.220132469929538,0.33765030215641445,2.316992660843018,0.6096788790587728,-0.4933755630924371,2.071677355250944,0.5451281521372129,-0.5139800839544316
3.2288591161895095,0.3362099633654972,2.312613816919586,0.6864139039698136,-0.5128806625769096,2.0680876600121603,0.6138353555076527,-0.5383243296572642
3.2375857624494815,0.33476962457457976,2.307038869613349,0.7599741847843902,-0.5313631537437284,2.063197487524599,0.679649072793254,-0.5611095361630767
3.246312408709453,0.33332928578366244,2.300454585406435,0.8304986257662346,-0.5488492842537321,2.056634898963406,0.7424760602219058,-0.581640255315317
3.2550390549694246,0.3318889469927452,2.293023911647211,0.8981204432715264,-0.5653676405645056,2.0477349852520055,0.8020468706477655,-0.5989370511248597
3.263765701229396,0.33044860820182786,2.2848891917752447,0.9629667027498837,-0.5809487254556911,2.0357400065246405,0.8579627619560692,-0.6120082033677249
3.2724923474893677,0.3290082694109107,2.276174968842376,1.0251581266622871,-0.5956245665827515,2.0207821611847954,0.910132693272857,-0.6211157204234479
3.2812189937493397,0.3275679306199933,2.266990418999603,1.0848090970221544,-0.6094283565914335,2.0066091420878855,0.9602104328545645,-0.6313707780418495
3.2899456400093112,0.326127591829076,2.257431456388198,1.1420277937936354,-0.6223941247410303,2.001844951025878,1.0127273483620105,-0.6539183141818196
3.2986722862692828,0.3246872530381587,2.247582548966972,1.1969164243531019,-0.6345564394942759,2.009000831816737,1.0698633041290053,-0.6899188866492629
3.3073989325292543,0.32324691424724145,2.237518281928912,1.2495715102614278,-0.6459501411314773,2.0187622374535374,1.1274043203521413,-0.7259356104704547
3.3161255787892263,0.32180657545632413,2.227304701991326,1.3000842062435372,-0.6566101031311792,2.0245126500043207,1.181713898083944,-0.7549023511922378
3.324852225049198,0.32036623666540687,2.2170004723096395,1.3485406329843865,-0.6665710208245911,2.025639365515999,1.2321409157505658,-0.7773617997259334
3.3335788713091694,0.31892589787448955,2.2066578642805257,1.3950222105123655,-0.6758672256713368,2.0233207778665943,1.279118738706396,-0.7952634037210049
3.342305517569141,0.31748555908357223,2.1963236092036955,1.4396059828749128,-0.6845325234155244,2.018697882247501,1.323179123842352,-0.8100934798667622
3.351032163829113,0.31604522029265497,2.1860396297476186,1.4823649277862074,-0.6926000543578071,2.0125894734311705,1.3647474679086742,-0.8228054057211756
3.3597588100890845,0.3147482175099275,2.1759928235176615,1.5233311062102959,-0.7001517195782161,2.0056102604510846,1.4040526529589783,-0.8339971658127894
3.368485456349056,0.3134512147272,2.1660709495219934,1.5626125652056928,-0.7071652311824221,1.9980943102617514,1.4414335210811215,-0.8440653147510135
3.3772121026090276,0.3121542119444725,2.1563045401564467,1.6002714290510347,-0.7136712255528359,1.9903047421738427,1.4770769873602838,-0.8532644920579665
3.385938748868999,0.31085720916174503,2.1467214010413547,1.6363667822289125,-0.7196993065266547,1.982429911322229,1.5111334211374976,-0.8617694375096523
3.394665395128971,0.30956020637901743,2.1373469543845225,1.6709548736872797,-0.7252779909632109,1.974607618748026,1.543727010440931,-0.8697034684878807
3.4033920413889427,0.30826320359628995,2.1282045365770865,1.704089299792669,-0.7304346678319584,1.9669404845791343,1.5749624509734719,-0.8771557201731118
3.4121186876489142,0.3069662008135626,2.119315657472565,1.7358211677814235,-0.7351955697212018,1.9595059782163593,1.6049293758526542,-0.8841919364504914
3.420845333908886,0.3056691980308351,2.1107002278543097,1.7661992418199892,-0.7395857556900441,1.9523631743867904,1.6337053992099306,-0.8908614588179432
3.429571980168858,0.3043721952481075,2.1023767607226884,1.7952700739452296,-0.7436291043690284,1.9455574599994665,1.6613583018665463,-0.897201905917618
3.4382986264288293,0.30307519246538006,2.0943625512069555,1.823078122175212,-0.7473483161722041,1.9391239267954758,1.6879476789202719,-0.9032424062310863
3.447025272688801,0.3017781896826526,2.086673839122094,1.8496658579784593,-0.7507649234341308,1.9330898988581113,1.7135262441518873,-0.9090058952037808
3.4557519189487724,0.3004811868999251,2.0793259574584213,1.8750738650921182,-0.7538993072486597,1.9274768747396094,1.7381409107263288,-0.9145107874652643
3.464478565208744,0.2991841841171976,2.0723334694267743,1.8993409314250704,-0.7567707197768535,1.9223020619734075,1.7618337216156787,-0.9197722175609596
3.473205211468716,0.2978871813344701,2.065710296099036,1.9225041355065904,-0.759397310815711,1.9175796193146404,1.7846426748500868,-0.9248029726294731
3.4819318577286875,0.29659017855174263,2.059469836190005,1.9445989286771788,-0.7617961574767637,1.9133216833702194,1.806602471332958,-0.9296141979351976
3.490658503988659,0.29529317576901515,2.0536250791194246,1.965659213986944,-0.7639832959070082,1.9095392321617368,1.8277452025360634,-0.9342159299221845
3.4993851502486306,0.29399617298628766,2.048188712159944,1.9857174225809129,-0.7659737540839286,1.9062428231529809,1.8481009894898333,-0.938617495010373
3.5081117965086026,0.2926991702035602,2.0431732222000343,2.004804588211284,-0.7677815848208261,1.9034432340364729,1.8676985815657101,-0.9428278018438095
3.516838442768574,0.2914021674208327,2.038590992408849,2.0229504204193307,-0.7694198982191722,1.901152029006207,1.886565922581026,-0.9468555477548924
3.5255650890285457,0.2901051646381052,2.034454393858541,2.0401833768665143,-0.7709008928945554,1.8993820699632606,1.9047306920003615,-0.9507093553417224
3.5342917352885173,0.2888081618553777,2.030775871917498,2.056530735253307,-0.7722358853782634,1.8981479901529126,1.922220829875678,-0.9543978513112827
3.543018381548489,0.28751115907265024,2.0275680269524132,2.07201866523447,-0.7734353371565043,1.8974666464047876,1.939065055153806,-0.9579296964886755
3.551745027808461,0.28621415628992275,2.0248436885483465,2.0866723007078467,-0.7745088788549616,1.897357564856937,1.955293387591746,-0.9613135727027732
3.5604716740684323,0.28491715350719526,2.022615982052975,2.100515812807101,-0.7754653311109914,1.8978433932358525,1.9709376832260106,-0.9645581288255289
3.569198320328404,0.283798606007759,2.021102880652902,2.1135696434693254,-0.7763262995618487,1.899144532132936,1.9860316216956977,-0.9677067411320159
3.5779249665883754,0.28268005850832273,2.0201148061589014,2.125859794988553,-0.7770825320120781,1.901106071342723,2.0006214254529024,-0.9707321326229774
3.5866516128483474,0.2815615110088864,2.0196661444611785,2.1374076585318673,-0.7777405806476103,1.9037643252562653,2.0147490514716155,-0.9736420511819668
3.595378259108319,0.28044296350945014,2.0197717374168986,2.148233960962916,-0.7783062174431501,1.907160929197077,2.028460841006951,-0.9764434025729465
3.6041049053682905,0.27932441601001395,2.0204468698547955,2.158358840604772,-0.7787844321622022,1.911343341017544,2.041808106447638,-0.9791418335371411
3.612831551628262,0.2782058685105777,2.0217072266094736,2.167801921553857,-0.7791794253879567,1.916365243135732,2.0548476069087807,-0.9817411714409889
3.6215581978882336,0.2770873210111415,2.023568812173534,2.1765823842161187,-0.7794945968780861,1.9222867428877284,2.067641800373232,-0.9842426844767049
3.6302848441482056,0.2759687735117051,2.02604782435806,2.184719028485861,-0.7797325299575565,1.9291742196972865,2.080258706811339,-0.9866441282249968
3.639011490408177,0.2748502260122689,2.029160472369683,2.192230324310429,-0.7798949732689301,1.9370996085591574,2.0927711538427727,-0.9889385573472781
3.6477381366681487,0.2737316785128326,2.0329227292331664,2.1991344422047603,-0.7799828220386855,1.9461388480651054,2.105255113019987,-0.9911129131897328
3.6564647829281203,0.27261313101339635,1.9781449334857009,2.2587040733676043,-0.779996102135666,1.867534308498861,2.1324056080800924,-0.9862230430444657
3.6651914291880923,0.2714945835139601,1.0868986897612665,2.807071817528593,-0.7799339616187265,1.036101603510665,2.6758810537804534,-0.9914440816926611
3.673918075448064,0.2703760360145238,1.004829177774893,2.8457009590957147,-0.779794676173993,0.9618815420364807,2.724072197794883,-0.9938100492525992
3.6826447217080354,0.2692574885150876,1.0092860082621509,2.8524291740067746,-0.7795756767225196,0.9680556848672889,2.7359046444457826,-0.9951983181170815
3.691371367968007,0.26813894101565133,1.0157523955929801,2.8585500139159254,-0.7792736092966253,0.9758793881096267,2.746338625992129,-0.9963441477189122
3.7000980142279785,0.26702039351621504,1.021782840685267,2.8649448550417356,-0.7788844386097291,0.9833841559559015,2.757279987444247,-0.9973607225228361
3.7088246604879505,0.2659018460167788,1.0273761379841404,2.871629274039407,-0.7784036069279381,0.9905727098923702,2.7687596456862487,-0.9982356359170698
3.717551306747922,0.26478329851734256,1.0325210925514452,2.878617495148467,-0.7778262580361192,0.9974377999630747,2.7808070188677956,-0.9989542903514183
3.7262779530078936,0.2636647510179063,1.0371945228517436,2.8859221006174556,-0.7771475313475917,1.0039597367985216,2.7934486045980433,-0.9995000183871727
3.735004599267865,0.26254620351847,1.0413594369568349,2.8935537614060602,-0.7763629228246639,1.0101039326243828,2.8067062437131285,-0.9998544071134639
3.743731245527837,0.2614276560190338,1.044963634618578,2.9015210162356975,-0.7754686973267266,1.0158187143577733,2.8205951391508886,-0.9999978783200035
3.7524578917878086,0.26030910851959754,1.0479390121873278,2.9098301286810266,-0.7744623224663916,1.0210337340514246,2.835121783987396,-0.9999105583983278
3.76118453804778,0.25919056102016125,1.050201821802262,2.9184850491496124,-0.7733428797859471,1.0256593219352297,2.850282045266253,-0.9995734340891225
3.7699111843077517,0.258072013520725,1.0516540466857933,2.927487500186683,-0.772111399211897,1.0295870795950932,2.866059723125738,-0.9989697333968921
3.7786378305677233,0.25706986494443484,1.0521965431109905,2.9369291837012597,-0.7707570575075675,1.0327108459395389,2.8825399984655835,-0.9980793480572712
3.7873644768276953,0.25606771636814457,1.051706976345414,2.946713425455762,-0.7692971115238899,1.0348814659053798,2.899571057268683,-0.9968970847501474
3.796091123087667,0.25506556779185435,1.0500627822123745,2.9568370083765725,-0.7677389523579723,1.035951556513448,2.9171016753213137,-0.9954207857359492
3.8048177693476384,0.25406341921556425,1.0471411473408145,2.967295942068002,-0.7660916442921784,1.0357697229591163,2.9350726056925436,-0.9936551095526022
3.81354441560761,0.2530612706392741,1.0428228036087615,2.978085868668159,-0.7643654230819057,1.0341856297169307,2.9534198895358683,-0.9916115525016551
3.822271061867582,0.2520591220629838,1.0369950305499223,2.9892023775706322,-0.7625711114844447,1.0310544678847187,2.9720783378985063,-0.9893078698127843
3.8309977081275535,0.25105697348669365,1.0295536006654087,3.0006411831533017,-0.7607195245949532,1.0262403278325467,2.990984626266042,-0.9867670141901396
3.839724354387525,0.25005482491040343,1.0204035890772367,3.012398138720448,-0.7588209312807866,1.0196181935678061,3.0100795228354262,-0.9840157991079237
3.8484510006474966,0.24905267633411327,1.0094591370553183,3.02446908127415,-0.756884620181878,1.0110745037837243,3.0293089272328824,-0.9810835355611711
3.857177646907468,0.24805052775782307,0.9966423749988006,3.036849520432525,-0.7549185955575255,1.00050641486112,3.048623560847805,-0.978000885333519
3.86590429316744,0.24704837918153288,0.981881763219739,3.0495341972173984,-0.7529294059575367,0.9878200159017436,3.0679772575774455,-0.9747991409506982
3.8746309394274117,0.24604623060524272,0.9651101063812119,3.0625165432452954,-0.7509220916338682,0.9729277743265614,3.087323803322598,-0.9715101126818725
3.883357585687383,0.24504408202895253,0.9462624581595419,3.0757880689051516,-0.748900226550939,0.9557454389352849,3.1066121165847114,-0.9681668121699633
3.8920842319473548,0.24404193345266234,0.9252740766402962,3.0893377025127418,-0.7468660273717624,0.936188501389399,3.125779168592797,-0.9648052177479889
3.9008108782073267,0.24303978487637215,0.9020785339056409,3.103151093626858,-0.7448205032078784,0.9141680977257602,3.144739205725532,-0.961467673340628
3.9095375244672983,0.24203763630008196,0.876606034787972,3.1172098847158045,-0.7427636241997015,0.8895858319709856,3.1633660261006655,-0.9582091071884238
3.91826417072727,0.2410354877237918,0.8487819638014531,3.1314909474676553,-0.740694492388803,0.8623261652860339,3.181460840972089,-0.9551087648615528
3.9269908169872414,0.2400333391475016,0.8185256559207302,3.1459655738190984,-0.7386115036372377,0.83224300662661,3.1986875780379624,-0.9522939187306332
3.935717463247213,0.23903119057121142,0.7857493742221157,3.160598607282577,-0.7365124938650668,0.799131940590221,3.21442864776689,-0.9499918630462064
3.944444109507185,0.23802904199492123,0.7503574728316132,3.1753474971306073,-0.7343948663591533,0.7626669562786571,3.2274385189032566,-0.9486504400907677
3.9531707557671565,0.23702689341863104,0.7122457246577566,3.1901612560945636,-0.7322556993662428,0.722282506381031,3.235116179769049,-0.949169548793964
3.961897402027128,0.23602474484234087,0.6713007980445769,3.2049793011192254,-0.7300918347708857,0.6775896026168208,3.2350038274441406,-0.9522868021226755
3.9706240482870996,0.23502259626605068,0.6273998733529055,3.2197301561378073,-0.7278999495712519,0.632161187098771,3.244164565677086,-0.9522938774403783
3.9793506945470716,0.2340204476897604,0.5804103986721514,3.2343299956614757,-0.7256766122952968,0.5865838931784497,3.268731719864647,-0.9470972202657377
3.988077340807043,0.2331340398248709,0.5302158387080831,3.2487620752175617,-0.7233843854636947,0.5370743140902192,3.2907856306993972,-0.9424580773095573
3.9968039870670147,0.2322476319599815,0.4766318426739359,3.262832523128944,-0.7210523613183236,0.483448011627873,3.309493311928282,-0.9387430955140882
4.005530633326987,0.2313612240950919,0.4194956306621723,3.2764097289278125,-0.7186770119346416,0.42587480692408963,3.326233359114614,-0.935477594714577
4.014257279586958,0.2304748162302025,0.35863536908833754,3.2893418099236493,-0.716254815136192,0.3643476410050414,3.3417337836796976,-0.9323575964485519
4.02298392584693,0.2295884083653129,0.2938709469893339,3.3014540532295222,-0.7137822667603891,0.298756781504725,3.356343311012572,-0.9291855370599605
4.031710572106901,0.2287020005004235,0.22501509900541922,3.312546099205673,-0.7112558886120389,0.22893332264312108,3.3702279902621135,-0.9258078207616725
4.040437218366873,0.22781559263553391,0.15187494974341498,3.3223888667401935,-0.7086722331079096,0.15466589357126379,3.3834430479399744,-0.9220896648555831
4.049163864626845,0.22692918477064442,0.07425406640833922,3.330721231725505,-0.7060278854269364,0.07570794678776155,3.3959361146586673,-0.9179137755753867
4.057890510886816,0.22604277690575497,-0.008044881869938753,3.3372464846586762,-0.7033194638203112,-0.008214261394574615,3.4075099431286375,-0.9131963517355479
4.066617157146788,0.22515636904086542,-0.09521674961495753,3.341628612084812,-0.7005436186023928,-0.0973863124245721,3.417769345617941,-0.9079139834081089
4.075343803406759,0.22426996117597597,-0.18744970992236745,3.343488470078109,-0.6976970302341624,-0.1920805498895204,3.4260874777979136,-0.9021284016981657
4.084070449666731,0.22338355331108642,-0.28492010035402554,3.342399946326959,-0.6947764068225513,-0.29252636635893936,3.431629112872187,-0.895989801702324
4.092797095926703,0.22249714544619692,-0.3877862048017324,3.3378862404809997,-0.691778481288139,-0.3988879771964608,3.4334452182436612,-0.8897037106319617
4.101523742186674,0.22161073758130742,-0.4961808677052967,3.3294164295248128,-0.6887000083974983,-0.5112625566415914,3.4306158634362904,-0.8834617878183944
4.110250388446646,0.22072432971641792,-0.6102028580896046,3.3164025247402393,-0.6855377618120195,-0.6297101105481805,3.422422843142069,-0.8773382124464219
4.118977034706618,0.21983792185152834,-0.7299069327328374,3.2981972673730295,-0.682288531270157,-0.7543683144416992,3.4087298006184246,-0.8710441559251438
4.127703680966589,0.2189515139866389,-0.8552925904518149,3.2740929490800568,-0.6789491199926414,-0.8863562304355377,3.393005758309167,-0.8620243310360002
4.136430327226561,0.2180651061217494,-0.986291561679158,3.2433215782704763,-0.6755163423788257,-1.03096138006988,3.390213827492802,-0.8394056120088201
4.145156973486532,0.2171786982568599,-1.1227541364724112,3.2050567429392793,-0.6719870220454106,-1.1637978857528195,3.3222217936956207,-0.8540639262563424
4.153883619746504,0.2162922903919704,-1.2644344961553255,3.158417544410965,-0.6683579902454532,-1.3108921924545518,3.2744637322605947,-0.8497930072337879
4.162610266006476,0.21540588252708084,-1.4109752755999798,3.10247499662138,-0.6646260846948009,-1.4645931872988198,3.2203709181824216,-0.8430910945929384
4.171336912266447,0.2145194746621914,-1.561891643840889,3.036261306398167,-0.6607881488244358,-1.623838736574029,3.1566842316703463,-0.8352566902242616
4.180063558526419,0.21363306679730182,-1.7165552683033567,2.9587824688218585,-0.6568410314699222,-1.7879769902846656,3.0818902666268397,-0.8264625993033569
4.1887902047863905,0.2127466589324124,-1.8739979577870938,2.8691526387613293,-0.652781587003107,-1.956784538004297,2.9959016216496024,-0.8158042449996473
4.1975168510463625,0.2120014356315733,-2.025791661291681,2.772009391088788,-0.6485451757537529,-2.12408563517707,2.9065107931352365,-0.8000474156610045
4.2062434973063345,0.2112562123307342,-2.164451261532471,2.6734535565205144,-0.6441883472744306,-2.2879284982083163,2.8259682670188417,-0.7716644101291054
4.214970143566306,0.21051098902989515,-2.2908283060323282,2.574686858801685,-0.6397079598495132,-2.431088225125865,2.7323265079869965,-0.7536344145631543
4.223696789826278,0.209765765729056,-2.4059413525028197,2.476574074731223,-0.6351008827741036,-2.538784627734618,2.6133173129232983,-0.7654735089595499
4.232423436086249,0.209020542428217,-2.5107715004040108,2.379794347119593,-0.6303639987629942,-2.6415549546676225,2.5037553388319953,-0.7687175940589162
4.241150082346221,0.20827531912737784,-2.6062474314819704,2.2848714939214796,-0.6254942067502778,-2.7395269477781223,2.4017163352171353,-0.7656586706765377
4.249876728606193,0.20753009582653875,-2.6932368950435204,2.1922007973058513,-0.620488425066051,-2.8311078261503817,2.3044229214175433,-0.7595782428078134
4.258603374866164,0.20678487252569974,-2.772542799614256,2.1020721825869075,-0.6153435949769887,-2.916076513683049,2.2108958327211345,-0.7517498276129676
4.267330021126136,0.2060396492248606,-2.844902502822831,2.014689964910963,-0.6100566845786606,-2.994870609636357,2.1208936887834366,-0.742540575175013
4.276056667386108,0.2052944259240215,-2.9109892493952962,1.9301894743199703,-0.6046246930291602,-3.06825873765829,2.0344701448652076,-0.7318385757020358
4.284783313646079,0.20454920262318244,-2.97141498815704,1.8486509232013288,-0.5990446551157919,-3.1371970471956256,1.9517913992753166,-0.7192098093665991
4.293509959906051,0.20380397932234334,-2.9133904851445513,1.703824713505439,-0.6839214718397153,-3.0785158286871304,1.8003942061939422,-0.8241815336784762
4.302236606166022,0.20305875602150425,-2.963797824798045,1.6319917069550043,-0.679259325030892,-3.130132818376519,1.7235827486330852,-0.8193459231619019
4.310963252425994,0.20231353272066518,-3.0102704129881657,1.5629572437444557,-0.6744354525575815,-3.178173936662417,1.6501341390308797,-0.8138864879581276
4.319689898685966,0.20156830941982604,-3.0531941465746115,1.4966822076778983,-0.6694464077793885,-3.2231275289960486,1.5799839100102013,-0.8077287307524058
4.328416544945937,0.200823086118987,-3.092916042221282,1.4331129187761755,-0.6642887781611294,-3.2652835268444984,1.51297996515519,-0.8009169346226488
4.337143191205909,0.20007786281814793,-3.129747868717738,1.3721850564433322,-0.6589591925972066,-3.3048601797420356,1.448960089598078,-0.793520520071706
4.34586983746588,0.19933263951730884,-3.163969540316736,1.3138268101517028,-0.6534543290795916,-3.3420527041091974,1.3877751943083187,-0.785600503456554
4.354596483725852,0.19858741621646975,-3.1958322518223277,1.2579613964651808,-0.6477709227200991,-3.3770475906815927,1.3292923934542509,-0.7772014926613876
4.363323129985824,0.1978421929156306,-3.225561350815964,1.2045090579978137,-0.6419057741366745,-3.4100239203697384,1.2733922109512885,-0.7683530708990982
4.372049776245795,0.1970969696147916,-3.253358952124519,1.1533886400937454,-0.6358557582116364,-3.4411504997281526,1.2199649511922217,-0.7590741777154394
4.380776422505767,0.19635174631395244,-3.2794063058140934,1.1045188242877673,-0.629617833227661,-3.4705821626228106,1.1689077145025015,-0.7493781774405096
4.389503068765738,0.19560652301311343,-3.3038659336701652,1.0578190835902803,-0.6231890503842954,-3.4984564733965957,1.1201223339464736,-0.7392778056097917
4.39822971502571,0.19486129971227434,-3.3268835510513735,1.0132104129677837,-0.6165665636942034,-3.524891369515776,1.0735141718576209,-0.728789610176356
4.406956361285682,0.19421588183453187,-3.348618949933708,0.9705152783095212,-0.6097476402542756,-3.5500584758892124,1.0288975966676952,-0.7178936502321626
4.4156830075456535,0.19357046395678948,-3.3691572996908725,0.9297597630026616,-0.6027296708819181,-3.5739587534583017,0.9862772046593266,-0.7066637038744558
4.4244096538056255,0.192925046079047,-3.3886037621133447,0.8908722572086936,-0.5955101811015464,-3.5966517698166753,0.9455685897521142,-0.6951431666107568
4.4331363000655974,0.19227962820130456,-3.4070525705247325,0.8537840865243178,-0.5880868424606629,-3.6181841794313128,0.9066922246041923,-0.6833830606523852
4.4418629463255686,0.19163421032356215,-3.4245881343833826,0.8184296373819145,-0.5804574841485264,-3.638595812350952,0.8695745398936672,-0.6714374177484012
4.4505895925855405,0.1909887924458197,-3.4412860262377274,0.7847464242735847,-0.5726201048839352,-3.6579260572060894,0.8341487373509447,-0.6593571794886014
4.459316238845512,0.19034337456807734,-3.4572138634996037,0.7526751115378201,-0.5645728850316158,-3.676219097461015,0.800355062911268,-0.6471841217722278
4.468042885105484,0.18969795669033485,-3.472432096346926,0.7221595000157914,-0.5563141988996042,-3.693526791519594,0.7681404234987903,-0.6349464562213492
4.476769531365456,0.18905253881259243,-3.4869947119655476,0.6931464869002109,-0.5478426271625813,-3.70990872574242,0.7374574418322788,-0.622657232096648
4.485496177625427,0.18840712093485001,-3.5009498643065564,0.6655860054813617,-0.5391569693486641,-3.725429872717915,0.7082632096402202,-0.610315689300938
4.494222823885399,0.18776170305710757,-3.514340437577714,0.6394309501780383,-0.5302562563197456,-3.7401569197102833,0.6805180475439998,-0.5979107917715873
4.50294947014537,0.18711628517936515,-3.527204550809699,0.6146370911693206,-0.5211397626681664,-3.754154459152735,0.6541845088185426,-0.5854257100060264
4.511676116405342,0.1864708673016227,-3.5395760100382754,0.5911629820729347,-0.5118070189454907,-3.76748192845131,0.6292267337706031,-0.5728421030443152
4.520402762665314,0.18582544942388024,-3.5514847139195096,0.5689698634106123,-0.5022578236325663,-3.7801917063163932,0.6056101411274477,-0.5601434693181204
4.529129408925285,0.18518003154613785,-3.5629570179425682,0.5480215640296178,-0.49249225475389247,-3.7923283560194894,0.583301372010312,-0.5473173121037256
4.537856055185257,0.18453461366839544,-3.574016061817699,0.5282844021884782,-0.4825106810341959,-3.803928764380508,0.5622683833816569,-0.5343562135379631
4.546582701445229,0.18388919579065294,-3.5846820640907753,0.5097270876438319,-0.4723137724906078,-3.815022852990896,0.5424806031278951,-0.5212580812341179
4.5553093477052,0.18324377791291058,-3.594972587564495,0.4923206257772009,-0.4619025103504704,-3.825634573598728,0.5239090873137935,-0.5080258610086246
4.564035993965172,0.18259836003516808,-3.6049027786844148,0.4760382245625902,-0.4512781961827996,-3.835782979040628,0.5065266475275882,-0.49466696132976967
4.572762640225143,0.18195294215742572,-3.614485583670792,0.4608552049861957,-0.44044246013070854,-3.8454832424928944,0.49030793648655935,-0.4811925616378926
4.581489286485115,0.18130752427968322,-3.6237319438397133,0.4467489153800466,-0.42939726813294676,-3.854747561858317,0.4752294924164112,-0.46761690759408703
4.590215932745087,0.1806621064019408,-3.632650972254929,0.43369865001404906,-0.41814492802534453,-3.8635859287193526,0.4612697488134206,-0.45395664350419523
4.598942579005058,0.18001668852419841,-3.641250113581555,0.4216855722001555,-0.40668809441709763,-3.8720067656531567,0.4484090182235032,-0.44023019701586413
4.60766922526503,0.17937127064645594,-3.649535288770461,0.4106926420915263,-0.3950297722432342,-3.8800174470845312,0.43662945844297285,-0.42645721058937514
4.616395871525001,0.17880598445603588,-3.65751980551043,0.400624404319509,-0.38317331890251516,-3.887654248613387,0.4258320529678141,-0.41261315767933954
4.625122517784973,0.17824069826561567,-3.665197714990807,0.3915472768999135,-0.3711224448999192,-3.894891722290875,0.4160851245338156,-0.3987641189551008
4.633849164044945,0.17767541207519555,-3.6725711747018117,0.3834491975917701,-0.3588812129247705,-3.901736344789588,0.40737608597760894,-0.38493053107709674
4.642575810304916,0.1771101258847754,-3.679641269178601,0.376319660665117,-0.34645403530877156,-3.908194800506778,0.39969400100466684,-0.3711319564444389
4.651302456564888,0.17654483969435528,-3.6864080967120088,0.3701496695306684,-0.33384566982343716,-3.914274148085201,0.3930295410479522,-0.35738651036431524
4.6600291028248595,0.17597955350393518,-3.692870846789812,0.3649316944284756,-0.32106121379254093,-3.919981935705787,0.38737494737181916,-0.34371026294166485
4.6687557490848315,0.175414267313515,-3.6990278687686686,0.3606596352018099,-0.3081060965126915,-3.9253262635700814,0.38272399897828535,-0.330116625597893
4.6774823953448035,0.17484898112309488,-3.7048767321726133,0.35732878918013633,-0.2949860699934068,-3.9303157900301895,0.3790719864311064,-0.31661574163305223
4.686209041604775,0.17428369493267473,-3.7104142789191275,0.35493582419749803,-0.2817071980465581,-3.9349596770008404,0.3764156913893376,-0.3032139095112874
4.694935687864747,0.1737184087422546,-3.715636667687193,0.35347875677815643,-0.2682758437739795,-3.939267470743472,0.3747533714166319,-0.2899130754484662
4.703662334124719,0.17315312255183443,-3.7199837853724276,0.3587655786885427,-0.25469865552048176,-3.9423803542487708,0.3802141221055887,-0.2776843427120408
4.71238898038469,0.17258783636141434,-3.7675035704586626,0.19025766711234443,-0.10929675781599658,-3.9922985438559877,0.20160973789802647,-0.07225882295873552
4.721115626644662,0.17202255017099416,-3.727536794661339,-0.591340284757923,-0.09534471884522476,-3.9440644144917485,-0.6256904498728196,-0.11482173657484683
4.729842272904633,0.17145726398057407,-3.7274843075274733,-0.6017876029393026,-0.08131442823390114,-3.944121397968769,-0.6367628046057824,-0.09794154258172294
4.738568919164605,0.17089197779015391,-3.728509276271481,-0.6038979683488912,-0.0672137994529426,-3.945271240403338,-0.6390063991063563,-0.08135216992470706
4.747295565424577,0.17032669159973374,-3.729110034379414,-0.6070311445547564,-0.05305087661783364,-3.945957085609451,-0.6423298921079107,-0.06484924069624742
4.756022211684548,0.16976140540931364,-3.7292802018251345,-0.6111933101353427,-0.03883381293771834,-3.946178664322735,-0.6467408909238004,-0.0484665503460459
4.76474885794452,0.16919611921889346,-3.7290125487638273,-0.6163919879320752,-0.02457084882143974,-3.9459363135668313,-0.6522486842741024,-0.032239155188999086
4.773475504204491,0.16863083302847337,-3.7282989631343955,-0.6226360551383167,-0.01027028980547646,-3.9452309916125907,-0.6588642932116022,-0.016203504580342715
4.782202150464463,0.16806554683805325,-3.7271304080195558,-0.6299357571913713,0.0040595155321702684,-3.944064286382098,-0.666600534638582,-0.0003975250958693211
4.790928796724435,0.16750026064763307,-3.725496868361189,-0.6383027254097867,0.018410197511182565,-3.9424384079194734,-0.6754720965963908,0.015139411121637178
4.799655442984406,0.16693497445721298,-3.7233872865547015,-0.6477499982924676,0.03277338698585983,-3.9403561456291984,-0.6854956227142206,0.03036675316614162
4.808382089244378,0.1663696882667928,-3.720789486366261,-0.6582920463618674,0.04714073653192475,-3.937820753689304,-0.6966897997456858,0.04524347729813299
4.817108735504349,0.1658044020763727,-3.717690084529091,-0.669944800393034,0.06150394104473455,-3.9348356988144966,-0.7090754357905474,0.05972957116028298
4.825835381764321,0.16534083424856108,-3.714059575553837,-0.6827633424139974,0.07593414074812714,-3.9313919521672376,-0.7227160079145812,0.07385207959182104
4.834562028024293,0.16487726642074949,-3.7098934280116613,-0.6967285851605503,0.0903434760362158,-3.9275022934552086,-0.7375961518119551,0.08751213411938132
4.843288674284264,0.16441369859293792,-3.705173925898513,-0.7118610987155544,0.10472380294601212,-3.9231660665736516,-0.7537431069224237,0.10069983575172749
4.852015320544236,0.1639501307651263,-3.699881653250987,-0.7281830521096587,0.11906709437910039,-3.918376786170793,-0.7711856310221084,0.11343620887154185
4.860741966804208,0.16348656293731464,-3.6939953301789803,-0.7457182538439506,0.13336545625930082,-3.9131176473971996,-0.789953153233034,0.1257924872313278
4.869468613064179,0.1630229951095031,-3.6874916302380782,-0.7644921934365886,0.14761114253069826,-3.9073550902637875,-0.8100743711514599,0.13791461793580861
4.878195259324151,0.1625594272816915,-3.6803449775552535,-0.7845320832355087,0.16179656895116334,-3.901030754809454,-0.8315752472936493,0.15004761533609762
4.886921905584122,0.16209585945387991,-3.672527321925591,-0.8058668995746929,0.17591432565055956,-3.8940536205054492,-0.8544766703842958,0.16254647131643934
4.895648551844094,0.16163229162606832,-3.664007889882699,-0.8285274221559528,0.18995718843638318,-3.8862961931353572,-0.878792585442826,0.17585288640490018
4.904375198104066,0.16116872379825667,-3.654752909511134,-0.8525462703021716,0.2039181288424098,-3.8775998327870567,-0.9045298976474782,0.19042111589793045
4.9131018443640375,0.16070515597044513,-3.6447253065147125,-0.8779579344460434,0.21779032292774833,-3.867792099263346,-0.9316912734867213,0.20660299341464805
4.9218284906240095,0.1602415881426335,-3.6338843687798086,-0.9047988008813374,0.23156715884455975,-3.856712319960704,-0.9602806056309523,0.22454123657991149
4.930555136883981,0.1597780203148219,-3.622185376378612,-0.933107167400492,0.24524224320230548,-3.8442347202095037,-0.9903090532002552,0.24413151148206325
4.939281783143953,0.15931445248701032,-3.609579193645039,-0.9629232469599607,0.2588094062651854,-3.8302785728001476,-1.0217989638724023,0.26507268679006635
4.948008429403925,0.1588508846591987,-3.5960118196285125,-0.9942891559395162,0.2722627060265311,-3.8148029866346764,-1.0547844200490912,0.2869673168772222
4.956735075663896,0.15838731683138713,-3.5814238928922957,-1.0272488828752953,0.2855964312103305,-3.797792545745118,-1.0893092431061522,0.30941583084216556
4.965461721923868,0.1579237490035755,-3.5657501462804406,-1.0618482327289935,0.2988051032549691,-3.779242182016276,-1.1254242354066593,0.33207245233272514
4.974188368183839,0.15746018117576394,-3.54891880694046,-1.09813474078225,0.3118834773383097,-3.7591463180733857,-1.1631850127106396,0.3546626481514242
4.982915014443811,0.15699661334795234,-3.5308509365709786,-1.1361575490907083,0.32482654250601867,-3.7374931630930917,-1.2026509043304563,0.37697691193692673
4.991641660703783,0.15653304552014072,-3.5114597065847026,-1.1759672370611416,0.337629520967039,-3.714262791491323,-1.2438847993723072,0.3988553675562561
5.000368306963754,0.15606947769232915,-3.4906496026622795,-1.2176155960946013,0.35028786662110917,-3.689427214274067,-1.2869536126827892,0.4201718950037447
5.009094953223726,0.15560590986451753,-3.468315553058285,-1.2611553363236156,0.36279726288335556,-3.6629510802464162,-1.3319290678357398,0.4408213643720901
5.017821599483698,0.15514234203670593,-3.44434197505256,-1.3066397112185084,0.37515361987051915,-3.634792224803662,-1.3788885939190931,0.4607105936153967
5.026548245743669,0.15467877420889434,-3.4186017341812307,-1.354122043193298,0.3873530710121419,-3.6049017749080283,-1.4279162466167592,0.47975228832223654
5.035274892003641,0.15429984177488898,-3.390905871193912,-1.4036849866300147,0.3994489736185217,-3.573163628544292,-1.4791316334576095,0.4979390879238041
5.044001538263612,0.15392090934088368,-3.3611460798727073,-1.4553499140732797,0.4113796589153394,-3.539570755340084,-1.5326064003845898,0.5151019446435819
5.052728184523584,0.1535419769068783,-3.329153258484784,-1.509166078750816,0.4231418571612915,-3.504056319855844,-1.5884528363124106,0.5311403384730867
5.061454830783556,0.15316304447287293,-3.294741628328939,-1.5651794303758853,0.4347325054207607,-3.466553372987076,-1.6467992473362525,0.5459310266994112
5.070181477043527,0.15278411203886758,-3.2577072122909385,-1.6234312612118613,0.4461487421796711,-3.427007735390467,-1.7077997276910857,0.5593026189314014
5.078908123303499,0.15240517960486225,-3.2178262251051626,-1.6839565667955578,0.45738790171316146,-3.3854057609847654,-1.771654484633177,0.5709863741455793
5.08763476956347,0.1520262471708569,-3.1748533884473584,-1.7467820704255936,0.46844750824985276,-3.3418247621608157,-1.838648549343423,0.5805294194794722
5.096361415823442,0.15164731473685153,-3.1285201918655163,-1.811923853141184,0.47932526997414737,-3.296477206824891,-1.9091983800880004,0.5872085073969269
5.105088062083414,0.15126838230284617,-3.0785331309546446,-1.879384523093792,0.4900190729046245,-3.2494029888020703,-1.9836972436790363,0.5904750569043679
5.113814708343385,0.15088944986884084,-3.0245719677208633,-1.9491498502318148,0.5005269746833471,-3.198216085640942,-2.0610527608088107,0.5935422451367648
5.122541354603357,0.15051051743483548,-2.9662880754952137,-2.0211847845307345,0.510847198307646,-3.135958577923253,-2.1367957532442112,0.6069361141505203
5.1312680008633285,0.15013158500083015,-2.9033029528788994,-2.095428769316119,0.5209781258328614,-3.062302952180069,-2.2101853683567185,0.6300084965421118
5.1399946471233005,0.1497526525668248,-2.835207018940471,-2.1717902565833715,0.5309182920716261,-2.982816747924944,-2.2848604377178665,0.6529931277310582
5.1487212933832724,0.1493737201328194,-2.761558836177766,-2.2501403301041973,0.5406663783124179,-2.8991114415492825,-2.362219298258918,0.6729998124470722
5.1574479396432436,0.14899478769881408,-2.6818849494685923,-2.330305346593743,0.5502212060775399,-2.8107881792604457,-2.4423101086312338,0.6901897290782857
5.1661745859032155,0.14861585526480872,-2.5956805790060304,-2.4120585180851153,0.5595817309382626,-2.71720034672004,-2.5249818081081665,0.7049332727795786
5.1749012321631875,0.14823692283080336,-2.5024114632144188,-2.495110383590558,0.5687470364025352,-2.6177521866540276,-2.6101145869102407,0.7173975764303998
5.183627878423159,0.14785799039679803,-2.401517213197507,-2.579098159798062,0.5777163278886553,-2.5119316741751927,-2.697677252863769,0.727516187499269
5.192354524683131,0.14747905796279268,-2.292416611356098,-2.6635740246947766,0.5864889267963818,-2.399414019344783,-2.7878950208071456,0.7348283171624561
5.201081170943102,0.14710012552878735,-2.1745153593429736,-2.7479924813455936,0.5950642646852152,-2.2803238960404277,-2.88170552322295,0.7380070259282289
5.209807817203074,0.14672119309478196,-2.0472168474709234,-2.831697078943039,0.6034418775680584,-2.1544320425880557,-2.979996442152438,0.7357794235683384
5.218534463463046,0.1463422606607766,-1.909936568039936,-2.9139069419241124,0.6116214003270162,-2.0115437708156567,-3.0689246207685503,0.7428886297730678
5.227261109723017,0.14596332822677127,-1.762120812863844,-2.9937037810897706,0.6196025612568467,-1.847890363358213,-3.1394194583253494,0.7659578501285219
5.235987755982989,0.1455843957927659,-1.6034635263658081,-3.069919396570431,0.627385176740492,-1.6759071184549756,-3.208616650892033,0.7846579622166548
5.24471440224296,0.1452771916627441,-1.4418252599911492,-3.13752644912272,0.6350018102694676,-1.5044463316469108,-3.2737948819517912,0.7977954451696845
5.253441048502932,0.14496998753272225,-1.2858990012123284,-3.1931855413140804,0.6424182521154266,-1.3411190659947718,-3.330309772911963,0.8072542600720566
5.262167694762904,0.14466278340270042,-1.1363091142403576,-3.2381239372179076,0.6496345339585071,-1.1857300168272285,-3.3789579811060833,0.8139283031729043
5.270894341022875,0.14435557927267859,-0.993318458549933,-3.2735769076356265,0.6566507566874672,-1.0381176920243402,-3.421217107935221,0.8179774267750712
5.279620987282847,0.14404837514265675,-0.857053348858081,-3.3006796514449976,0.6634670857436933,-0.8979339748897905,-3.45811891781153,0.8196978978420865
5.288347633542818,0.14374117101263492,-0.7275313792004202,-3.3204652923867144,0.6700837466061977,-0.7639590880472806,-3.4867219602985564,0.8220366244400812
5.29707427980279,0.1434339668826131,-0.6046853225586171,-3.3338665564513943,0.6765010204172557,-0.634724176246118,-3.4994824991026037,0.8307948445251099
5.305800926062762,0.14312676275259123,-0.48838328885037,-3.3417199637437127,0.6827192397476693,-0.5112393808005496,-3.4981107750322575,0.8446800596045649
5.314527572322733,0.14281955862256943,-0.37844545957788633,-3.344771623768879,0.6887387845004698,-0.3949649424636008,-3.4907738975366844,0.8583604749282556
5.323254218582705,0.1425123544925476,-0.2746577833124291,-3.343683943929757,0.694560077951513,-0.28595229222366264,-3.4811832991113443,0.8700814691450438
5.331980864842677,0.14220515036252573,-0.17678303471777448,-3.3390427442346557,0.700183582925112,-0.1837264329856438,-3.470188267580112,0.879959619086174
5.340707511102648,0.14189794623250393,-0.08702970373124862,-3.428271645765822,0.6511805727293616,-0.09096025816135615,-3.5831039355147145,0.8115677640203713
5.34943415736262,0.14159074210248207,0.0023073195056359385,-3.418696682882362,0.6580975883047456,0.0024121166103390672,-3.5739718900433735,0.8188744317857698
5.358160803622591,0.14128353797246027,0.08640139394757591,-3.406842336487671,0.6648208543222781,0.09037256277671472,-3.563427149235705,0.8253831806355587
5.366887449882563,0.1409763338424384,0.16551312984415278,-3.3930657120324446,0.6713504747719472,0.17324198518308012,-3.551509420205121,0.8313613225088362
5.375614096142535,0.14066912971241657,0.2398983930428235,-3.3776790021188647,0.6776865888816277,0.2512885052718824,-3.5380474915443103,0.8371586748047752
5.3843407424025065,0.14036192558239477,0.30980598783794105,-3.3609546978754645,0.683829367817256,0.32471169157263574,-3.522660400666683,0.8432035845958604
5.3930673886624785,0.1400547214523729,0.3754760189472029,-3.3431302911679746,0.6897790114913184,0.3936442427907111,-3.504894921671563,0.849907897319841
5.40179403492245,0.1397475173223511,0.43713878962750474,-3.324412488775843,0.695535745477689,0.4581872429802026,-3.4844846280036395,0.8575024639570584
5.410520681182422,0.13944031319232925,0.49501411892229336,-3.304980968792789,0.7010998180308939,0.5184654068754426,-3.461554402592168,0.8659292756926428
5.419247327442394,0.13913310906230741,0.5493109830360011,-3.2849917144464014,0.706471497207657,0.5746619713417429,-3.436595795029534,0.8748956017050965
5.427973973702365,0.13882590493228558,0.6002274042400949,-3.2645799625385203,0.7116510680885827,0.6270123568385837,-3.4102607810630827,0.8840337251730634
5.436700619962337,0.13851870080226375,0.6479505259678481,-3.2438628037270516,0.7166388300977703,0.6757744870332412,-3.383159106045135,0.8930331781141946
5.445427266222308,0.13821149667224195,0.6926568252860603,-3.2229414705927435,0.7214350944180816,0.721201794750185,-3.3557615952262316,0.9016890096461182
5.45415391248228,0.1379762691020819,0.734583375236767,-3.201887070448241,0.7260401814997959,0.7636084873670027,-3.328401138668418,0.909879699434382
5.462880558742252,0.13774104153192188,0.7738138586896259,-3.1807895823326824,0.7304544186603094,0.8031253193034212,-3.3012753910531365,0.9175751897732379
5.471607205002223,0.13750581396176187,0.8104948847415703,-3.159713952949251,0.7346781377726005,0.8399422403978358,-3.274514456069303,0.9247707177038484
5.480333851262195,0.13727058639160183,0.8447639725642291,-3.1387159235881312,0.7387116730401121,0.8742299413896606,-3.2481965697331123,0.9314823965286497
5.489060497522167,0.1370353588214418,0.8767500135623363,-3.117843213964646,0.7425553588557566,0.9061425545082734,-3.2223671180557547,0.9377359927348826
5.497787143782138,0.13680013125128182,0.906573736022109,-3.0971365574931906,0.7462095277427826,0.9358199562620617,-3.1970507004630746,0.943560642503745
5.50651379004211,0.13656490368112179,0.9343481643688866,-3.076630606342511,0.7496745083752177,0.963389608785863,-3.172258553346631,0.9489855463692971
5.515240436302081,0.13632967611096178,0.9601790672832413,-3.0563547224827885,0.752950623675693,0.9889680148892801,-3.1479930834605856,0.9540383457597096
5.523967082562053,0.13609444854080177,0.9841653905928399,-3.036333669002771,0.7560381889884918,1.0126618832688872,-3.1242506603822915,0.9587444081242024
5.532693728822025,0.1358592209706417,1.006399672155838,-3.0165882142414597,0.7589375103256754,1.0345690854802212,-3.101023377117062,0.9631265833415289
5.541420375081996,0.13562399340048173,1.0269684369544527,-2.997135659733019,0.7616488826842771,1.0547794653469822,-3.078300203773231,0.967205192245376
5.550147021341968,0.1353887658303217,1.0459525713862508,-2.977990301593072,0.7641725884325741,1.0733755435365007,-3.056067785542527,0.970998120142375
5.558873667601939,0.1351535382601617,1.0634276763231405,-2.9591638337642396,0.7665088957635136,1.0904331465505712,-3.0343110323843807,0.9745209501512306
5.567600313861911,0.13491831069000168,1.079464398943239,-2.9406657004734162,0.7686580572135128,1.106021979687207,-3.0130135860153517,0.9777871049457758
5.576326960121883,0.13468308311984162,1.0941287436608036,-2.9225034043182614,0.7706203082448995,1.1202061566095576,-2.9921582128223814,0.9808079835719131
5.585053606381854,0.13444785554968164,1.1074823627090669,-2.9046827755810862,0.7723958658903713,1.1330446931949238,-2.971727148987045,0.9835930894055789
5.593780252641826,0.1342126279795216,1.1195828270890873,-2.8872082076518137,0.7739849274579826,1.1445919697787548,-2.9517024105753076,0.9861501498717569
5.602506898901797,0.1339774004093616,1.130483878701866,-2.8700828628159414,0.7753876692952607,1.1548981634176572,-2.9320660732719483,0.9884852303815284
5.611233545161769,0.13374217283920156,1.1402356645434033,-2.853308852116716,0.7766042456112071,1.164009650164274,-2.9128005218929722,0.9906028452662786
5.619960191421741,0.13350694526904155,1.1488849538717094,-2.836887392524451,0.7776347873550667,1.171969376433677,-2.8938886676382563,0.9925060679980312
5.6286868376817125,0.13327171769888155,1.1564753392610108,-2.820818944230064,0.7784794011508952,1.1788171982299007,-2.8753141304992607,0.9941966421141752
5.6374134839416845,0.1330364901287215,1.1630474224458394,-2.8051033305173045,0.7791381682871358,1.1845901871704947,-2.8570613847732527,0.9956750932907085
5.6461401302016565,0.13280126255856148,1.1686389858318988,-2.7897398423523145,0.7796111437605737,1.1893229027671646,-2.8391158668301744,0.996940842110405
5.654866776461628,0.13256603498840147,1.1732851505165875,-2.774727329552579,0.7798983553742415,1.1930476311567209,-2.8214640457786286,0.997992316361843
5.6635934227216,0.13239949434183804,1.1770722318636238,-2.7600413750177,0.779999802889047,1.1958601441910708,-2.804095948705041,0.9988257032587451
5.672320068981571,0.13223295369527463,1.1799759479637977,-2.7457030688239823,0.7799154572291258,1.1977228871115406,-2.7869986777423477,0.9994399350725596
5.681046715241543,0.1320664130487112,1.1820243052833748,-2.7317104147823716,0.779645259741164,1.198662387456708,-2.770161758085336,0.9998311652996626
5.689773361501515,0.13189987240214776,1.183243160891705,-2.718061232897592,0.7791891215082055,1.1987035389903786,-2.753575703417984,0.9999949547849144
5.698500007761486,0.13173333175558435,1.1836563241037505,-2.7047532041985862,0.7785469227187505,1.1978697032546204,-2.7372319583926417,0.9999263546947703
5.707226654021458,0.13156679110902095,1.183285648725771,-2.6917839091754012,0.7777185120922764,1.1961827921769683,-2.7211228293707443,0.9996199802377849
5.715953300281429,0.1314002504624575,1.1821511164105587,-2.6791508605124794,0.7767037063626688,1.1936633349008277,-2.705241408198347,0.9990700746722996
5.724679946541401,0.1312337098158941,1.1802709115821992,-2.6668515307096783,0.7755022898214373,1.1903305317818205,-2.689581493182238,0.9982705635508423
5.733406592801373,0.13106716916933067,1.177661488344518,-2.654883375095012,0.774114013923043,1.186202298164865,-2.674137510707243,0.9972150995080001
5.742133239061344,0.13090062852276727,1.1743376297396613,-2.643243850655723,0.7725385969551264,1.1812953001652615,-2.658904440167305,0.9958970981844497
5.750859885321316,0.13073408787620383,1.168416705843615,-2.632772596003603,0.7707757237769995,1.1741292059003863,-2.645644470848355,0.9944171733110142
5.759586531581287,0.13056754722964042,1.6365432330588154,-2.355774594384527,0.7688250456303457,1.6536689832092482,-2.380426804175991,0.9948311492309395
5.768313177841259,0.130401006583077,1.8042730251272467,-2.214540602136517,0.7666861800267738,1.8262840981087256,-2.2415566989994833,0.9940797865721064
5.777039824101231,0.13023446593651355,1.795771336550732,-2.2060901245621625,0.7643587107176542,1.8152721081089187,-2.2300466599407094,0.9922156948398314
5.785766470361202,0.13006792528995015,1.789220048803037,-2.196078131331978,0.7618421877525259,1.8061954908828055,-2.216913688783959,0.9900883245604397
5.794493116621174,0.1299013846433867,1.7832310447924815,-2.185635927504984,0.759136127633374,1.7975803379055753,-2.2032232898682986,0.9876778384572895
5.803219762881146,0.1297348439968233,1.7778007875587236,-2.1747668038362713,0.7562400135732357,1.7894157642819206,-2.1889752944510303,0.984974357865472
5.811946409141117,0.12956830335025987,1.7729263823118528,-2.16347286540803,0.7531532958688752,1.781691971944014,-2.174169370072682,0.9819674224850894
5.820673055401089,0.12940176270369647,1.7686055708602213,-2.1517550293616488,0.7498753923988083,1.7744003543791285,-2.15880519067874,0.978646076559309
5.82939970166106,0.12923522205713306,1.7648367261391367,-2.139613016379922,0.7464056892596903,1.767533617048058,-2.1428826122620905,0.9749989801740246
5.838126347921032,0.12906868141056962,1.7616188467619094,-2.127045335798184,0.7427435415561027,1.761085910763321,-2.1264018486828182,0.9710145483942306
5.846852994181004,0.1289021407640062,1.7589515514866352,-2.114049264174485,0.7388882743611659,1.7550529741880811,-2.1093636408198395,0.9666811200928177
5.8555796404409755,0.12873560011744278,1.7568350734645966,-2.100620817095412,0.7348391838681155,1.7494322804757751,-2.091769410784232,0.9619871571439155
5.8643062867009474,0.12856905947087935,1.7552702541035878,-2.0867547139401688,0.7305955387563039,1.7442231819834086,-2.073621391724899,0.9569214731535732
5.8730329329609186,0.12846891881207068,1.7542736850266987,-2.072431512291695,0.7261565817988525,1.7394633415366805,-2.054935141674866,0.9514841384954291
5.8817595792208905,0.12836877815326198,1.7538311845759103,-2.0576567609277903,0.7215215317437437,1.7351171410459298,-2.035700783332904,0.9456551688443045
5.8904862254808625,0.1282686374944533,1.7539453184044942,-2.0424210474553632,0.7166895855055851,1.7311900554745934,-2.015923170092409,0.9394258073550558
5.899212871740834,0.12816849683564463,1.7546192272223469,-2.026713448220368,0.7116599207116825,1.7276898645056145,-1.9956080660820417,0.9327887556593621
5.907939518000806,0.12806835617683593,1.7558566147756827,-2.010521451967007,0.7064316986538475,1.7246266833182697,-1.9747620131778616,0.9257384774874058
5.916666164260777,0.12796821551802726,1.7576617334988751,-1.993830873469763,0.7010040677067627,1.7220129505586956,-1.953392123127135,0.9182714909116657
5.925392810520749,0.12786807485921856,1.7600393672783041,-1.9766257563666338,0.6953761672850312,1.7198633706482078,-1.9315057941639984,0.9103866385920895
5.934119456780721,0.12776793420040988,1.7629948106701043,-1.958888264327749,0.6895471324249567,1.7181948102579878,-1.9091103554433677,0.9020853262945122
5.942846103040692,0.1276677935416012,1.7665338437989577,-1.9405985595913924,0.6835160990940051,1.7170261518337544,-1.8862126467182159,0.8933717219489516
5.951572749300664,0.1275676528827925,1.7706627020311982,-1.9217346677891372,0.67728221035189,1.7163781103242435,-1.8628185446391081,0.8842529106780704
5.960299395560636,0.12746751222398384,1.7753880393588508,-1.9022723278620168,0.6708446235130306,1.7162730226321876,-1.8389324506142,0.8747390055946965
5.969026041820607,0.12736737156517516,1.7807168842471937,-1.882184825741663,0.6642025184925215,1.7167346227540143,-1.8145567582119904,0.8648432198136007
5.977752688080579,0.12726723090636646,1.7866565864833115,-1.8614428103319236,0.6573551075581474,1.7177878193021867,-1.7896913207084724,0.854581912276854
5.98647933434055,0.1271670902475578,1.7932147533105083,-1.840014090179587,0.6503016467621272,1.7194584966680673,-1.7643329420011826,0.8439746292576408
5.995205980600522,0.1270669495887491,1.800399172837778,-1.817863409066235,0.6430414493910395,1.7217733676559979,-1.7384749176668295,0.833044176137667
6.003932626860494,0.12696680892994042,1.8082177223665807,-1.7949521985899701,0.6355739018554741,1.7247599162727312,-1.7121066592034908,0.8218167730607348
6.012659273120465,0.12686666827113174,1.816678258871372,-1.7712383056356746,0.6278984825477771,1.728446488864446,-1.685213446777401,0.810322379038048
6.021385919380437,0.12676652761232304,1.825788488395109,-1.746675692460352,0.6200147843351165,1.7328626286248985,-1.657776380468151,0.7985953236292359
6.030112565640408,0.12666638695351437,1.8355558105656735,-1.721214106949991,0.6119225415368333,1.7380398206921204,-1.6297726501130965,0.7866754879205641
6.03883921190038,0.12656624629470567,1.845987133792183,-1.6947987204426376,0.6036216624749641,1.7440129624311131,-1.6011763479042624,0.7746104813704041
6.047565858160352,0.126466105635897,1.8570886559476762,-1.6673697303700343,0.5951122690066638,1.7508231901079343,-1.5719602729069284,0.7624596959515161
6.056292504420323,0.12636596497708832,1.8688656044741259,-1.638861924860229,0.5863947448776011,1.7585234188862187,-1.5420996931443924,0.7503021083605637
6.065019150680295,0.12626582431827962,1.8813219288447616,-1.6092042063856777,0.5774697953206483,1.7671897576798605,-1.5115803137883763,0.7382521453020696
6.073745796940266,0.12616568365947095,1.8944599371781916,-1.578319071562415,0.5683385211289965,1.7769469269929454,-1.4804162225803745,0.7264946038567767
6.082472443200238,0.12613302961673928,1.9082772344975036,-1.5461252941049926,0.5590025115530523,1.7880281639400561,-1.448697034614991,0.7153693953606665
6.09119908946021,0.12610037557400763,1.9227723082775912,-1.512530053618896,0.549463961949861,1.8009658546738339,-1.4167121967633143,0.7056186193441731
6.0999257357201815,0.12606772153127596,1.9379396720760083,-1.4774332519775406,0.5397258243723353,1.8172023175394212,-1.3853863297134101,0.6991903609459585
6.1086523819801535,0.12603506748854432,1.9537699960115107,-1.4407258322912373,0.5297920025648841,1.8411323132166713,-1.3576658919588362,0.7017539150069771
6.1173790282401255,0.12600241344581264,1.9702492974458417,-1.4022890072399812,0.5196676076729804,1.868967617112538,-1.3302036182740757,0.7082217448072324
6.126105674500097,0.125969759403081,1.9873579986062628,-1.36199343671775,0.5093592982532987,1.8760929190119455,-1.2857402864299736,0.6881068507488867
6.134832320760069,0.12593710536034933,2.005069835438906,-1.3196983590122506,0.4988757393381157,1.8845221009954671,-1.2403561612913285,0.6682711482346966
6.14355896702004,0.12590445131761765,2.0233506044553504,-1.2752506829533092,0.4882282328277267,1.8958135677702794,-1.1948683247123073,0.6510225753906996
6.152285613280012,0.125871797274886,2.04215674106626,-1.2284840523885567,0.47743159966865795,1.9085647352539206,-1.1481201677920345,0.6347533421110223
6.161012259539984,0.12583914323215434,2.0614337377745002,-1.1792178984673374,0.46650544091166646,1.9221488093551518,-1.0995416626664443,0.6187578018325618
6.169738905799955,0.1258064891894227,2.081114441208216,-1.1272564977090647,0.4554759844319862,1.9362567936435302,-1.048792900884788,0.6027334843185965
6.178465552059927,0.12577383514669102,2.1011173287195577,-1.0723880492047995,0.4443788653830915,1.9507012132389996,-0.9956172556635078,0.5865525081936329
6.187192198319898,0.12574118110395935,2.121344991218156,-1.014383756169289,0.43326344994307764,1.9653444417869599,-0.9397874863727297,0.5701810830047301
6.19591884457987,0.1257085270612277,2.141683315099621,-0.9529967937116761,0.422199820637458,1.9800709786189925,-0.8810832491626646,0.5536548256696813
6.204645490839842,0.12567587301849603,2.162002453456258,-0.8879606832870343,0.4112905885304107,1.9947785566988228,-0.8192797965520195,0.5370813368653723
6.213372137099813,0.1256432189757644,2.1821621340103254,-0.8189852025004328,0.4006919605402745,2.0093823938787043,-0.7541394019734045,0.5206658711684725
6.222098783359785,0.12561056493303271,2.202027670900489,-0.7457412176135488,0.3906529622437096,2.023838322071202,-0.685395408286195,0.5047717620206802
6.230825429619756,0.12557791089030107,2.221507508556075,-0.6677736627373992,0.38156860949206056,2.038199241775085,-0.6126721462010232,0.4900242006021805
6.239552075879728,0.1255452568475694,2.240754222541452,-0.5827404937496955,0.3735929323225323,2.0528907019455076,-0.5338838723280611,0.47714807237134677
6.2482787221397,0.12551260280483773,2.211237093735193,-0.5046191645247681,0.26963042834100176,1.9928496274798593,-0.45478167713968853,0.29363756027290155
6.257005368399671,0.12547994876210608,2.200782636903211,-0.3122385780485153,-0.06628862488508852,1.9831517485195267,-0.2813619444414931,-0.07755060457643441
6.265732014659643,0.1254472947193744,2.2142449959025496,-0.21624031600308108,-0.08620971228110458,1.9953416810288727,-0.19486250005678768,-0.09820822789696838
6.274458660919615,0.12541464067664274,2.2449714699084717,-0.10307592294608167,-0.20468933421531305,2.0233595229419166,-0.09290080211464097,-0.22434897478256724
