"tau","bridgeWeight","X","Y","Z"
0,0,4,0,0.25
0.0008340283569641367,0.002286794353045894,3.849568478884896,0.0630256677205901,0.22647964452137168
0.0016680567139282735,0.005866956807492383,3.753160125978467,0.12625946668725682,-0.00431299855263341
0.0025020850708924102,0.006808225892744152,3.7492862359551355,0.18925548532723654,0.020530533467441166
0.003336113427856547,0.011068259286234297,3.840094143934684,0.2515877400485725,0.3070718695739255
0.004170141784820684,0.012009756195972566,3.8306094939888116,0.3141217358985607,0.33161722813352823
0.0050041701417848205,0.012954108821821492,3.8213223241612924,0.376401010768222,0.357423032054838
0.005838198498748957,0.013897807898448017,3.8105351782105203,0.4383876052075591,0.3832259621657086
0.006672226855713094,0.014840499834577577,3.798160030134548,0.5000359843886848,0.40893508843428167
0.007506255212677231,0.01578200197778834,3.784185941318794,0.5613006890964805,0.4345152725571259
0.008340283569641367,0.01672216597652445,3.7686187018880695,0.6221366984138486,0.45994264016109465
0.009174311926605505,0.01766085451451262,3.751470420293054,0.6824995445696421,0.48519690816430894
0.010008340283569641,0.018597935151257,3.7327566611717833,0.7423453895899105,0.5102592958958081
0.010842368640533777,0.019533278263855126,3.712495417449303,0.8016310918464263,0.5351117959345053
0.011676396997497914,0.020466756267823818,3.6907066632566976,0.8603142685575974,0.5597368769822709
0.012510425354462052,0.02139824331297952,3.6674121254135548,0.9183533559079853,0.5841173504246921
0.013344453711426188,0.0223276151794188,3.6426351476375007,0.9757076672952862,0.6082363072818043
0.014178482068390324,0.023254749266115718,3.616400597536582,1.032337449846328,0.6320770884713736
0.015012510425354461,0.024179524625550643,3.5887347944444463,1.0882039392111331,0.6556232720594651
0.0158465387823186,0.025101822022431584,3.559665447662675,1.1432694125921214,0.6788586696994603
0.016680567139282735,0.02602152400543693,3.52922159982381,1.1974972399444253,0.701767328276607
0.01751459549624687,0.026938514986050877,3.4974335725616488,1.2508519332751333,0.7243335346070026
0.01834862385321101,0.027852681321144684,3.464332912935482,1.3032991939669993,0.7465418219723003
0.019182652210175146,0.028763911397320933,3.4299523397304186,1.354805958052703,0.7683769777702748
0.020016680567139282,0.029672095715791148,3.3943256891344507,1.4053404393677942,0.7898240518400118
0.020850708924103418,0.030577126976989246,3.3574878595134843,1.4548721705132965,0.8108683651820427
0.021684737281067554,0.031478900164380964,3.31947475513867,1.5033720415622922,0.8314955188905275
0.022518765638031693,0.032377312627086485,3.2803232288035455,1.5508123364484512,0.8516914031743985
0.02335279399499583,0.03327226416103381,3.240071023321818,1.5971667669783407,0.8714422063821993
0.024186822351959965,0.03416365708842494,3.1987567119320177,1.6424105044133783,0.8907344239699571
0.025020850708924104,0.0350513963353401,3.156419637659232,1.6865202085714321,0.9095548673677452
0.02585487906588824,0.03593538950733455,3.1130998517009143,1.7294740544023446,0.9278906727116111
0.026688907422852376,0.0368155469629034,3.068838050915663,1.771251755995984,0.9457293094152168
0.027522935779816512,0.037691781884704484,3.0236755145026315,1.8118345879858624,0.9630585885608796
0.028356964136780648,0.03856401034843976,2.977654039965653,1.8512054043158324,0.9798666710935493
0.029190992493744787,0.03943215138930452,2.930815878461054,1.8893486543419218,0.9961420758040748
0.030025020850708923,0.04029612706591906,2.8832036696318504,1.9262503962459627,1.011873687090205
0.03085904920767306,0.04115586252166302,2.8348603760337756,1.961898307742287,1.0270507624853151
0.0316930775646372,0.04201128604333622,2.7858292172607784,1.9962816940634431,1.0416629399461002
0.03252710592160133,0.04286232911707312,2.736153603879196,2.029391493215561,1.0557002448914385
0.03336113427856547,0.04370892648144094,2.6858770712808866,2.061220278498696,1.069153096985377
0.03419516263552961,0.04455101617765407,2.635043213566383,2.0917622582922135,1.082012316657831
0.03502919099249374,0.04538853959683939,2.5836956175695183,2.1210132731099574,1.0942691313571615
0.03586321934945788,0.046221441524289475,2.5318777971350293,2.148970789934679,1.1059151815291988
0.03669724770642202,0.04704967018064292,2.479633127760482,2.1756338938458732,1.1169425263177204
0.03753127606338615,0.04787317725993262,2.4270047817134053,2.2010032769598427,1.127343648981748
0.03836530442035029,0.048691917964445344,2.3740356637338187,2.2250812247054306,1.137111462025333
0.039199332777314425,0.049505851036338096,2.3207683474314216,2.247871599463473,1.1462393120358376
0.040033361134278564,0.05031493878595857,2.2672450124855796,2.2693798216025476,1.1547209842269868
0.0408673894912427,0.0511191471168204,2.213507382754835,2.289612847948091,1.1625507066832272
0.041701417848206836,0.05191844554718516,2.1595966654011844,2.308579147726385,1.16972315430222
0.042535446205170975,0.0527128072282071,2.1055534911325418,2.326288676029245,1.1762334524325233
0.04336947456213511,0.05350220895859889,2.0514178556648526,2.3427528448495463,1.1820771802037644
0.04420350291909925,0.05428663119578013,1.9972290625032287,2.3579844917418726,1.1872503735468738
0.045037531276063386,0.05506605806347368,1.9430256671391042,2.371997846166696,1.1917495279021466
0.04587155963302752,0.0558404773557191,1.8888454227579348,2.3848084935804494,1.1955716006131738
0.04670558798999166,0.05660988053727622,1.8347252275492814,2.3964333373377817,1.1987140130048934
0.0475396163469558,0.05737426274039644,1.780701073708308,2.406890558475993,1.2011746521442461
0.04837364470391993,0.058133622757944384,1.72680799821469,2.416199573455337,1.2029518722821613
0.04920767306088407,0.05888796303285738,1.6730800354718278,2.424380989932363,1.204044495975816
0.05004170141784821,0.059637289643936074,1.619550171885943,2.4314565606468657,1.204451814890347
0.05087572977481234,0.0603816122879655,1.5662503024611882,2.4374491355062324,1.204173590279407
0.05170975813177648,0.06112094425817225,1.5132111894833642,2.4423826119540886,1.2032100531442096
0.05254378648874061,0.06185530241903008,1.4604624233611267,2.446281883713057,1.2015619040709085
0.05337781484570475,0.06258470717743415,1.4080323856897259,2.4491727879942595,1.1992303127463886
0.05421184320266889,0.06330918245027098,1.3559482145984336,2.4510820512687745,1.1962169171527786
0.055045871559633024,0.06402875562842013,1.3042357724387308,2.4520372336987504,1.1925238224412118
0.05587989991659716,0.06474345753723172,1.2529196158662204,2.452066672328126,1.1881535994855867
0.056713928273561295,0.06545332239353296,1.2020229683649797,2.4511994231350522,1.183109283117295
0.057547956630525435,0.0661583877592267,1.151567695258739,2.449465202049991,1.17739437004211
0.058381984987489574,0.06685869449155354,1.1015742812489355,2.446894325045259,1.1710128164406648
0.059216013344453707,0.06755428669010116,1.0520618105151345,2.4435176474033145,1.1639690352541274
0.060050041701417846,0.06824521164065263,1.0030479494088622,2.439366502272464,1.1562678931569326
0.060884070058381985,0.06893151975597758,0.9545489317673012,2.4344726386198605,1.147914707218648
0.06171809841534612,0.06961326451368048,0.9065795468686237,2.428868158692625,1.1389152412572314
0.06255212677231026,0.07029050239123136,0.8591531300461259,2.4225854550987567,1.1292757018861785
0.0633861551292744,0.07096329279831455,0.8122815559736363,2.4156571476200583,1.119002734258274
0.06422018348623854,0.07163169800664322,0.765975234629909,2.408116019869724,1.1081034175088391
0.06505421184320266,0.07229578307739701,0.7202431099450418,2.3999949559074403,1.096585259901607
0.0658882402001668,0.07295561578645163,0.6750926611271897,2.3913268769248615,1.08445619368054
0.06672226855713094,0.07361126654757923,0.6305299066631224,2.382144678114098,1.0717245696311082
0.06755629691409508,0.07426280833380776,0.586559410981507,2.3724811658315232,1.0583991513547737
0.06839032527105922,0.07491031659713773,0.5431842937630116,2.36236899516855,1.0444891092605706
0.06922435362802334,0.07555386918682266,0.5004062418767492,2.3518406080403076,1.0300040142779183
0.07005838198498748,0.0761935462664277,0.4582255239179037,2.340928171902129,1.0149538312949653
0.07089241034195162,0.07682943022988761,0.4166410073168133,2.3296635192026107,0.9993489123269609
0.07172643869891576,0.07746160561679168,0.3756501779852395,2.3180780876806315,0.9831999894193275
0.0725604670558799,0.07809015902712722,0.3352491624611066,2.306202861612186,0.9665181672903047
0.07339449541284404,0.07871517903571731,0.2954327525085713,2.294068314111132,0.949314915718198
0.07422852376980817,0.07933675610659004,0.2561944321259846,2.281704350586048,0.9316020616784539
0.0750625521267723,0.07995498250751777,0.21752640691003092,2.269140253453302,0.9133917812359443
0.07589658048373644,0.08056995222496344,0.17941963572021713,2.256404628204128,0.8946965911980118
0.07673060884070058,0.08118176087966818,0.1418638645838277,2.2435253509211224,0.8755293405340082
0.07756463719766472,0.08179050564311065,0.10484766277750429,2.230529517336891,0.8559032015671924
0.07839866555462885,0.08239628515506234,0.06835846101779056,2.2174433935248636,0.8358316609450274
0.07923269391159299,0.08299919944245453,0.03238259168926416,2.2042923683093103,0.8153285103940662
0.08006672226855713,0.08359934983976347,-0.0030946689646769165,2.191100907478546,0.79440783726576
0.08090075062552127,0.08419683891110881,-0.03808905676680491,2.1778925098820627,0.7730840148796685
0.0817347789824854,0.08479177037424653,-0.07261727372853678,2.164689665488935,0.751371692670687
0.08256880733944953,0.08538424902662299,-0.10669694045477823,2.1515138154813833,0.7292857861470451
0.08340283569641367,0.08935792746231337,-0.18154520929017978,2.3058505310749386,0.5000000000000003
0.08423686405337781,0.09225781038651146,-0.2820393264910099,2.1287271462282513,0.45314178513097403
0.08507089241034195,0.09284288598187145,-0.3149953516536441,2.1157483128001537,0.4302726682209052
0.08590492076730609,0.09342589516334737,-0.3475806034163494,2.102870704565325,0.4070911923233594
0.08673894912427021,0.09400694951461125,-0.37981652510829556,2.0901099952169604,0.38361342477005134
0.08757297748123435,0.09458616136263379,-0.41172516226470396,2.0774806163794124,0.35985563518596325
0.0884070058381985,0.09516364371496423,-0.44332910561680566,2.0649957336945333,0.33583428432440554
0.08924103419516263,0.0957395101995117,-0.4746514331382048,2.052667225393119,0.3115660127710473
0.09007506255212677,0.09631387500683125,-0.5057156512537231,2.040505663388712,0.2870676295245897
0.09090909090909091,0.09688685283489365,-0.5365456353182733,2.0285202969264904,0.26235610046200486
0.09174311926605504,0.09745855883629492,-0.5671655694745692,2.0167190388154497,0.23744853669619218
0.09257714762301918,0.09802910856783927,-0.5975998859995657,2.0051084542674644,0.2123621828340072
0.09341117597998332,0.09859861794240504,-0.6278732042504118,1.9936937523621865,0.18711440514277328
0.09424520433694746,0.0991672031829836,-0.6580102693214059,1.9824787801520352,0.1617226796333158
0.0950792326939116,0.09973498077875802,-0.6880358905239192,1.9714660194168672,0.13620458006772795
0.09591326105087572,0.10030206744307034,-0.7179748798015563,1.9606565860731784,0.1105777659001125
0.09674728940783986,0.10086858007310784,-0.7478519901929375,1.9500502322379496,0.08485997015847327
0.097581317764804,0.10143463571112206,-0.7776918544543829,1.9396453509425533,0.059068987276130046
0.09841534612176814,0.10200035150697886,-0.8075189239544668,1.929438983487398,0.03322266088102092
0.09924937447873228,0.10256584468182693,-0.8373574079519457,1.9194268294232872,0.007338871551173701
0.10008340283569642,0.10313123249265996,-0.8672312133678581,1.9096032591408068,-0.018564475455191784
0.10091743119266054,0.10369663219754043,-0.897163885161711,1.8999613290443877,-0.044469462486552994
0.10175145954962468,0.10426216102124637,-0.9271785474205876,1.8904927992831149,-0.07035817179353382
0.10258548790658882,0.10482793612109971,-0.9572978452687502,1.8811881540057795,-0.09621269782449768
0.10341951626355296,0.10539407455273302,-0.9875438877038478,1.8720366241031818,-0.12201515951282133
0.1042535446205171,0.1059606932355536,-1.0179381914641676,1.863026212396266,-0.14774771254749824
0.10508757297748123,0.10652790891766772,-1.048501626029589,1.8541437212243004,-0.17339256161861072
0.10592160133444536,0.10709583814003289,-1.0792543598568314,1.8453747823830469,-0.19893197262924872
0.1067556296914095,0.10766459719961682,-1.1102158079474258,1.8367038893586747,-0.22434828486560554
0.10758965804837364,0.1082343021113508,-1.1414045808444797,1.8281144317990614,-0.2496239231168071
0.10842368640533778,0.1088050685686785,-1.172838435151749,1.8195887321601651,-0.2747414097362331
0.10925771476230191,0.10937701190251686,-1.2045342256658533,1.8111080844612364,-0.29968337663603367
0.11009174311926605,0.10995024703846114,-1.2365078592096033,1.802652795078896,-0.32443257720663227
0.11092577147623019,0.11052488845208513,-1.2687742502513908,1.7942022255064465,-0.34897189815302015
0.11175979983319433,0.11110105012220722,-1.301347278392434,1.7857348370012882,-0.3732843712397872
0.11259382819015847,0.11167884548201262,-1.3342397478003578,1.777228237039918,-0.3973531849367971
0.11342785654712259,0.11225838736794476,-1.3674633486641494,1.7686592274967552,-0.42116169595749475
0.11426188490408673,0.11283978796630025,-1.4010286207419307,1.760003854459966,-0.4446934406820183
0.11509591326105087,0.11342315875748507,-1.434944919069302,1.751237459594504,-0.46793214645723
0.11592994161801501,0.11400861045791169,-1.46922038189218,1.7423347329598031,-0.4908617427659164
0.11676396997497915,0.11459625295954047,-1.5038619008841039,1.7332697671869697,-0.5134663722575364
0.11759799833194329,0.11518619526709065,-1.5388750937039464,1.7240161129178422,-0.5357304016329403
0.11843202668890741,0.11577854543296813,-1.574264278945826,1.71454683540603,-0.5576384323755935
0.11926605504587155,0.11637341048997919,-1.6100324535287673,1.7048345721779292,-0.5791753113219459
0.12010008340283569,0.11697089638191865,-1.6461812725693377,1.694851591649805,-0.6003261410637268
0.12093411175979983,0.11757110789214197,-1.6827110317761211,1.684569852595277,-0.6210762901750024
0.12176814011676397,0.11817414857024666,-1.719620652400355,1.6739610643560077,-0.6414114032570106
0.1226021684737281,0.11878012065700766,-1.7569076687726026,1.662996747687006,-0.6613174107938776
0.12343619683069224,0.11938912500772456,-1.7945682184507197,1.651648296126807,-0.680780538812453
0.12427022518765637,0.12000126101415325,-1.8325970349997107,1.6398870377818116,-0.6997873183396551
0.12510425354462051,0.12061662652520734,-1.870987443419494,1.6276842974132466,-0.7183245946508514
0.12593828190158465,0.12123531776662329,-1.9097313582318067,1.6150114587146684,-0.7363795363028802
0.1267723102585488,0.12185742925979401,-1.9488192842328345,1.6018400266675092,-0.7539396439456062
0.12760633861551293,0.12248305373998139,-1.988240319913392,1.5881416898619762,-0.7709927589058981
0.12844036697247707,0.12311228207412377,-2.0279821635437587,1.5738883826706351,-0.7875270715381669
0.12927439532944118,0.12374520317845888,-2.0680311219155594,1.559052347162188,-0.8035311293357664
0.13010842368640532,0.1243819039361831,-2.108372121728326,1.5436061946433983,-0.8189938447976266
0.13094245204336946,0.12502246911537054,-2.148988723603748,1.527522966717671,-0.8339045030448087
0.1317764804003336,0.12566698128737253,-2.1898631387058924,1.5107761957496255,-0.8482527691816936
0.13261050875729774,0.1263155207459169,-2.2309762479410824,1.4933399646260082,-0.8620286953967868
0.13344453711426188,0.12696816542712205,-2.2723076237065207,1.4751889657044284,-0.8752227277982721
0.13427856547122602,0.12762499083063641,-2.3138355541522584,1.4562985588428474,-0.8878257129795946
0.13511259382819016,0.12828606994210714,-2.3555370699165668,1.4366448284042814,-0.8998289043106171
0.1359466221851543,0.12895147315717564,-2.397387973290434,1.4162046391329675,-0.9112239679499986
0.13678065054211844,0.12962126820718917,-2.439362869762593,1.3949556908001717,-0.9220029885746697
0.13761467889908258,0.13029552008680825,-2.481435201892159,1.3728765715199875,-0.9321584748224924
0.1384487072560467,0.1309742909836823,-2.5235772854519345,1.349946809637735,-0.941683364444361
0.13928273561301083,0.13165764021035314,-2.5657603477813016,1.3261469240961026,-0.9505710291622114
0.14011676396997497,0.13234562413853754,-2.6079545682836978,1.3014584731868506,-0.9588152792295863
0.1409507923269391,0.1330382961359279,-2.6501291209998725,1.2758641015986623,-0.9664103676916485
0.14178482068390325,0.1337357065056398,-2.6922522191843985,1.2493475856748282,-0.9733509943416888
0.14261884904086738,0.13443790242842174,-2.734291161809295,1.221893876797528,-0.9796323093714405
0.14345287739783152,0.13514492790773322,-2.7762123819152227,1.1934891428188497,-0.9852499167126838
0.14428690575479566,0.1358568237177825,-2.8179814967273713,1.1641208074621554,-0.9901998770678082
0.1451209341117598,0.13657362735460563,-2.8595633594500076,1.1337775876210092,-0.9944787106272804
0.14595496246872394,0.13729537299025443,-2.900922112650585,1.102449528486694,-0.9980833994721634
0.14678899082568808,0.13802209143014954,-2.9420212431415407,1.0701280364392465,-1.0010113896599824
0.1476230191826522,0.13875381007364265,-2.9828236382651454,1.0368059096409548,-1.0032605929925134
0.14845704753961633,0.1394905528778183,-3.0232916434842205,1.0024773662755577,-1.0048293884643125
0.14929107589658047,0.1402323403245544,-3.06338712117923,0.9671380703805855,-1.0057166233909185
0.1501251042535446,0.14097918939084783,-3.10307151055004,0.9307851552248013,-1.0059216142159892
0.15095913261050875,0.14173111352239742,-3.142305888518582,0.8934172441872552,-1.0054441469967816
0.1517931609674729,0.14248812261042565,-3.1810510315269043,0.8550344690991487,-1.0042844775676425
0.15262718932443703,0.14325022297170645,-3.2192674781233976,0.8156384860144748,-1.002443331381379
0.15346121768140117,0.14401741733175233,-3.25691559222854,0.775232488380396,-0.9999219030286083
0.1542952460383653,0.14478970481110315,-3.293955626970278,0.7338212175832064,-0.9967218554353628
0.15512927439532945,0.14556708091464202,-3.330347788978028,0.6914109708509926,-0.9928453187395482
0.15596330275229356,0.14634953752385269,-3.366052303023514,0.6480096064991849,-0.9882948888469648
0.1567973311092577,0.1471370628919168,-3.4010294768959066,0.6036265465105765,-0.9830736256678537
0.15763135946622184,0.14792964164153524,-3.435239766398312,0.5582727764467796,-0.9771850510351797
0.15846538782318598,0.14872725476534474,-3.4686438403524473,0.5119608426934746,-0.9706331463060566
0.15929941618015012,0.14952987962878353,-3.5012026454981857,0.46470484704743314,-0.9634223496479403
0.16013344453711426,0.15033748997524798,-3.532877471174972,0.41652043865881583,-0.9555575530113866
0.1609674728940784,0.15115005593336592,-3.5636300136723724,0.36742480334789795,-0.9470440987914606
0.16180150125104253,0.15196754402619936,-3.5934224401376897,0.3174366503209772,-0.9378877761800812
0.16263552960800667,0.152789917182176,-3.622217451929368,0.26657619631592855,-0.9280948172117262
0.1634695579649708,0.15361713474753735,-3.649978347305957,0.21486514721338112,-0.9176718925051943
0.16430358632193495,0.15444915250008154,-3.6766690833416673,0.1623266771550585,-0.9066261067043341
0.16513761467889906,0.15528592266397032,-3.7022543369610035,0.1089854052163156,-0.8949649936208169
0.1659716430358632,0.1587516044942211,-3.6119362613106083,0.05475234748045597,-0.6685335131053459
0.16680567139282734,0.1593865986396558,-3.5956373653690465,0.09554716407096471,-0.6557298170897498
0.16763969974979148,0.16296454515730135,-3.3868940010387565,-0.055193333005547345,-0.6423331216403732
0.16847372810675562,0.16612685812913258,-3.292917281824985,-0.11084546495000772,-0.8423326689394639
0.16930775646371976,0.16698001486346417,-3.312474016703786,-0.16727023989913767,-0.8277225706601903
0.1701417848206839,0.16783750206852124,-3.330732399721506,-0.22431934016467994,-0.8125510518187808
0.17097581317764804,0.1686992452155131,-3.3476637694921942,-0.2819584602875926,-0.7968284901139221
0.17180984153461218,0.16956516645576708,-3.363240632378929,-0.3401521245592621,-0.7805656432652817
0.17264386989157632,0.17043518469287353,-3.377436711088104,-0.39886373290186083,-0.7637736416466426
0.17347789824854043,0.17130921565656915,-3.3902269914092735,-0.45805560863072425,-0.7464639806627964
0.17431192660550457,0.17218717197827862,-3.4015877670192443,-0.5176890480304881,-0.7286485128753669
0.1751459549624687,0.17306896326825003,-3.411496682272286,-0.5777243716732722,-0.7103394398828762
0.17597998331943285,0.17395449619422787,-3.41993277290163,-0.6381209774034716,-0.6915493039606393
0.176814011676397,0.1748436745616189,-3.42687650456089,-0.6988373949104191,-0.6722909794661078
0.17764804003336113,0.17573639939510974,-3.432309809137604,-0.7598313418066063,-0.6525776640155367
0.17848206839032527,0.1766325690217014,-3.43621611877488,-0.8210597811258504,-0.6324228694379848
0.1793160967472894,0.17753207915512792,-3.4385803975409592,-0.8824789801526575,-0.6118404125127781
0.18015012510425354,0.17843482298162872,-3.439389170690491,-0.9440445704909721,-0.5908444054967246
0.18098415346121768,0.17934069124704372,-3.438630551465448,-1.0057116092775824,-0.5694492464475542
0.18181818181818182,0.18024957234520175,-3.4362942653877404,-1.0674346414429547,-0.5476696093501722
0.18265221017514593,0.18116135240757095,-3.432371671999967,-1.129167762919618,-0.5255204340523602
0.18348623853211007,0.182075915394138,-3.4268557840150256,-1.1908646846961126,-0.5030169160168896
0.1843202668890742,0.18299314318548318,-3.4197412838398287,-1.2524787976124414,-0.4801744958969496
0.18515429524603835,0.18391291567601442,-3.4110245374428643,-1.3139632377911241,-0.4570088489419992
0.1859883236030025,0.1848351108683228,-3.4007036055399165,-1.3752709525964428,-0.43353587424123774
0.18682235195996663,0.1857596049686191,-3.38877825207689,-1.436354767013066,-0.409771683812058
0.18765638031693077,0.18668627248320793,-3.3752499499933797,-1.4971674503340668,-0.38573259154090567
0.1884904086738949,0.18761498631595627,-3.36012188425527,-1.5576617830476145,-0.36143510198402645
0.18932443703085905,0.18854561786670754,-3.343398952149446,-1.6177906238107294,-0.33689589903582096
0.1901584653878232,0.18947803713059258,-3.3250877608383878,-1.6775069763982033,-0.3121318344724432
0.19099249374478733,0.19041211279818676,-3.305196622177153,-1.7367640565145621,-0.28715991637853117
0.19182652210175144,0.19134771235645792,-3.2837355448000745,-1.7955153583568058,-0.26199729746492434
0.19266055045871558,0.19228470219045113,-3.2607162234891174,-1.8537147208160774,-0.23666126328535766
0.19349457881567972,0.19322294768565243,-3.236152025840642,-1.911316393206719,-0.21116922036016725
0.19432860717264386,0.1941623133309716,-3.2100579762519716,-1.968275100411843,-0.18553868421513106
0.195162635529608,0.19510266282228406,-3.1824507372537805,-2.0245461073354822,-0.15978726734365567
0.19599666388657214,0.19604385916646896,-3.1533485882189605,-2.0800852825523695,-0.13393266710047466
0.19683069224353628,0.19698576478587915,-3.1227714014831665,-2.134849161047722,-0.10799265353521424
0.19766472060050042,0.1979282416231787,-3.090740615916671,-2.1887950059409085,-0.08198505717414173
0.19849874895746455,0.19887115124647997,-3.057279207991677,-2.241880869088445,-0.05592775675845297
0.1993327773144287,0.1998143549547135,-3.022411660393471,-2.29406565046379,-0.029838666947542235
0.20016680567139283,0.20075771388316124,-2.9861639282281183,-2.3453091562133284,-0.0037357259957105527
0.20100083402835695,0.20170108910908274,-2.9485634028835728,-2.39557215529023,0.0223631165892447
0.20183486238532108,0.20264434175736415,-2.9096388736050645,-2.4448164345703134,0.0484399123970463
0.20266889074228522,0.20358733310611726,-2.8694204868496715,-2.4930048523565844,0.07447672646705047
0.20350291909924936,0.20452992469215622,-2.8279397034887968,-2.54010139018187,0.10045564963291512
0.2043369474562135,0.2054719784162783,-2.785229253930938,-2.5860712028219948,0.12635881085132233
0.20517097581317764,0.20641335664827462,-2.741323091240843,-2.6308806664348694,0.15216838950624487
0.20600500417014178,0.20735392233159547,-2.6962563423345216,-2.6744974247442173,0.17786662768015557
0.20683903252710592,0.20829353908759496,-2.6500652573329355,-2.7168904331899837,0.20343584238375606
0.20767306088407006,0.20923207131927912,-2.6027871571603787,-2.758030000970999,0.22885843773569595
0.2085070892410342,0.21016938431448057,-2.5544603794765837,-2.7978878309091053,0.2541169170837898
0.2093411175979983,0.2111053443483822,-2.5051242230344717,-2.8364370570677275,0.2791938950593088
0.21017514595496245,0.21203981878531375,-2.4548188905581583,-2.8736522800617723,0.30407210955594866
0.2110091743119266,0.2129726761797416,-2.403585430238397,-2.909509599999727,0.32873443362508087
0.21184320266889073,0.21390378637637503,-2.351465675945017,-2.943986647002943,0.35316388727893133
0.21267723102585487,0.2148330206093094,-2.2985021862581188,-2.9770626092512593,0.3773436491934716
0.213511259382819,0.2157602516001287,-2.2447381824217727,-3.008718258508505,0.4012570683027649
0.21434528773978315,0.21668535365488653,-2.190217485325954,-3.0389359730856267,0.4248876752766045
0.2151793160967473,0.21760820275988862,-2.134984451623879,-3.0676997582038465,0.44821919387335096
0.21601334445371143,0.21852867667619577,-2.079083909093625,-3.0949952637245635,0.47123555215998014
0.21684737281067556,0.21944665503276894,-2.0225610913540315,-3.1208097992174353,0.4939208935913658
0.2176814011676397,0.22036201941817649,-1.9654615720460502,-3.1451323463426037,0.5162595879409739
0.21851542952460382,0.22127465347078465,-1.9078311985915797,-3.167953568527744,0.5382362420752208
0.21934945788156796,0.2221844429673515,-1.8497160256425556,-3.189265817925284,0.5598357105637801
0.2201834862385321,0.22309127590994512,-1.7911622483335485,-3.2090631396398703,0.5810431061183726
0.22101751459549623,0.2239950426111084,-1.7322161354513936,-3.227341273220914,0.6018438098525288
0.22185154295246037,0.22489563577718868,-1.6729239626356156,-3.244097651419733,0.6222234813550329
0.2226855713094245,0.2257929505897573,-1.6133319457231508,-3.2593313962156607,0.6421680685698485
0.22351959966638865,0.22668688478503815,-1.5534861743507276,-3.273043312120115,0.6616638174754758
0.2243536280233528,0.22757733873126942,-1.4934325459276745,-3.285235876772432,0.6806972815567952
0.22518765638031693,0.2284642155039202,-1.433216700091347,-3.2959132288459068,0.6992553310626269
0.22602168473728107,0.22934742095868613,-1.3728839537563957,-3.305081153287194,0.7173251620423888
0.22685571309424518,0.2302268638021879,-1.3124792368680716,-3.312747063916802,0.7348943051553827
0.22768974145120932,0.23110245566029802,-1.252047028968506,-3.3189199834230303,0.7519506342463869
0.22852376980817346,0.23197411114402083,-1.191631296683435,-3.3236105207861697,0.7684823746814534
0.2293577981651376,0.23284174791285375,-1.1312754322351761,-3.3268308461742917,0.7844781114379725
0.23019182652210174,0.233705286735557,-1.0710221930858883,-3.3285946633562857,0.7999267969431703
0.23102585487906588,0.23456465154826012,-1.0109136428131373,-3.328917179682094,0.8148177586555365
0.23185988323603002,0.23541976950983837,-0.9509910933174703,-3.3278150736843926,0.8291407063837827
0.23269391159299416,0.23627057105448737,-0.8912950484596077,-3.325306460359927,0.8428857393381375
0.2335279399499583,0.2371169899414328,-0.8318651492220283,-3.321410854192884,0.8560433529090429
0.23436196830692244,0.23795896330170813,-0.7727401204872338,-3.3161491299864747,0.8686044451684655
0.23519599666388658,0.2387964316819385,-0.7139577195220879,-3.309543481572704,0.8805603230893368
0.2360300250208507,0.23962933908507011,-0.655554686254508,-3.3016173784740213,0.891902708478784
0.23686405337781483,0.2404576330079853,-0.5975666954257514,-3.2923955205940096,0.9026237436210217
0.23769808173477897,0.24128126447594855,-0.5400283106981382,-3.281903791017691,0.9127159966261722
0.2385321100917431,0.24210018807382802,-0.48297294079467057,-3.270169207005302,0.9221724664813149
0.23936613844870724,0.24291436197404326,-0.42643279774333764,-3.2572198692664647,0.9309865878003647
0.24020016680567138,0.243723747961189,-0.370438857295297,-3.243084909604644,0.9391522352697427
0.24103419516263552,0.24452831145329176,-0.31502082158217337,-3.227794437024597,0.9466637277868539
0.24186822351959966,0.2453280215196558,-0.2602070840739019,-3.211379482398109,0.9535158322887597
0.2427022518765638,0.24612285089526167,-0.20602469689431063,-3.193871941785829,0.959703767268672
0.24353628023352794,0.2469127759916816,-0.15249934054769365,-3.1753045185152637,0.9652232059780402
0.24437030859049208,0.24769777690448147,-0.09965529610522914,-3.155710664117125,0.9700702793123854
0.2452043369474562,0.24847783741708415,-0.047515419895778316,-3.1351245182241776,0.9742415783792102
0.24603836530442033,0.24925294500106993,0.0038988792586774623,-3.1135808475384494,0.977734156746521
0.24687239366138447,0.2500230908128992,0.05456766022737791,-3.091114983974284,0.9805455323708203
0.2477064220183486,0.25078826968704376,0.1044724671436853,-3.0677627620860477,0.98267368920366
0.24854045037531275,0.25154848012552083,0.15359634434005454,-3.0435604558905305,0.9841170784760104
0.2493744787322769,0.2523037242838276,0.20192384862310395,-3.0185447151950346,0.9848746196600079
0.25020850708924103,0.25463277080389246,0.2010403755446423,-2.851397283332811,1
0.25104253544620514,0.25796026106874664,0.18472993432992085,-2.969452607487557,1.2080672217955057
0.2518765638031693,0.2587016802918021,0.23067780153379974,-2.942211025332967,1.2069929657014726
0.2527105921601334,0.2594381373249896,0.2757835018169879,-2.914304658820505,1.2052340366263177
0.2535446205170976,0.26016965076931325,0.3200392203615935,-2.885771076097489,1.2027916221207073
0.2543786488740617,0.2608962427917899,0.3634386718412236,-2.8566478348503317,1.199667377913511
0.25521267723102586,0.2616179390914699,0.4059770939139762,-2.8269724183204037,1.195863426758864
0.25604670558799,0.26233476886185647,0.44765123805122037,-2.7967821717256784,1.191382356963035
0.25688073394495414,0.26304676474976446,0.48845935772253485,-2.766114239199231,1.186227220592178
0.25771476230191825,0.26375396281066593,0.5284011939617511,-2.7350055013547894,1.18040153136227
0.25854879065888237,0.2644564024605827,0.5674779583436762,-2.7034925135883316,1.173909262212746
0.25938281901584653,0.26515412642459535,0.6056923134056796,-2.6716114452233204,1.16675484256555
0.26021684737281064,0.2658471806820491,0.6430483505526605,-2.6393980196057014,1.1589431552715486
0.2610508757297748,0.26653561440854856,0.6795515654884297,-2.606887455253008,1.1504795332464628
0.2618849040867389,0.26721947991484496,0.7152088312209035,-2.574114408159984,1.1413697557986586
0.2627189324437031,0.2678988325827296,0.7500283686926117,-2.541112915361125,1.1316200446513873
0.2635529608006672,0.26857373079806196,0.7840197150923511,-2.5079163398481388,1.1212370596622279
0.26438698915763137,0.2692442358810696,0.8171936899077796,-2.474557316938003,1.1102278942427062
0.2652210175145955,0.26991041201407,0.8495623587827139,-2.441067702184652,1.0986000704812862
0.26605504587155965,0.27057232616677745,0.8811389952467783,-2.407478520924476,1.0863615339730703
0.26688907422852376,0.2712300480193658,0.9119380403887211,-2.3738199195430116,1.0735206483598052
0.26772310258548787,0.2718836498834724,0.9419750605483359,-2.3401211185470476,1.0600861895839437
0.26855713094245204,0.27253320662133707,0.9712667031054442,-2.3064103675231102,1.0460673398607065
0.26939115929941615,0.27317879556327923,0.9998306504476019,-2.2727149020599997,1.03147368137229
0.2702251876563803,0.27382049642372663,1.0276855722014888,-2.2390609027094794,1.0163151896885394
0.27105921601334443,0.2744583912160164,1.0548510758159337,-2.2054734560556133,1.0006022269185966
0.2718932443703086,0.2750925641661957,1.0813476555873633,-2.171976517959438,0.984345534598178
0.2727272727272727,0.2757231016260555,1.1071966402212423,-2.1385928790418927,0.9675562263174029
0.2735613010842369,0.2763500919856372,1.1324201390255837,-2.1053441324637703,0.9502457800941215
0.274395329441201,0.27697362558545097,1.15704098683501,-2.0722506440575112,0.9324260304980108
0.27522935779816515,0.2775937946286512,1.1810826877660214,-2.0393315248614288,0.9141091605307714
0.27606338615512926,0.2782106930934105,1.2045693579061914,-2.0066046061026395,0.8953076932679551
0.2768974145120934,0.27882441664573493,1.2275256670418486,-1.9740864166706633,0.87603448326812
0.27773144286905754,0.27943506255295697,1.249976779530422,-1.941792163119243,0.8563027077551582
0.27856547122602165,0.2800427295981412,1.271948294425185,-1.9097357122293883,0.8361258575797754
0.2793994995829858,0.28064751799562676,1.2934661849613323,-1.8779295761621175,0.8155177279662689
0.28023352793994993,0.2812495293079241,1.3145567375134728,-1.8463849002248245,0.794492409050912
0.2810675562969141,0.28184886636417195,1.3352464901354886,-1.8151114532704735,0.7730642762183415
0.2819015846538782,0.2824456331803483,1.3555621707944319,-1.7841176207441882,0.7512479802425098
0.2827356130108424,0.28303993488141327,1.3755306354105914,-1.7534104003871576,0.7290584372389366
0.2835696413678065,0.28363187762554787,1.3951788058162669,-1.7229954006029236,0.706510818435018
0.28440366972477066,0.2842215685306323,1.4145336077457422,-1.6928768414865811,0.6836205397653903
0.28523769808173477,0.28480911560309097,1.4336219089690252,-1.663057558512516,0.6604032512993825
0.2860717264386989,0.2853946276692073,1.4524704576814895,-1.6335390088717106,0.6368748265077181
0.28690575479566305,0.2859782143089933,1.4711058212611694,-1.6043212804449158,0.6130513513757981
0.28773978315262716,0.2865599857926722,1.4895543255046997,-1.5754031033932898,0.5889491133709102
0.2885738115095913,0.28714005301981327,1.5078419944520847,-1.546781864343468,0.5645845902708454
0.28940783986655544,0.2877185274611283,1.5259944909093226,-1.5184536231394938,0.5399744388615519
0.2902418682235196,0.28829552110291906,1.544037057776707,-1.4904131321293785,0.5151354835114446
0.2910758965804837,0.2888711463941391,1.5619944602891795,-1.462653857949645,0.4900847046301469
0.2919099249374479,0.28944551619600684,1.579890929273376,-1.4351680057667806,0.46483922701949154
0.292743953294412,0.2900187437340852,1.5977501055242969,-1.4079465459301113,0.43941630812468885
0.29357798165137616,0.29059094255271817,1.61559498540244,-1.3809792429863836,0.41383332619362273
0.2944120100083403,0.2911622264716921,1.6334478677500652,-1.3542546870021612,0.3881077683523291
0.2952460383653044,0.29173270954496844,1.6513303022229253,-1.3277603271359963,0.3622572186047336
0.29608006672226855,0.292302506021314,1.6692630391312389,-1.3014825073983922,0.33629934576476606
0.29691409507923266,0.29287173030663655,1.6872659808809998,-1.2754065045336997,0.3102518913291057
0.29774812343619683,0.29344049692781693,1.7053581351038456,-1.2495165679542641,0.2841326572987035
0.29858215179316094,0.294008920497814,1.723557569560728,-1.2237959616535783,0.2579594939573915
0.2994161801501251,0.29457711568180533,1.7418813689014228,-1.1982270080216408,0.23175028761585423
0.3002502085070892,0.29514519716411763,1.7603455933586614,-1.1727911334823142,0.20552294832926085
0.3010842368640534,0.2957132796156928,1.778965239452178,-1.147468915869311,0.17929539759688787
0.3019182652210175,0.29628147766182805,1.7977542027744167,-1.1222401334542935,0.15308555605206375
0.3027522935779816,0.2968499058499286,1.8167252429259353,-1.0970838155376317,0.12691133115077788
0.3035863219349458,0.2974186786170094,1.8358899506647177,-1.0719782945096157,0.10079060486727742
0.3044203502919099,0.297987910256685,1.855258717329662,-1.0469012592872828,0.07474122140498701
0.30525437864887406,0.29855771488539207,1.8748407065945099,-1.0218298100295329,0.04878097493104058
0.30608840700583817,0.29912820640759535,1.8946438286042824,-0.9967405140309816,0.02292759734276187
0.30692243536280234,0.2996994984797399,1.9146747165421163,-0.9716094626928193,-0.0028012539257112334
0.30775646371976645,0.30027170447272206,1.9349387056700553,-0.9464123294670638,-0.028388008048387203
0.3085904920767306,0.3008449374326671,1.9554398148829264,-0.921124428668826,-0.053815192895770914
0.3094245204336947,0.3014193100398194,1.9761807308100565,-0.8957207750495805,-0.07906544705850022
0.3102585487906589,0.30199493456536664,1.9971627944949741,-0.8701761440231289,-0.10412153179814987
0.311092577147623,0.30257192282604084,2.018385990678724,-0.844465132434687,-0.12896634291718
0.3119266055045871,0.3031503861363617,2.039848939707788,-0.8185622197624914,-0.15358292254005912
0.3127606338615513,0.3037304352584076,2.0615488920829645,-0.7924418296405603,-0.17795447079769944
0.3135946622185154,0.3043121803490256,2.0834817256608282,-0.7660783915905439,-0.20206435740730957
0.31442869057547956,0.3048957309044158,2.105641945514786,-0.739446402850178,-0.22589613314004056
0.3152627189324437,0.3054811957020504,2.128022686457937,-0.7125204901855613,-0.24943354116869343
0.31609674728940784,0.30606868273991245,2.1506157182252617,-0.6852754715744862,-0.2726605282879788
0.31693077564637195,0.30665829917306653,2.1734114533079945,-0.6576864176480324,-0.29556125599989247
0.3177648040033361,0.30725015124759775,2.1963989574282845,-0.6297287127780697,-0.3181201114568675
0.31859883236030023,0.30784434423198115,2.219565962637583,-0.6013781156986988,-0.34032171825547675
0.3194328607172644,0.308440982345968,2.242898883017594,-0.5726108195503663,-0.3621509470736065
0.3202668890742285,0.3090401686871005,2.2663828329579694,-0.5434035112362303,-0.38359292614413454
0.3211009174311926,0.30964200515498796,2.2900016479804193,-0.5137334299813257,-0.40463305155828044
0.3219349457881568,0.3102465923735019,2.313737908074358,-0.4835784249863337,-0.42525699739193434
0.3227689741451209,0.31085402961106673,2.3375729635048366,-0.45291701206903423,-0.445450725648459
0.32360300250208507,0.3114644146992447,2.3614869630490776,-0.42172842918811854,-0.4652004960115379
0.3244370308590492,0.3120778439498306,2.385458884613713,-0.389992690745597,-0.4844928754018951
0.32527105921601335,0.31269441207069165,2.409466568180576,-0.3576906405660412,-0.5033147473318075
0.32610508757297746,0.31331421208060134,2.433486751024857,-0.32480400345268035,-0.5216533210515546
0.3269391159299416,0.3139373352233334,2.4574951051454126,-0.29131543522268194,-0.5394961404821376
0.32777314428690574,0.3145638708812925,2.4814662768430917,-0.2572085711261322,-0.5568310929287019
0.3286071726438699,0.31519390648897266,2.5053739283793317,-0.222468072555682,-0.5736464175694697
0.329441201000834,0.31582752744654163,2.5291907816434818,-0.18707967195640446,-0.5899307137150158
0.33027522935779813,0.31646481703385915,2.552888663753902,-0.15103021584814502,-0.6056729488330249
0.3311092577147623,0.31710585632524235,2.576438554514568,-0.11430770587553504,-0.6208624663339217
0.3319432860717264,0.31775072410529664,2.59981063564563,-0.076901337803833,-0.6354889931129072
0.3327773144286906,0.32179111227251544,2.723343683328502,-0.03872348746237734,-0.8963571975888539
0.3336113427856547,0.3248240217699449,2.6742125412933055,0.17378860497339987,-0.9101560194330685
0.33444537114261885,0.33065033657136483,2.2765320149699275,0.039817717036793925,-0.923369929631668
0.33527939949958296,0.3343700944401137,2.398606912798524,0.08019472203520248,-0.6881735542842271
0.33611342785654713,0.3350363064290007,2.420361883386255,0.12136800437501388,-0.6998449492534102
0.33694745621351124,0.33570680041820306,2.441740211267226,0.16326324189950153,-0.7109001587159677
0.3377814845704754,0.33638164145101235,2.4627077180244727,0.20588218964013721,-0.7213317838644132
0.3386155129274395,0.337060891835869,2.483229862433408,0.24922517610331424,-0.7311328604969421
0.33944954128440363,0.3377446110765086,2.5032718007883243,0.29329108463988607,-0.7402968642112421
0.3402835696413678,0.33843285580477905,2.5227984479950467,0.33807733743104385,-0.7488177153254021
0.3411175979983319,0.3391256797162924,2.541774539320293,0.3835798821173758,-0.7566897835247062
0.3419516263552961,0.33982313350906695,2.5601646926868074,0.4297931810936714,-0.7639078922334709
0.3427856547122602,0.34052526482530315,2.577933471402079,0.4767102034875694,-0.7704673227114941
0.34361968306922436,0.3412321181964314,2.595045447207531,0.5243224198360302,-0.7763638178750498
0.34445371142618847,0.34194373499155667,2.6114652635341122,0.5726197994690393,-0.7815935858427849
0.34528773978315264,0.34266015336941796,2.6271576988496426,0.6215908106056809,-0.7861533032073378
0.34612176814011675,0.3433814082339713,2.642087729982848,0.6712224231633519,-0.7900401180338986
0.34695579649708086,0.3441075311936961,2.6562205953087465,0.7215001142763361,-0.7932516525874572
0.347789824854045,0.34483855052471746,2.6695218576800777,0.7724078765157015,-0.7957860057909268
0.34862385321100914,0.3455744911378275,2.681957466989637,0.8239282287979218,-0.7976417554168689
0.3494578815679733,0.3463153745494817,2.6934938222487275,0.8760422299651773,-0.798817960016084
0.3502919099249374,0.34706121885684016,2.704097833067644,0.9287294950159745,-0.7993141605868428
0.3511259382819016,0.3478120387169145,2.713736980424881,0.9819682139601589,-0.799130381989141
0.3519599666388657,0.34856784532987456,2.7223793766127686,1.0357351732680888,-0.7982671341089322
0.35279399499582986,0.349328646426564,2.729993824248582,1.0900057798793183,-0.7967254127778975
0.353628023352794,0.35009444626026437,2.736549874241713,1.1447540877318314,-0.7945067004549113
0.35446205170975814,0.3508652456027416,2.742017882609103,1.1999528267685209,-0.7916129666760032
0.35529608006672225,0.3516410417446028,2.7463690660333584,1.2555734343734843,-0.7880466682802397
0.35613010842368636,0.3524218284999812,2.7495755560600745,1.311586089186467,-0.7838107494195493
0.35696413678065053,0.3532075962155602,2.7516104518336113,1.3679597472396094,-0.7789086413611219
0.35779816513761464,0.35399833178393886,2.7524478712733855,1.4246621803568689,-0.7733442620915885
0.3586321934945788,0.3547940186613295,2.752063000595985,1.4816600167523097,-0.7671220157327048
0.3594662218515429,0.35559463688956583,2.7504321420921105,1.5389187837597635,-0.7602467917786686
0.3603002502085071,0.3564001631223876,2.7475327600712465,1.5964029526226167,-0.752723964165593
0.3611342785654712,0.3572105706559488,2.7433435248915448,1.654075985268837,-0.7445593901838468
0.36196830692243537,0.3580258294634769,2.73784435499745,1.711900382992853,-0.7357594092439264
0.3628023352793995,0.35884590623398704,2.7310164568931605,1.7698377369624947,-0.7263308415063539
0.36363636363636365,0.35967076441492435,2.722842362986324,1.827848780466026,-0.7162809863855177
0.36447039199332776,0.3605003642585722,2.7133059672434396,1.8858934428110055,-0.7056176209364287
0.36530442035029187,0.36133466287202304,2.7023925586064035,1.943930904783927,-0.694348998131852
0.36613844870725604,0.3621736142704553,2.6900888521285458,2.0019196555765717,-0.682483845035224
0.36697247706422015,0.36301716943339674,2.676383017798662,2.0598175510822685,-0.670031360871817
0.3678065054211843,0.3638652763635863,2.6612647070329065,2.1175818734628784,-0.6570012149967231
0.3686405337781484,0.36471788014795187,2.6447250768272625,2.1751693918845865,-0.6434035447532116
0.3694745621351126,0.3655749230201231,2.6267568115779705,2.2325364243185555,-0.6292489532083276
0.3703085904920767,0.36643634442377626,2.6073541425934685,2.2896389003001842,-0.6145485067444758
0.3711426188490409,0.3673020810759632,2.586512865339941,2.3464324245387442,-0.5993137324752036
0.371976647206005,0.3681720670294188,2.564230354483079,2.4028723412673267,-0.5835566154406182
0.37281067556296915,0.36904623373265116,2.5405055768113596,2.458913799221294,-0.5672895955221597
0.37364470391993326,0.3699245100864083,2.515339102151505,2.5145118171318277,-0.5505255639973463
0.3744787322768974,0.37080682249488556,2.4887331124139376,2.569621349619848,-0.5332778596323603
0.37531276063386154,0.3716930949097774,2.46069140893557,2.6241973533742087,-0.5155602641833351
0.37614678899082565,0.3725832488650092,2.431219418318158,2.6781948534970113,-0.49738699714574075
0.3769808173477898,0.3734772034997012,2.4003241969920097,2.7315690098980614,-0.47877270955497775
0.37781484570475393,0.37437487556664023,2.3680144347663052,2.7842751836197497,-0.4597324766001789
0.3786488740617181,0.37527617942327274,2.3343004576562563,2.836269002973146,-0.44028178876786517
0.3794829024186822,0.376181027002023,2.299194230302175,2.8875064293661588,-0.4204365411827031
0.3803169307756464,0.3770893277565954,2.2627093583127937,2.937943822704658,-0.40021302076117754
0.3811509591326105,0.3780009885809016,2.224861090871274,2.987538006248186,-0.3796278907422965
0.38198498748957466,0.37891591369739436,2.1856663239321086,3.036246330803185,-0.3586981721109984
0.38281901584653877,0.3798340045119599,2.1451436043057712,3.084026738138365,-0.33744122138911503
0.3836530442035029,0.3807551594331804,2.103313134868467,3.1308378235095877,-0.31587470424158015
0.38448707256046705,0.3816792736548018,2.0601967810408017,3.176638897185036,-0.29401656433957163
0.38532110091743116,0.38260623890169254,2.0158180785454043,3.2213900448660064,-0.2718849869460793
0.3861551292743953,0.3835359431415139,1.9702022422738268,3.2650521869041973,-0.24949835675380796
0.38698915763135944,0.3844682702667745,1.9233761758658123,3.307587136223158,-0.2268752096199643
0.3878231859883236,0.3854030997548877,1.8753684813294493,3.3489576548592335,-0.20403417801864746
0.3886572143452877,0.38634030631724303,1.8262094677156897,3.389127509046204,-0.18099393027655167
0.3894912427022519,0.3872797595519636,1.7759311575191514,3.42806152277709,-0.15777310397613667
0.390325271059216,0.38822132361873796,1.7245672891300923,3.465725629786062,-0.13439023430036257
0.39115929941618016,0.3891648569575416,1.6721533133411977,3.502086923902596,-0.1108636785431239
0.3919933277731443,0.3901102120757612,1.618726381655586,3.5371137077376273,-0.087211538498605
0.3928273561301084,0.39105723542974974,1.5643253239927333,3.5707755396672036,-0.06345158293700001
0.39366138448707255,0.3920057674266434,1.5089906133920266,3.6030432790816946,-0.039601172827990444
0.39449541284403666,0.392955642569959,1.4527643155079324,3.6338891298674327,-0.01567719233308859
0.39532944120100083,0.3939066897677577,1.395690021102893,3.6632866820821812,0.008304011205192474
0.39616346955796494,0.39485873281498246,1.3378127603781784,3.691210951776094,0.032326675049618725
0.3969974979149291,0.39581159105220415,1.2791788988174895,3.71763841889622,0.056375653651041344
0.3978315262718932,0.3967650801920575,1.2198360152014884,3.7425470631963207,0.08043643356655464
0.3986655546288574,0.3977190132930388,1.1598327635028016,3.765916398056578,0.10449512902702496
0.3994995829858215,0.3986732018492184,1.0992187213919262,3.7877275021014074,0.12853845745688014
0.40033361134278567,0.3996274569550187,1.038044228967356,3.8079630484905373,0.15255369537610078
0.4011676396997498,0.4005815904976559,0.9763602219691337,3.826607331750564,0.17652861627793123
0.4020016680567139,0.40153541632695483,0.914218064069466,3.843646292012775,0.2004514131642144
0.40283569641367806,0.4024887513534276,0.8516693828191931,3.859067536528872,0.22431060932635083
0.40366972477064217,0.4034414165306408,0.7887659134677281,3.8728603583491346,0.24809496159398603
0.40450375312760634,0.4043932376863786,0.7255593542138605,3.8850157520664834,0.2717933605826123
0.40533778148457045,0.40534404617794695,0.6621012355640855,3.8955264265531158,0.295394732438502
0.4061718098415346,0.4062936793589588,0.598442805472392,3.904386814641947,0.31888794622909117
0.4070058381984987,0.40724198085683644,0.534634930915004,3.9115930797306993,0.34226173051632436
0.4078398665554629,0.40818880067097896,0.4707280156082425,3.917143119310424,0.3655046018591286
0.408673894912427,0.40913399511025167,0.4067719327796361,3.92103656544096,0.38860480710754297
0.4095079232693911,0.410077426594664,0.34281597129780317,3.9232747822125202,0.41155028045993103
0.4103419516263553,0.4110189633496958,0.278908793072957,3.9238608602448335,0.43432861543010093
0.4111759799833194,0.41195847902284893,0.21509839945050782,3.922799608283394,0.4569270511639038
0.41201000834028356,0.41289585225102643,0.15143210431081902,3.920097541956766,0.4793324719888124
0.4128440366972477,0.4138309662047665,0.08795651172160529,3.915762869760394,0.501531418685632
0.41367806505421184,0.4147637081317173,0.024717496225888286,3.909805476331871,0.52351010973369
0.41451209341117595,0.41569396891753513,-0.03823981585296635,3.902236903080783,0.5452544706828212
0.4153461217681401,0.4166216426780578,-0.1008710653815311,3.893070326233991,0.5667501698218326
0.41618015012510423,0.4175466263924625,-0.16313268062904934,3.8823205323548824,0.5879826584170766
0.4170141784820684,0.42069538828229003,-0.15912866019372424,3.6732092491060766,0.5000000000000006
0.4178482068390325,0.4242139317034875,-0.22893454296329985,3.8551277812154043,0.3377664397703937
0.4186822351959966,0.4251140608166038,-0.28819034478613126,3.8397093845170644,0.35917561434909173
0.4195162635529608,0.42601206962105215,-0.3469862106048438,3.8227842469427604,0.3802497157049053
0.4203502919099249,0.4269078153012403,-0.4052797979448156,3.804374692590674,0.4009716355255075
0.42118432026688907,0.42780115763852017,-0.4630297175384306,3.7845044590002446,0.4213246417201484
0.4220183486238532,0.4286919592925642,-0.5201955966260574,3.7631986571432066,0.44129238845680757
0.42285237698081735,0.4295800860381872,-0.5767381383753662,3.740483729244297,0.4608589246014941
0.42368640533778146,0.4304654069635319,-0.6326191776341614,3.7163874045118837,0.4800087008770031
0.4245204336947456,0.43134779463505285,-0.6878017332112288,3.690938652861703,0.49872657600779147
0.42535446205170974,0.4322271252341933,-0.7422500568561701,3.6641676367197813,0.5169978220717474
0.4261884904086739,0.4331032786700995,-0.7959296790851036,3.6361056609932647,0.5348081292390947
0.427022518765638,0.4339761386721755,-0.8488074519754192,3.6067851213004567,0.5521436100433759
0.4278565471226021,0.43484559286577246,-0.9008515890309388,3.5762394505537443,0.5689908032992314
0.4286905754795663,0.4357115328338324,-0.9520317021985367,3.5445030639914124,0.5853366777561255
0.4295246038365304,0.4365738541668763,-1.002318836099557,3.5116113027565836,0.6011686355557364
0.4303586321934946,0.4374324565033483,-1.0516854995242704,3.477600376123457,0.6164745155431466
0.4311926605504587,0.4382872435619879,-1.1001056942242688,3.4425073024731363,0.631242596467405
0.43202668890742285,0.43913812316760986,-1.1475549410274213,3.4063698491229744,0.6454616000954058
0.43286071726438696,0.43998500727141776,-1.1940103032910874,3.36922647111517,0.659120694253668
0.43369474562135113,0.44082781196676213,-1.2394504077029525,3.3311162490718083,0.6722094958051683
0.43452877397831524,0.44166645750106853,-1.2838554624337282,3.292078826224932,0.684718073562649
0.4353628023352794,0.44250086828450563,-1.3272072726425532,3.2521543447314394,0.696636951135436
0.4361968306922435,0.443330972895836,-1.369489253334106,3.211383381383705,0.7079571097034019
0.43703085904920763,0.44415670408578056,-1.4106864395651106,3.1698068828276176,0.7186699907094045
0.4378648874061718,0.4449779987781426,-1.4507854939984495,3.127466100400491,0.7287674984597403
0.4386989157631359,0.44579479806885985,-1.4897747118035658,3.0844025247018707,0.7382420026210619
0.4395329441201001,0.4466070472230979,-1.527644022903799,3.040657820010496,0.7470863406015454
0.4403669724770642,0.4474146956704471,-1.5643849915733505,2.9962737586609,0.7552938198037713
0.44120100083402836,0.44821769699824765,-1.599990813389149,2.9512921554931713,0.7628582197367342
0.44203502919099247,0.4490160089430396,-1.634456309546348,2.9057548024889988,0.7697737939745932
0.44286905754795663,0.44980959338010956,-1.6677779185492616,2.8597034037068676,0.7760352719500989
0.44370308590492075,0.45059841631108744,-1.6999536852933406,2.8131795106286575,0.7816378605710642
0.4445371142618849,0.45138244784953824,-1.7309832475578566,2.7662244580289768,0.7865772456488256
0.445371142618849,0.45216166220447923,-1.7608678199326653,2.718879300477745,0.7908495931281951
0.44620517097581314,0.4529360376617548,-1.7896101752069193,2.6711847495852323,0.7944515501090412
0.4470391993327773,0.4537055565631908,-1.8172146232515671,2.623181112097489,0.7973802456503102
0.4478732276897414,0.4544702052834582,-1.8436869874318746,2.574908228948467,0.7996332913479302
0.4487072560467056,0.4552299742045704,-1.8690345785904157,2.526405415373513,0.8012087816787119
0.4495412844036697,0.45598485768794644,-1.8932661666452328,2.477711402186848,0.802105294103027
0.45037531276063386,0.456734854043976,-1.9163919498522333,2.428864278323707,0.8023218889196448
0.451209341117598,0.4574799654990268,-1.9384235217847805,2.379901434745437,0.8018581088667843
0.45204336947456214,0.45822019815984344,-1.9593738360878816,2.330859509803425,0.8007139784639887
0.45287739783152625,0.45895556197529286,-1.9792571690680967,2.281774336155234,0.7988900030900572
0.45371142618849036,0.4596860706954218,-1.9980890801844435,2.2326808893233467,0.7963871677928148
0.45454545454545453,0.46041174182779904,-2.0158863705092718,2.183613237984189,0.7932069358270345
0.45537948290241864,0.46113259659112527,-2.0326670392317494,2.134604496071938,0.789351246917368
0.4562135112593828,0.46184865986610485,-2.048450238280333,2.0856867767783696,0.7848225152436303
0.4570475396163469,0.46255996014358175,-2.0632562251438586,2.0368911485266716,0.7796236271462614
0.4578815679733111,0.4632665294699547,-2.0771063139742463,1.9882475929936938,0.7737579385502629
0.4587155963302752,0.4639684033898971,-2.0900228250570128,1.9397849652513244,0.767229272106337
0.45954962468723937,0.46466562088641866,-2.1020290327386295,1.8915309560940887,0.7600419140483825
0.4603836530442035,0.4653582243183175,-2.113149111902721,1.8435120566161258,0.7522006107669235
0.46121768140116765,0.46604625935508226,-2.1234080830896658,1.795753525096669,0.7437105650984216
0.46205170975813176,0.46672977490931805,-2.1328317563566634,1.7482793562491448,0.7345774323308083
0.46288573811509587,0.46740882306677817,-2.1414466739776237,1.7011122528848401,0.7248073159259425
0.46371976647206004,0.46808345901409865,-2.149280052084319,1.654273600037716,0.7144067629600275
0.46455379482902415,0.46875374096434336,-2.156359721352276,1.6077834415926944,0.7033827592833876
0.4653878231859883,0.4694197300804773,-2.1627140668364664,1.5616604594553005,0.6917427244012992
0.4662218515429524,0.47008149039689945,-2.1683719670635337,1.5159219552960372,0.6794945060779074
0.4670558798999166,0.47073908873917547,-2.1733627324886062,1.4705838348983098,0.6666463746655429
0.4678899082568807,0.4713925946421209,-2.17771604342583,1.425660595134259,0.653207017162059
0.46872393661384487,0.47204208026639677,-2.1814618875628846,1.3811653135879771,0.6391855309990847
0.469557964970809,0.472687620313787,-2.1846304971703336,1.3371096408411653,0.6245914175643521
0.47039199332777315,0.47332929194133516,-2.187252286117293,1.2935037954315012,0.6094345754615489
0.47122602168473726,0.47396717467452654,-2.189357786805298,1.2503565614891887,0.5937252935113558
0.4720600500417014,0.4746013503197073,-2.1909775871323167,1.207675289052664,0.5774742434976243
0.47289407839866554,0.47523190287593703,-2.192142267598911,1.16546589705946,0.5606924726628519
0.47372810675562965,0.4758589184464757,-2.1928823386681855,1.1237328790037409,0.543391395957343
0.4745621351125938,0.47648248515010766,-2.193228178490853,1.0824793112472255,0.5255827880467129
0.47539616346955793,0.4771026930325081,-2.193209971105982,1.041706863965525,0.5072787750825364
0.4762301918265221,0.4777196339778556,-2.1928576452272024,1.001415814707384,0.48849182624120446
0.4770642201834862,0.478333401620893,-2.1922008137231233,0.9616050645396222,0.4692347450362437
0.4778982485404504,0.47894409125963405,-2.19126871389939,0.9222721567461347,0.44952066040951855
0.4787322768974145,0.47955179976891155,-2.1900901486885234,0.8834132980446643,0.4293630176069676
0.47956630525437866,0.4801566255149516,-2.188693428851929,0.8450233822808458,0.4087755688446858
0.48040033361134277,0.48075866827115177,-2.187106316296732,0.807096016554448,0.3877723637713192
0.4812343619683069,0.4813580291352327,-2.1853559686081194,0.7696235497285854,0.3663677397329484
0.48206839032527105,0.4819548104479157,-2.1834688848956176,0.732597103268538,0.34457631184676857
0.48290241868223516,0.4825491157132712,-2.1814708530495146,0.6960066043524884,0.3224129628900416
0.4837364470391993,0.48314104952086406,-2.1793868985010256,0.6598408211927055,0.2998928330109374
0.48457047539616344,0.4837307174698056,-2.177241234577134,0.6240874005017245,0.2770313092680474
0.4854045037531276,0.484318226094808,-2.1750572145382625,0.5887329070341732,0.25384401500545783
0.4862385321100917,0.48490368279431223,-2.1728572853838104,0.5537628651313937,0.2303467990704136
0.4870725604670559,0.48548719576074734,-2.1706629435075695,0.5191618021922586,0.20655572488075796
0.48790658882402,0.4860688739129542,-2.1684946922816266,0.4849132939902572,0.18248705934940412
0.48874061718098416,0.48664882683078875,-2.1663720016439703,0.45100001175352034,0.15815726167323133
0.48957464553794827,0.4872271646918962,-2.1643132697614424,0.41740377092131753,0.1335829719939362
0.4904086738949124,0.4878039982106306,-2.1623357868359294,0.3841055814874362,0.10878099993838394
0.49124270225187655,0.4883794385790712,-2.1604557011179337,0.35108569983788945,0.08376831304620083
0.49207673060884066,0.4889535974100673,-2.1586879871876383,0.3183236819877101,0.05856202509238531
0.49291075896580483,0.48952658668222626,-2.157046416559589,0.28579843811870426,0.03317938431276912
0.49374478732276894,0.49009851868674087,-2.15554353066293,0.2534882883177126,0.0076377615403234456
0.4945788156797331,0.49066950597593717,-2.1541906162449056,0.22137101941229825,-0.01804536173972568
0.4954128440366972,0.49123966131341007,-2.1529976832409727,0.18942394279861388,-0.04385240540785476
0.4962468723936614,0.49180909762560315,-2.1519734451504853,0.15762395315402913,-0.06976570279317451
0.4970809007506255,0.49237792795468044,-2.1511253019524124,0.1259475879249627,-0.09576751281310761
0.49791492910758967,0.4929462654125329,-2.1504593255910027,0.09437108747854518,-0.1218400321616153
0.4987489574645538,0.4935142231357593,-2.149980248056711,0.06287045580495308,-0.14796540753766074
0.4995829858215179,0.4969956702874411,-2.2436367147219323,0.03142246649061139,0.08263817787758146
0.5004170141784821,0.4975632308419144,-2.2435412577230838,2.1020764200484187e-14,0.05645932860616151
0.5012510425354462,0.5043450185437509,-1.7565550807036607,-0.03142246649060991,0.03028428126183486
0.5020850708924103,0.5085061627009352,-1.8507855714133277,-0.06287045580495516,-0.2526373200235472
0.5029190992493745,0.5090740798474228,-1.8512586625006076,-0.0943710874785437,-0.2787582236173025
0.5037531276063386,0.5096423597281337,-1.8519162014478543,-0.1259475879249612,-0.3048244393484122
0.5045871559633027,0.5102111150972278,-1.8527534217599033,-0.15762395315402766,-0.33081808723327566
0.5054211843202668,0.5107804587262067,-1.8537642148206044,-0.18942394279861238,-0.35672133548831475
0.5062552126772311,0.511350503364254,-1.8549411417296469,-0.22137101941229675,-0.38251641272401915
0.5070892410341952,0.5119213616976434,-1.8562754477369525,-0.2534882883177111,-0.40818562009519754
0.5079232693911593,0.5124931463080454,-1.8577570792484257,-0.2857984381187026,-0.4337113433990408
0.5087572977481234,0.5130659696295662,-1.8593747033723138,-0.31832368198770494,-0.4590760651126573
0.5095913261050875,0.5136399439043586,-1.8611157299709005,-0.351085699837888,-0.48426237636164404
0.5104253544620517,0.5142151811366539,-1.8629663361778612,-0.38410558148743473,-0.5092529888115126
0.5112593828190158,0.5147917930450732,-1.8649114933372024,-0.41740377092131614,-0.5340307464736059
0.51209341117598,0.515369891013092,-1.8669349963154256,-0.451000011753519,-0.5585786374173698
0.5129274395329441,0.5159495860375484,-1.8690194951343488,-0.4849132939902519,-0.5828798053807746
0.5137614678899083,0.5165309886751006,-1.871146528867873,-0.5191618021922569,-0.6069175612708402
0.5145954962468724,0.5171142089865628,-1.87329656174198,-0.5537628651313921,-0.6306753945461747
0.5154295246038365,0.5176993564790645,-1.8754490213732948,-0.5887329070341716,-0.6541369844736342
0.5162635529608006,0.5182865400460045,-1.8775823390777573,-0.6240874005017231,-0.6772862112511681
0.5170975813177647,0.5188758679047871,-1.8796739921772325,-0.6598408211927034,-0.7001071669890631
0.517931609674729,0.5194674475323574,-1.88170054822832,-0.6960066043524827,-0.7225841665418568
0.5187656380316931,0.5200613855985651,-1.8836377110942004,-0.7325971032685363,-0.7447017581832851
0.5195996663886572,0.5206577878974191,-1.8854603687770153,-0.7696235497285836,-0.7664447341167169
0.5204336947456213,0.5212567592763058,-1.8871426429251463,-0.8070960165544462,-0.787798140813627
0.5212677231025855,0.5218584035632721,-1.8886579399267245,-0.8450233822808478,-0.8087472891727556
0.5221017514595496,0.5224628234924893,-1.8899790034978428,-0.8834132980446616,-0.8292777644927048
0.5229357798165137,0.5230701206280327,-1.891077968671266,-0.9222721567461283,-0.8493754362508468
0.5237698081734778,0.5236803952861312,-1.8919264170888248,-0.9616050645396211,-0.8690264676814723
0.5246038365304421,0.5242937464560532,-1.8924954334983985,-1.0014158147073826,-0.8882173251463032
0.5254378648874062,0.5249102717198109,-1.8927556633541274,-1.041706863965523,-0.9069347872905599
0.5262718932443703,0.5255300671708776,-1.8926773714164578,-1.0824793112472235,-0.9251659539778637
0.5271059216013344,0.5261532273321219,-1.892230501246859,-1.1237328790037338,-0.9428982549974448
0.5279399499582985,0.5267798450731731,-1.8913847354902844,-1.165465897059453,-0.9601194585372093
0.5287739783152627,0.5274100115274377,-1.890109556837041,-1.2076752890526627,-0.9768176794163179
0.5296080066722268,0.5280438160089946,-1.888374309554403,-1.2503565614891863,-0.9929813870711164
0.530442035029191,0.528681345929599,-1.886148261477234,-1.2935037954314987,-1.008599413288348
0.5312760633861551,0.5293226867160278,-1.8834006663459368,-1.3371096408411678,-1.0236609596796804
0.5321100917431193,0.5299679217279998,-1.8801008263793435,-1.381165313587971,-1.0381556048917624
0.5329441201000834,0.5306171321769056,-1.8762181549696435,-1.4256605951342565,-1.0520733115461238
0.5337781484570475,0.531270397045577,-1.8717222393861292,-1.4705838348983076,-1.0654044329033332
0.5346121768140116,0.5319277930093245,-1.866582903374348,-1.5159219552960348,-1.0781397192460223
0.5354462051709757,0.5325893943584689,-1.8607702695373824,-1.561660459455302,-1.0902703239754354
0.53628023352794,0.5332552729225845,-1.8542548213861643,-1.607783441592696,-1.101787809416333
0.5371142618849041,0.5339254979966674,-1.8470074649462693,-1.6542736000377136,-1.1126841523251736
0.5379482902418682,0.5346001362694375,-1.8389995898091398,-1.701112252884838,-1.1229517490966308
0.5387823185988323,0.5352792517539695,-1.8302031295166896,-1.7482793562491425,-1.132583420663595
0.5396163469557965,0.5359629057208487,-1.8205906211691034,-1.7957535250966652,-1.1415724170859356
0.5404503753127606,0.536651156634032,-1.8101352641469588,-1.8435120566161296,-1.149912421823385
0.5412844036697247,0.5373440600895903,-1.7988109778401746,-1.8915309560940925,-1.157597555688005
0.5421184320266889,0.538041668757497,-1.7865924582778316,-1.9397849652513162,-1.1646223804717988
0.542952460383653,0.5387440323266222,-1.7734552335546925,-1.9882475929936927,-1.17098190224509
0.5437864887406172,0.5394511974530778,-1.7593757179522032,-2.0368911485266694,-1.17667157432135
0.5446205170975813,0.540163207712058,-1.74433126465382,-2.0856867767783673,-1.1816872998842793
0.5454545454545454,0.5408801035533023,-1.7283002169568384,-2.1346044960719404,-1.1860254342729075
0.5462885738115095,0.5416019222603069,-1.7112619578852668,-2.183613237984188,-1.1896827869205864
0.5471226021684737,0.5423286979133997,-1.6931969581109596,-2.2326808893233454,-1.1926566229437316
0.5479566305254379,0.5430604613567834,-1.6740868220929888,-2.2817743361552316,-1.194944664376199
0.548790658882402,0.5437972401696525,-1.653914332348031,-2.330859509803423,-1.1965450910451594
0.5496246872393661,0.5445390586414702,-1.6326634917678065,-2.3799014347454346,-1.1974565410843299
0.5504587155963303,0.5452859377514983,-1.6103195639026022,-2.4288642783237093,-1.197678111080355
0.5512927439532944,0.5460378951526543,-1.5868691111334234,-2.477711402186841,-1.1972093558480879
0.5521267723102585,0.5467949451597748,-1.5623000306586794,-2.5264054153735076,-1.1960502878304358
0.5529608006672226,0.5475570987423475,-1.5366015882250847,-2.574908228948465,-1.1942013761183263
0.5537948290241868,0.5483243635217798,-1.5097644495359868,-2.623181112097485,-1.191663545086236
0.554628857381151,0.5490967437732559,-1.481780709274407,-2.671184749585236,-1.1884381726385795
0.5554628857381151,0.5498742404322362,-1.4526439176820238,-2.7188793004777487,-1.1845270880620802
0.5562969140950792,0.5506568511056419,-1.4223491046394254,-2.766224458028975,-1.1799325694790839
0.5571309424520433,0.5514445700877664,-1.390892801197256,-2.8131795106286557,-1.1746573408965477
0.5579649708090075,0.5522373883809405,-1.3582730585123504,-2.8597034037068636,-1.168704568845254
0.5587989991659716,0.5530352937209808,-1.3244894641473395,-2.905754802488995,-1.162077858603543
0.5596330275229358,0.5538382706074326,-1.2895431556971098,-2.951292155493175,-1.1547812499996515
0.5604670558798999,0.5546463003386121,-1.2534368317101485,-2.9962737586609007,-1.1468192127865344
0.561301084236864,0.5554593610514412,-1.2161747598779917,-3.0406578200104915,-1.1381966415828106
0.5621351125938282,0.5562774277660489,-1.177762782471181,-3.084402524701869,-1.1289188503733414
0.5629691409507923,0.5571004724350982,-1.138208319005545,-3.127466100400489,-1.118991566562833
0.5638031693077564,0.5579284639977714,-1.0975203661284487,-3.169806882827616,-1.1084209245757972
0.5646371976647205,0.5587613684383228,-1.055709494720533,-3.211383381383707,-1.0972134589963198
0.5654712260216848,0.5595991488490683,-1.0127878442149874,-3.2521543447314336,-1.0853760972413011
0.5663052543786489,0.5604417654976449,-0.9687691141430176,-3.2920788262249276,-1.0729161517612824
0.567139282735613,0.5612891758983178,-0.9236685529216784,-3.331116249071807,-1.0598413117637113
0.5679733110925771,0.5621413348870549,-0.8775029439077222,-3.3692264711151667,-1.046159634454518
0.5688073394495413,0.5629981947000138,-0.8302905887499189,-3.4063698491229744,-1.0318795357954427
0.5696413678065054,0.5638597050549926,-0.7820512880814956,-3.4425073024731363,-1.0170097807766258
0.5704753961634695,0.5647258132352958,-0.7328063196044228,-3.4776003761234526,-1.0015594732067483
0.5713094245204337,0.5655964641753337,-0.6825784136286365,-3.5116113027565787,-0.9855380450267341
0.5721434528773978,0.5664716005471216,-0.6313917261418245,-3.5445030639914097,-0.9689552451578166
0.572977481234362,0.5673511628466741,-0.5792718094990207,-3.5762394505537416,-0.9518211279008306
0.5738115095913261,0.5682350894790676,-0.5262455808370595,-3.6067851213004594,-0.934146040911412
0.5746455379482902,0.569123316840714,-0.47234128833583733,-3.636105660993266,-0.9159406127854797
0.5754795663052543,0.570015779397097,-0.4175884754676895,-3.664167636719779,-0.8972157403013491
0.5763135946622185,0.5709124097539039,-0.3620179433974388,-3.690938652861701,-0.8779825753797177
0.5771476230191827,0.5718131387191233,-0.3056617117189969,-3.7163874045118828,-0.8582525118407143
0.5779816513761468,0.5727178953532668,-0.2485529777401886,-3.740483729244296,-0.8380371720588742
0.5788156797331109,0.5736266070044276,-0.19072607455504617,-3.7631986571432052,-0.817348393642868
0.579649708090075,0.5745391993244034,-0.1322164281724637,-3.7845044590002437,-0.796198216297293
0.5804837364470392,0.5754555962615978,-0.07306051400076313,-3.8043746925906716,-0.7745988690594381
0.5813177648040033,0.5763757200258972,-0.013295813018715963,-3.82278424694276,-0.7525627581447615
0.5821517931609674,0.57729949102021,0.047039232006060916,-3.8397093845170636,-0.7301024556809621
0.5829858215179315,0.5782268277328971,0.10790525986375726,-3.855127781215404,-0.7072306896615037
0.5838198498748958,0.5818118736031511,0.24067817110868722,-3.9336568901778337,-0.5000000000000001
0.5846538782318599,0.5838918243109372,0.28498430299524824,-3.8823205323548806,-0.36633486210214294
0.585487906588824,0.5848107584283919,0.3453100023869392,-3.8930703262339894,-0.34123082965725793
0.5863219349457881,0.5857318112571799,0.40591369852776293,-3.902236903080782,-0.31576772293377076
0.5871559633027523,0.5866548442695728,0.46674960874803784,-3.9098054763318695,-0.2899631764179184
0.5879899916597164,0.5875797179435316,0.5277715680100667,-3.915762869760394,-0.26383544604454695
0.5888240200166805,0.5885062922288444,0.5889331341699264,-3.920097541956766,-0.23740342710178358
0.5896580483736447,0.5894344270556119,0.6501876963574363,-3.922799608283393,-0.21068666730363705
0.5904920767306088,0.5903639828787912,0.7114885852922166,-3.923860860244833,-0.1837053733197929
0.591326105087573,0.5912948212491302,0.772789184025682,-3.923274782212521,-0.1564804089479113
0.5921601334445371,0.5922268053970979,0.834043037269903,-3.9210365654409607,-0.12903328309749756
0.5929941618015012,0.5931598008126109,0.8952039571736872,-3.917143119310425,-0.10138612585268239
0.5938281901584653,0.5940936757997519,0.956226123168092,-3.9115930797306997,-0.0735616511191943
0.5946622185154296,0.5950283019827121,1.0170641733684969,-3.9043868146419487,-0.04558310475520336
0.5954962468723937,0.5959635547372953,1.0776732850291484,-3.895526426553116,-0.017474197641958067
0.5963302752293578,0.5968993135219937,1.1380092417345213,-3.8850157520664834,0.010740976142508019
0.5971643035863219,0.5978354620842793,1.198028485405631,-3.872860358349135,0.039038035058675744
0.597998331943286,0.5987718885216489,1.2576881518040617,-3.8590675365288707,0.0673924178706585
0.5988323603002502,0.5997084851831553,1.3169460890151479,-3.843646292012775,0.0957795006783226
0.5996663886572143,0.600645148405461,1.3757608593380233,-3.826607331750565,0.1241747196621786
0.6005004170141784,0.6015817780872985,1.4340917260322208,-3.8079630484905382,0.15255369537610336
0.6013344453711426,0.602518277116834,1.4918986273748733,-3.7877275021014083,0.18089235407263196
0.6021684737281068,0.6034545506767295,1.549142141365527,-3.765916398056578,0.2091670415129156
0.6030025020850709,0.6043905054606178,1.6057834450783575,-3.7425470631963207,0.23735462502224505
0.603836530442035,0.605326048841195,1.6617842730257133,-3.717638418896219,0.2654325801863444
0.6046705587989991,0.606261088033441,1.717106878914877,-3.691210951776098,0.29337905948971976
0.6055045871559632,0.6071955292962251,1.7717140048496383,-3.663286682082182,0.3211729412856533
0.6063386155129274,0.6081292772117923,1.825568861385734,-3.633889129867433,0.3487938586512066
0.6071726438698916,0.6090622340758929,1.878635120971435,-3.6030432790816977,0.3762222088075329
0.6080066722268557,0.6099942994224189,1.9308769262879864,-3.5707755396672027,0.4034391447748097
0.6088407005838198,0.6109253696964364,1.9822589139583076,-3.5371137077376296,0.4304265517064319
0.609674728940784,0.6118553380794812,2.032746253114731,-3.5020869239025982,0.4571670108647218
0.6105087572977481,0.6127840944618892,2.082304697487337,-3.465725629786063,0.48364375444953644
0.6113427856547122,0.6137115255494506,2.130900649046637,-3.428061522777094,0.5098406144914054
0.6121768140116763,0.6146375150862324,2.178501230828483,-3.3891275090462063,0.5357419688140517
0.6130108423686406,0.6155619441721064,2.225074366381426,-3.348957654859231,0.5613326867115321
0.6138448707256047,0.6164846916522461,2.2705888632806746,-3.307587136223164,0.5865980765316346
0.6146788990825688,0.6174056345562843,2.315014498309776,-3.265052186904203,0.611523836862782
0.6155129274395329,0.6183246485665537,2.358322102175547,-3.221390044866008,0.6360960125330138
0.616346955796497,0.6192416084974526,2.400483641951152,-3.1766388971850366,0.6603009561796442
0.6171809841534612,0.6201563887710492,2.441472299796625,-3.1308378235095877,0.6841252957584172
0.6180150125104253,0.6210688638772545,2.481262546856294,-3.0840267381383635,0.7075559080427852
0.6188490408673895,0.6219789088099775,2.5198302115555467,-3.036246330803187,0.7305798979190542
0.6196830692243536,0.6228863994734672,2.5571525418026635,-2.987538006248189,0.7531845831073649
0.6205170975813178,0.623791213055427,2.5932082608372946,-2.9379438227046584,0.7753574838237673
0.6213511259382819,0.6246932283654386,2.6279776166556768,-2.8875064293661614,0.7970863168347402
0.622185154295246,0.6255923261387474,2.661442425085358,-2.8362690029731428,0.8183589933318143
0.6230191826522101,0.6264883893065701,2.693586106684944,-2.7842751836197452,0.8391636200601928
0.6238532110091742,0.6273813032348634,2.7243937177129847,-2.7315690098980703,0.8594885031627371
0.6246872393661385,0.6282709559339628,2.7538519754508326,-2.6781948534970126,0.8793221542417662
0.6255212677231026,0.6291572382417561,2.7819492781837107,-2.6241973533742136,0.8986532981897614
0.6263552960800667,0.630040043983135,2.8086757201478076,-2.5696213496198506,0.9174708823922153
0.6271893244370308,0.6309192701084099,2.8340231017431115,-2.5145118171318246,0.9357640869574408
0.628023352793995,0.6317948168132409,2.857984935296644,-2.458913799221302,0.9535223356779001
0.6288573811509591,0.6326665876424438,2.8805564466409814,-2.4028723412673347,0.9707353074733234
0.6296914095079232,0.6335344895798003,2.901734572751106,-2.346432424538747,0.9873929481072644
0.6305254378648874,0.6343984331257734,2.921517955660587,-2.289638900300184,1.003485482005416
0.6313594662218516,0.6352583323647871,2.939906932856441,-2.232536424318559,1.0190034240357024
0.6321934945788157,0.6361141050235062,2.9569035243320463,-2.17516939188459,1.0339375911376363
0.6330275229357798,0.6369656725213411,2.9725114164593727,-2.117581873462887,1.0482791137114622
0.6338615512927439,0.6378129600142131,2.9867359428259714,-2.059817551082275,1.06201944669706
0.634695579649708,0.6386558964324409,2.9995840621681453,-2.0019196555765717,1.075150380288704
0.6355296080066722,0.6394944145134605,3.011064333520525,-1.943930904783931,1.0876640502448842
0.6363636363636364,0.6403284508299583,3.0211868886923816,-1.8858934428110015,1.0995529477632937
0.6371976647206005,0.6411579458138822,3.0299634021734545,-1.827848780466029,1.110809928899683
0.6380316930775646,0.6419828437767017,3.0374070585661106,-1.7698377369625042,1.121428223516218
0.6388657214345288,0.6428030929262012,3.0435325176359527,-1.7119003829928499,1.1314014437504762
0.6396997497914929,0.6436186453800277,3.0483558770697723,-1.6540759852688425,1.1407235920005099
0.640533778148457,0.6444294571761542,3.051894633027623,-1.5964029526226144,1.1493890684247139
0.6413678065054211,0.6452354882803706,3.0541676385742877,-1.5389187837597664,1.1573926779577184
0.6422018348623852,0.6460367025908827,3.0551950600753193,-1.4816600167523108,1.1647296368454327
0.6430358632193495,0.6468330679400611,3.0549983316424583,-1.4246621803568809,1.1713955787037627
0.6438698915763136,0.647624556093366,3.0536001077142214,-1.3679597472396148,1.1773865601064903
0.6447039199332777,0.6484111427454455,3.0510242138584482,-1.311586089186471,1.1826990657083603
0.6455379482902418,0.6491928075134026,3.04729559588467,-1.255573434373487,1.1873300129100357
0.646371976647206,0.6499695339272029,3.0424402673560995,-1.199952826768524,1.1912767560716169
0.6472060050041701,0.6507413094172003,3.036485255592394,-1.1447540877318396,1.1945370902816344
0.6480400333611342,0.6515081252987435,3.0294585462564623,-1.0900057798793235,1.1971092546883586
0.6488740617180984,0.6522699767538325,3.021389026620219,-1.0357351732680888,1.1989919354002156
0.6497080900750625,0.6530268628097892,3.012306427606118,-0.9819682139601557,1.2001842679619734
0.6505421184320267,0.6537787863149109,3.002241264703277,-0.9287294950159766,1.2006858394131565
0.6513761467889908,0.6545257539110775,2.991224777858451,-0.8760422299651741,1.2004966899350302
0.6522101751459549,0.6552677760032871,2.9792888704440954,-0.8239282287979338,1.1996173140922792
0.653044203502919,0.6560048667261066,2.966466047407144,-0.7724078765157049,1.1980486616753292
0.6538782318598833,0.6567370439070168,2.952789352703636,-0.721500114276344,1.1957921381490892
0.6547122602168474,0.6574643290266585,2.938292306125565,-0.6712224231633547,1.1928496047137225
0.6555462885738115,0.6581867471759731,2.923008839627478,-0.6215908106056883,1.1892233779829378
0.6563803169307756,0.6589043270102576,2.9069732332613705,-0.5726197994690408,1.1849162292851239
0.6572143452877398,0.6596171007001511,2.8902200508291425,-0.52432241983603,1.1799313835925624
0.6580483736447039,0.6603251038795882,2.872784075362471,-0.47671020348757404,1.1742725180838591
0.658882402001668,0.6610283755907558,2.854700244540563,-0.42979318109366815,1.1679437603446652
0.6597164303586321,0.6617269582261086,2.8360035861562403,-0.38357988211737803,1.1609496862116795
0.6605504587155963,0.6624208974675048,2.816729153741022,-0.3380773374310405,1.1532953172649045
0.6613844870725605,0.6631102422225326,2.796911962459771,-0.29329108463988324,1.1449861179731164
0.6622185154295246,0.6637950445581149,2.7765869253848785,-0.24922517610331868,1.1360279924974617
0.6630525437864887,0.664475359631483,2.755788790259804,-0.2058821896401395,1.1264272811581613
0.6638865721434528,0.6651512456186264,2.734552076860726,-0.16326324189950348,1.1161907565692333
0.664720600500417,0.6658227636403357,2.7129110150644062,-0.12136800437502042,1.1053256194463108
0.6655546288573811,0.6664899776859635,2.69089948372908,-0.08019472203519987,1.0938394940925078
0.6663886572143453,0.6702913088647878,2.7685279911850316,-0.039817717036798185,0.8342642956922608
0.6672226855713094,0.6767068207960413,2.3264253083598776,-0.1744256723779767,0.8218947881358151
0.6680567139282735,0.6799523534100281,2.231047900832093,0.03872348746237993,0.8089231311193305
0.6688907422852377,0.6833996681876555,2.3084881494911995,0.07690133780383133,1.0418521427779424
0.6697247706422018,0.6840422227766437,2.2853457848981975,0.11430770587553758,1.0273899109101081
0.6705587989991659,0.6846809443077003,2.2620209220880416,0.15103021584814316,1.0123610399168703
0.67139282735613,0.6853159138431377,2.2385435793814046,0.18707967195640493,0.9967759668674575
0.6722268557130943,0.6859472145721327,2.2149429694824407,0.22246807255567624,0.980645505344473
0.6730608840700584,0.6865749317347589,2.1912474506144424,0.2572085711261305,0.9639808382713586
0.6738949124270225,0.6871991525445403,2.167484479405267,0.29131543522267644,0.9467935104726516
0.6747289407839866,0.6878199661098706,2.1436805656059654,0.32480400345267674,0.9290954209730169
0.6755629691409508,0.688437463354628,2.1198612287228307,0.3576906405660418,0.9108988150412888
0.6763969974979149,0.6890517369383162,2.096050956639217,0.3899926907455918,0.8922162759856134
0.677231025854879,0.6896628811760468,2.0722731663001728,0.4217284291881173,0.8730607167061788
0.6780650542118432,0.6902709919586676,2.048550166528918,0.4529170120690328,0.853445371011909
0.6788990825688073,0.6908761666733324,2.024903123040402,0.4835784249863318,0.8333837847077389
0.6797331109257715,0.6914785041247885,2.0013520257132034,0.5137334299813279,0.8128898064591629
0.6805671392827356,0.6920781044576463,1.9779156581768738,0.543403511236234,0.791977578440809
0.6814011676396997,0.6926750690798748,1.9546115697677666,0.5726108195503654,0.7706615267760624
0.6822351959966638,0.6932695005877557,1.9314560499019027,0.6013781156986975,0.7489563517745775
0.683069224353628,0.6938615026924977,1.9084641049094153,0.6297287127780671,0.7268770179750328
0.6839032527105922,0.6944511801487048,1.885649437370261,0.6576864176480347,0.7044387440001063
0.6847372810675563,0.6950386386848602,1.8630244279868455,0.685275471574483,0.6816569922312371
0.6855713094245204,0.6956239849359737,1.8406001200242486,0.7125204901855635,0.6585474583103992
0.6864053377814845,0.6962073263785075,1.8183862063445093,0.7394464028501703,0.6351260604765514
0.6872393661384487,0.6967887712676805,1.7963910190564572,0.7660783915905423,0.6114089287442906
0.6880733944954128,0.6973684285772187,1.774621521798211,0.792441829640556,0.5874123939324836
0.6889074228523769,0.6979464079416002,1.7530833046644363,0.8185622197624886,0.5631529765505389
0.689741451209341,0.6985228196008129,1.7317805817860792,0.8444651324346897,0.5386473755503589
0.6905754795663053,0.6990977743476198,1.7107161915652573,0.8701761440231246,0.5139124569517473
0.6914095079232694,0.6996713834773045,1.6898915995633992,0.8957207750495795,0.488965242349347
0.6922435362802335,0.7002437587398346,1.6693069040360822,0.9211244286688236,0.4638228973092722
0.6930775646371976,0.7008150122943714,1.648960844103014,0.9464123294670624,0.4385027196634209
0.6939115929941617,0.7013852566660158,1.6288508105372412,0.9716094626928182,0.4130221277098087
0.6947456213511259,0.7019546047046689,1.6089728591527415,0.9967405140309832,0.38739864832705606
0.69557964970809,0.7025231695458566,1.589321726765114,1.0218298100295304,0.36164990501150795
0.6964136780650542,0.703091064573356,1.5698908496953203,1.0469012592872802,0.33579360584509055
0.6972477064220183,0.703658403383433,1.5506723847821215,1.071978294509612,0.3098475314025894
0.6980817347789825,0.7042252997504953,1.5316572328641307,1.097083815537632,0.2838295226064691
0.6989157631359466,0.7047918675939405,1.5128350646882545,1.1222401334542909,0.2577574685379525
0.6997497914929107,0.7053582209459769,1.4941943491967487,1.1474689158693125,0.23164929421263475
0.7005838198498748,0.7059244739201729,1.4757223841411293,1.172791133482313,0.2055229483292617
0.7014178482068391,0.7064907406804974,1.4574053289667286,1.1982270080216384,0.17939639100010824
0.7022518765638032,0.7070571354105957,1.4392282399079515,1.2237959616535798,0.15328758147150315
0.7030859049207673,0.7076237722830493,1.4211751072301604,1.2495165679542601,0.1272144658430132
0.7039199332777314,0.7081907654283707,1.4032288945502702,1.2754065045337015,0.10119496479379646
0.7047539616346955,0.7087582289034766,1.3853715801646647,1.3014825073983927,0.07524696132466366
0.7055879899916597,0.7093262766594021,1.3675842003091279,1.3277603271359932,0.04938828852427429
0.7064220183486238,0.7098950225080093,1.3498468942723563,1.3542546870021575,0.023636717368038213
0.707256046705588,0.7104645800874709,1.3321389512810922,1.3809792429863808,-0.001990055441897759
0.7080900750625521,0.7110350628263046,1.3144388590718952,1.4079465459301095,-0.027474419587121157
0.7089241034195163,0.7116065839057611,1.2967243540614706,1.4351680057667822,-0.052798863185550826
0.7097581317764804,0.7121792562203777,1.278972473024656,1.462653857949644,-0.07794598477769896
0.7105921601334445,0.7127531923365262,1.2611596061864891,1.4904131321293745,-0.10289850523844807
0.7114261884904086,0.7133285044488082,1.2432615516322238,1.518453623139493,-0.12763927960599153
0.7122602168473727,0.7139053043341658,1.2252535709367949,1.5467818643434663,-0.15215130881975367
0.713094245204337,0.7144837033036006,1.2071104459130855,1.5754031033932903,-0.1764177513592712
0.7139282735613011,0.7150638121514141,1.1888065363762907,1.6043212804449158,-0.20042193477579953
0.7147623019182652,0.7156457411019084,1.170315838819893,1.6335390088717079,-0.22414736710887145
0.7155963302752293,0.7162295997535035,1.151612045897092,1.6630575585125116,-0.2475777481797108
0.7164303586321935,0.7168154970202595,1.1326686066000802,1.692876841486581,-0.27069698075382476
0.7172643869891576,0.7174035410708072,1.1134587870283212,1.7229954006029193,-0.29348918156498205
0.7180984153461217,0.7179938392647186,1.0939557316357842,1.753410400387157,-0.31593869219296455
0.7189324437030858,0.7185864980863694,1.0741325248464952,1.784117620744187,-0.33803008978754334
0.7197664720600501,0.7191816230763669,1.053962252926664,1.8151114532704682,-0.3597481976313206
0.7206005004170142,0.7197793187606393,1.033418066001567,1.846384900224826,-0.3810780955340324
0.7214345287739783,0.7203796885772986,1.0124732401048164,1.877929576162115,-0.4020051300511721
0.7222685571309424,0.7209828348014139,0.991101239147562,1.9097357122293888,-0.4225149245198998
0.7231025854879065,0.7215888584678393,0.969275776695523,1.9417921631192432,-0.4425933889052081
0.7239366138448707,0.7221978592922669,0.9469708774416173,1.9740864166706644,-0.4622267294495994
0.7247706422018348,0.72280993559068,0.9241609382629317,2.006604606102634,-0.48140145811955115
0.725604670558799,0.7234251841974011,0.9008207887510573,2.0393315248614283,-0.5001044018423234
0.7264386989157631,0.7240437003819322,0.8769257511060191,2.072250644057508,-0.5183227115265617
0.7272727272727273,0.7246655777648033,0.8524516992848871,2.1053441324637703,-0.5360438708606673
0.7281067556296914,0.7252909082326412,0.8273751172975405,2.1385928790418904,-0.5532557048826569
0.7289407839866555,0.7259197818526859,0.8016731565435189,2.1719765179594392,-0.5699463883157642
0.7297748123436196,0.7265522867869778,0.7753236920855378,2.205473456055611,-0.5861044536638755
0.7306088407005837,0.7271885092064471,0.7483053777569446,2.2390609027094786,-0.6017187990613528
0.731442869057548,0.727828533205131,0.7205977000027367,2.272714902060001,-0.616778695871742
0.7322768974145121,0.7284724407147506,0.692181030355519,2.3064103675231102,-0.6312737960301429
0.7331109257714762,0.7291203114198711,0.6630366764504975,2.34012111854705,-0.645194139124242
0.7339449541284403,0.7297722226738651,0.6331469314860199,2.373819919543004,-0.6585301592090698
0.7347789824854045,0.7304282494159031,0.602495122038686,2.4074785209244727,-0.6712726913508599
0.7356130108423686,0.7310884640891734,0.57106565414539,2.4410677021846494,-0.6834129778954483
0.7364470391993327,0.7317529365605442,0.5388440575669717,2.474557316938002,-0.6949426744570141
0.7372810675562969,0.7324217340418597,0.505817028152113,2.5079163398481352,-0.705853855622974
0.7381150959132611,0.733094921013062,0.47197246822262934,2.5411129153611265,-0.7161390203711869
0.7389491242702252,0.7337725591473155,0.43729952490545926,2.574114408159983,-0.7257910971957446
0.7397831526271893,0.7344547072383085,0.4017886263397129,2.606887455253004,-0.7348034489378941
0.7406171809841534,0.7351414211298885,0.3654315156910739,2.6393980196057045,-0.7431698773187594
0.7414512093411175,0.7358327536481845,0.32822128290979413,2.6716114452233186,-0.7508846271708363
0.7422852376980817,0.7365287545363566,0.2901523941720354,2.703492513588334,-0.7579423903653916
0.7431192660550459,0.7372294703921025,0.251220718948913,2.735005501354789,-0.7643383094330831
0.74395329441201,0.7379349446080419,0.2114235546512692,2.7661142391992284,-0.7700679808754335
0.7447873227689741,0.7386452173150879,0.17075964880266237,2.796782171725675,-0.7751274581648734
0.7456213511259383,0.739360325328906,0.12922921869747012,2.8269724183204046,-0.7795132544314112
0.7464553794829024,0.7400803020995499,0.08683396850507905,2.856647834850331,-0.7832223448341098
0.7472894078398665,0.7408051776643558,0.04357710378592691,2.8857710760974897,-0.7862521686158397
0.7481234361968306,0.7415349786041644,-0.0005366566103836845,2.9143046588205044,-0.7886006308399385
0.7489574645537947,0.7422697280029347,-0.045501071290370676,2.9422110253329623,-0.7902661038076746
0.749791492910759,0.743009445410799,-0.09130836972563956,2.969452607487554,-0.7912474281556088
0.7506255212677231,0.7471716368918647,-0.19242705685807102,3.159598959235138,-1
0.7514595496246872,0.7496164749255982,-0.29699009176068825,3.018544715195036,-1.014440030291106
0.7522935779816513,0.7503722442463666,-0.34534872303416325,3.043560455890531,-1.013141991033138
0.7531276063386155,0.7511330664171899,-0.3945030304527948,3.0677627620860455,-1.0111609782625968
0.7539616346955796,0.7518989408006816,-0.4444375704316027,3.0911149839742817,-1.0084982583657265
0.7547956630525438,0.7526698630153964,-0.4951353876465173,3.1135808475384503,-1.0051555660010978
0.7556296914095079,0.7534458249297301,-0.5465780273149462,3.135124518224176,-1.0011351028110647
0.756463719766472,0.7542268146594818,-0.5987455501334339,3.155710664117127,-0.9964395358155246
0.7572977481234362,0.755012816569036,-0.6516165498501548,3.175304518515262,-0.9910719954895723
0.7581317764804003,0.7558038112761268,-0.7051681734460074,3.193871941785829,-0.9850360735266821
0.7589658048373644,0.756599775660141,-0.759376143893151,3.2113794823981046,-0.9783358202893777
0.7597998331943285,0.7574006828739065,-0.8142147854552655,3.227794437024596,-0.9709757419495322
0.7606338615512928,0.7582065023589208,-0.8696570514896625,3.243084909604644,-0.9629607973205647
0.7614678899082569,0.7590171998639617,-0.9256745547066769,3.2572198692664633,-0.9542963943839923
0.762301918265221,0.759832737467024,-0.9822375998374668,3.2701692070053023,-0.9449883865130897
0.7631359466221851,0.7606530736005266,-1.0393152186574799,3.2819037910176876,-0.9350430683964012
0.7639699749791493,0.7614781630797255,-1.0968752073080437,3.292395520594009,-0.9244671716641784
0.7648040033361134,0.7623079571342746,-1.1548841658552114,3.301617378474019,-0.9132678602209398
0.7656380316930775,0.7631424034428717,-1.2133075400205708,3.3095434815727023,-0.9014527252873982
0.7664720600500416,0.7639814461709217,-1.2721096650149426,3.316149129986476,-0.8890297801554644
0.7673060884070058,0.76482502601116,-1.331253811402608,3.3214108541928833,-0.8760074546598348
0.76814011676397,0.7656730802271617,-1.3907022329193321,3.3253064603599274,-0.8623945893700492
0.7689741451209341,0.7665255426996826,-1.4504162161650611,3.327815073684394,-0.8482004295070652
0.7698081734778982,0.7673823439757536,-1.5103561320876058,3.328917179682095,-0.8334346185884958
0.7706422018348623,0.7682434113204732,-1.5704814891718104,3.328594663356287,-0.8181071918067236
0.7714762301918265,0.7691086687714268,-1.6307509882444318,3.3268308461742913,-0.8022285691444986
0.7723102585487907,0.7699780371956663,-1.6911225788030337,3.323610520786171,-0.7858095482324903
0.7731442869057548,0.7708514343491877,-1.7515535167740142,3.318919983423029,-0.7688612969536778
0.7739783152627189,0.7717287749388342,-1.8120004236023248,3.312747063916803,-0.7513953457994073
0.774812343619683,0.7726099706865673,-1.8724193465735572,3.3050811532871958,-0.7334235799821832
0.7756463719766472,0.7734949303960307,-1.932765820266141,3.2959132288459045,-0.714958231310469
0.7764804003336113,0.7743835600213483,-1.9929949290300906,3.285235876772431,-0.696011869830712
0.7773144286905754,0.7752757627380862,-2.0530613703863825,3.273043312120115,-0.6765973952422434
0.7781484570475395,0.7761714390163147,-2.112919519239792,3.2593313962156616,-0.6567280280905198
0.7789824854045038,0.7770704866957031,-2.1725234927960866,3.2440976514197346,-0.6364173007446458
0.7798165137614679,0.7779728010625833,-2.231827216073852,3.2273412732209126,-0.6156790481649128
0.780650542118432,0.7788782749289134,-2.290784487899364,3.2090631396398757,-0.5945273984665752
0.7814845704753961,0.7797867987130807,-2.3493490472728733,3.1892658179252815,-0.5729767632858856
0.7823185988323603,0.7806982605224697,-2.4074746399930613,3.1679535685277447,-0.5510418279548337
0.7831526271893244,0.781612546237739,-2.4651150854269126,3.145132346342607,-0.5287375414909239
0.7839866555462885,0.7825295395987324,-2.5222243433110654,3.120809799217433,-0.5060791064086355
0.7848206839032527,0.783449122291962,-2.578756580471155,3.0949952637245675,-0.48308196835923706
0.7856547122602168,0.7843711740395983,-2.6346662373457286,3.0676997582038448,-0.4597618056057385
0.786488740617181,0.7852955726898948,-2.6899080942011264,3.0389359730856262,-0.43613451833998446
0.7873227689741451,0.7862221943089874,-2.7444373369250394,3.0087182585085053,-0.41221621784883916
0.7881567973311092,0.7871509132739963,-2.798209622286294,2.977062609251264,-0.3880232155367121
0.7889908256880733,0.7880816023673646,-2.8511811425499203,2.943986647002945,-0.36357201181166876
0.7898248540450375,0.7890141328723668,-2.903308689337338,2.9095095999997285,-0.33887928484246194
0.7906588824020017,0.7899483746697198,-2.9545497166229127,2.873652280061771,-0.3139618791939429
0.7914929107589658,0.7908841963352266,-3.004862402759465,2.8364370570677293,-0.2888367943485359
0.7923269391159299,0.7918214652383865,-3.054205711427136,2.7978878309091093,-0.2635211731212555
0.793160967472894,0.7927600476419027,-3.102539451401693,2.758030000971001,-0.2380322899761126
0.7939949958298582,0.7936998088020188,-3.1498243350404724,2.7168904331899832,-0.2123875392517636
0.7948290241868223,0.7946406130696162,-3.1960220353863793,2.6744974247442155,-0.18660442330413804
0.7956630525437864,0.7955823239920027,-3.2410952417926207,2.6308806664348716,-0.1607005405742184
0.7964970809007506,0.7965248044153264,-3.285007713973529,2.5860712028219996,-0.13469357358878256
0.7973311092577148,0.7974679165875418,-3.3277243343893983,2.540101390181876,-0.10860127690239331
0.7981651376146789,0.7984115222618638,-3.369211158876281,2.4930048523565813,-0.08244146498864147
0.798999165971643,0.7993554828006374,-3.409435465434534,2.4448164345703214,-0.05623200008884269
0.7998331943286071,0.800299659279559,-3.4483658010933653,2.3955721552902283,-0.029990780026499082
0.8006672226855713,0.8012439125921754,-3.48597202677146,2.3453091562133306,-0.003735725995713145
0.8015012510425354,0.8021881035545996,-3.5222253600578814,2.294065650463797,0.022515229668200076
0.8023352793994996,0.8031320930103684,-3.557098415840399,2.241880869088442,0.04874415572743551
0.8031693077564637,0.8040757419353805,-3.5905652447125007,2.1887950059409143,0.07493313428154595
0.8040033361134278,0.8050189115428472,-3.6226013690941787,2.1348491610477196,0.10106427300009314
0.804837364470392,0.8059614633881861,-3.6531838170051643,2.080085282552369,0.12711971733963093
0.8056713928273561,0.8069032594737987,-3.682291153433924,2.024546107335482,0.15308166273681126
0.8065054211843202,0.8078441623536619,-3.709903509249296,1.9682751004118524,0.17893236676916166
0.8073394495412843,0.8087840352376735,-3.7360026076063613,1.9113163932067248,0.2046541612753527
0.8081734778982486,0.8097227420956875,-3.7605717878021343,1.8537147208160802,0.23022946442644604
0.8090075062552127,0.8106601477611776,-3.7835960265413324,1.7955153583568035,0.2556407927401176
0.8098415346121768,0.8115961180344703,-3.8050619565767794,1.736764056514565,0.28087077302931407
0.8106755629691409,0.8125305197854883,-3.824957882693622,1.677506976398198,0.30590215427745265
0.811509591326105,0.8134632210559438,-3.8432737950110885,1.6177906238107387,0.33071781943171824
0.8123436196830692,0.8143940911609341,-3.86000137958028,1.5576617830476174,0.3553007971065694
0.8131776480400333,0.815323000789873,-3.8751340262608895,1.4971674503340644,0.37963427318927506
0.8140116763969975,0.816249822106719,-3.888666833864841,1.4363547670130654,0.40370160233954483
0.8148457047539616,0.8171744288494421,-3.900596612559202,1.3752709525964355,0.42748631937535336
0.8156797331109258,0.8180966964286804,-3.910921883525655,1.3139632377911323,0.4509721505370895
0.8165137614678899,0.8190165020255475,-3.9196428758786106,1.2524787976124414,0.47414302462226604
0.817347789824854,0.819933724688536,-3.9267615208485576,1.1908646846961237,0.49698308398311075
0.8181818181818181,0.8208482454294865,-3.9322814432422972,1.129167762919618,0.5194766953795392
0.8190158465387822,0.8217599473185716,-3.9362079501960907,1.0674346414429576,0.5416084606798802
0.8198498748957465,0.8226687155782654,-3.9385480172427716,1.005711609277581,0.5633632274021111
0.8206839032527106,0.8235744376762557,-3.9393102717182367,0.944044570490982,0.5847260990882205
0.8215179316096747,0.8244770034172699,-3.9385049735375377,0.882478980152667,0.6056824455046612
0.8223519599666388,0.8253763050337756,-3.9361439933753286,0.8210597811258554,0.626217912661685
0.823185988323603,0.8262722372755286,-3.9322407882898314,0.759831341806609,0.6463184326448322
0.8240200166805671,0.827164697497932,-3.9268103748341248,0.6988373949104255,0.6659702332516045
0.8248540450375312,0.8280535857491758,-3.9198692997027296,0.6381209774034662,0.6851598474268634
0.8256880733944953,0.8289388048561196,-3.9114356079659602,0.5777243716732782,0.703874122490219
0.8265221017514596,0.8298202605088851,-3.9015288089486213,0.5176890480304929,0.722100229149211
0.8273561301084237,0.830697861344112,-3.8901698398137814,0.4580556086307239,0.7398256702919935
0.8281901584653878,0.8315715190268329,-3.877381026916516,0.3988637329018668,0.7570382895534215
0.8290241868223519,0.8324411483309109,-3.8631860449962607,0.3401521245592567,0.7737262796486597
0.829858215179316,0.8333066672179712,-3.847609874280457,0.2819584602875952,0.7898781904685471
0.8306922435362802,0.8341679969147504,-3.830678755575813,0.2243193401646795,0.8054829369311115
0.8315262718932444,0.835025061988762,-3.8124201434270875,0.16727023989914835,0.8205298065838402
0.8323603002502085,0.8358777904221668,-3.7928626574269675,0.11084546495001042,0.8350084669513816
0.8331943286071726,0.8396386973433797,-3.6572340045805776,0.05519333300555298,1.0629472070678099
0.8340283569641368,0.843726937760758,-3.4046341349417313,-0.09581815067315874,1.076320990479129
0.8348623853211009,0.8447867677604539,-3.3415233223143597,-0.05475234748045653,1.089100712218584
0.835696413678065,0.848273910519459,-3.2023179909001764,-0.10898540521630676,0.8870480547559181
0.8365304420350291,0.8491102193950816,-3.176736517751308,-0.16232667715505897,0.8985444619953872
0.8373644703919932,0.8499417759441074,-3.150050105705351,-0.2148651472133758,0.9094190227800053
0.8381984987489575,0.8507685346370241,-3.1222940445838923,-0.26657619631592744,0.9196642478108484
0.8390325271059216,0.8515904535522567,-3.0935043472809842,-0.31743665032097784,0.9292730768143221
0.8398665554628857,0.8524074943865695,-3.063717688541691,-0.36742480334788974,0.9382388833928971
0.8407005838198498,0.8532196224646136,-3.0329713428626977,-0.4165204386588126,0.9465554795789196
0.841534612176814,0.8540268067473665,-3.0013031216239736,-0.4647048470474309,0.9542171200884427
0.8423686405337781,0.8548290198392152,-2.968751309561834,-0.5119608426934696,0.9612185062720799
0.8432026688907422,0.8556262379934472,-2.9353546006944238,-0.5582727764467833,0.9675547897601778
0.8440366972477064,0.8564184411159173,-2.901152033811687,-0.6036265465105713,0.973221575799757
0.8448707256046706,0.8572056127666838,-2.866182927642194,-0.648009606499182,0.9782149262809413
0.8457047539616347,0.8579877401594088,-2.830486815809821,-0.6914109708509931,0.9825313624507279
0.8465387823185988,0.8587648141583426,-2.7941033816934326,-0.7338212175832036,0.9861678673122576
0.8473728106755629,0.859536829272724,-2.7570723933026478,-0.7752324883803993,0.9891218877079404
0.848206839032527,0.860303783648442,-2.719433638282959,-0.8156384860144712,0.9913913360848757
0.8490408673894912,0.8610656790568277,-2.6812268591626798,-0.8550344690991516,0.9929745919415034
0.8498748957464554,0.8618225208804495,-2.6424916889542085,-0.8934172441872476,0.9938705029543337
0.8507089241034195,0.8625743180958144,-2.603267587220883,-0.9307851552247939,0.9940783857840113
0.8515429524603836,0.8633210832528782,-2.5635937767203174,-0.967138070380582,0.993598026560196
0.8523769808173478,0.8640628324512983,-2.5235091807335013,-1.0024773662755553,0.9924296810448341
0.8532110091743119,0.8647995853133662,-2.4830523611882165,-1.036805909640955,0.9905740744737429
0.854045037531276,0.8655313649535741,-2.442261457683369,-1.070128036439248,0.9880324010765659
0.8548790658882401,0.8662581979447904,-2.401174127519657,-1.1024495284867,0.9848063232754556
0.8557130942452043,0.8669801142810264,-2.3598274868397393,-1.1337775876210059,0.9808979705629952
0.8565471226021685,0.8676971473367943,-2.318258052979447,-1.164120807462153,0.9763099380601022
0.8573811509591326,0.8684093338230694,-2.276501688129177,-1.1934891428188517,0.9710452847549261
0.8582151793160967,0.8691167137398875,-2.2345935444022476,-1.22189387679753,0.965107531423913
0.8590492076730608,0.869819330325616,-2.192568010404715,-1.2493475856748268,0.9585006582364503
0.859883236030025,0.8705172300029584,-2.150458659398051,-1.2758641015986607,0.9512291020447367
0.8607172643869891,0.8712104623217606,-2.108298199143802,-1.3014584731868526,0.9432977533607226
0.8615512927439533,0.8718990798987051,-2.066118423515672,-1.3261469240961057,0.9347119530221458
0.8623853211009174,0.872583138353991,-2.0239501659619927,-1.3499468096377305,0.9254774885500431
0.8632193494578815,0.8732626962451149,-1.9818232548976757,-1.3728765715199942,0.9156005902000816
0.8640533778148457,0.8739378149978726,-1.9397664711018103,-1.394955690800171,0.9050879267105318
0.8648874061718098,0.8746085588347319,-1.8978075071929892,-1.4162046391329604,0.8939466007497233
0.8657214345287739,0.8752749947007188,-1.8559729292512437,-1.4366448284042845,0.8821841440661194
0.866555462885738,0.8759371921869903,-1.8142881406513376,-1.4562985588428443,0.8698085123443344
0.8673894912427023,0.8765952234522704,-1.7727773481682143,-1.475188965704425,0.8568280797706029
0.8682235195996664,0.8772491631423371,-1.7314635304117234,-1.493339964626008,0.8432516333113987
0.8690575479566305,0.8778990883077663,-1.6903684086430837,-1.5107761957496288,0.8290883667091552
0.8698915763135946,0.8785450783201392,-1.6495124200217985,-1.5275229667176684,0.8143478741992243
0.8707256046705588,0.8791872147869403,-1.6089146933270926,-1.5436061946433965,0.7990401439522664
0.8715596330275229,0.8798255814653697,-1.5685930271937658,-1.5590523471621889,0.7831755512467067
0.872393661384487,0.8804602641753128,-1.5285638708976907,-1.5738883826706347,0.7667648513757755
0.8732276897414512,0.8810913507117051,-1.4888423077219193,-1.5881416898619718,0.7498191722941625
0.8740617180984153,0.881718930756546,-1.4494420409294901,-1.6018400266675077,0.7323500070091844
0.8748957464553795,0.8823430957908062,-1.4103753823647167,-1.6150114587146707,0.7143692057216973
0.8757297748123436,0.8829639390064875,-1.3716532436997912,-1.6276842974132482,0.6958889677222431
0.8765638031693077,0.8835815552190845,-1.333285130339068,-1.6398870377818124,0.6769218330478514
0.8773978315262718,0.8841960407806998,-1.2952791379885487,-1.651648296126811,0.6574806739052648
0.878231859883236,0.88480749349406,-1.2576419518934328,-1.6629967476870053,0.6375786858664898
0.8790658882402002,0.8854160125276751,-1.2203788487418588,-1.6739610643560034,0.6172293788426657
0.8798999165971643,0.8860216983323749,-1.18349370122823,-1.6845698525952788,0.5964465678424398
0.8807339449541284,0.8866246525594452,-1.1469889852648596,-1.6948515916498024,0.5752443635212204
0.8815679733110925,0.8872249779805828,-1.1108657898257661,-1.704834572177926,0.5536371625277197
0.8824020016680567,0.8878227784098626,-1.0751238294022365,-1.7145468354060298,0.5316396376544616
0.8832360300250208,0.8884181586279075,-1.0397614590445925,-1.7240161129178444,0.5092667277989612
0.8840700583819849,0.8890112243084267,-1.004775691960486,-1.7332697671869681,0.48653362774246767
0.884904086738949,0.8896020819472722,-0.9701622196352149,-1.7423347329598011,0.46345577775329966
0.8857381150959133,0.8901908387941447,-0.9359154344353166,-1.7512374595945046,0.44004885302186564
0.8865721434528774,0.890777602787056,-0.902028454652049,-1.7600038544599663,0.41632875293457167
0.8874061718098415,0.8913624824896336,-0.8684931519373238,-1.7686592274967516,0.39231159019410605
0.8882402001668056,0.8919455870313301,-0.835300181080161,-1.7772282370399168,0.36801367979338495
0.8890742285237698,0.8925270260505759,-0.8024390120678536,-1.7857348370012869,0.34345152785081123
0.8899082568807339,0.8931069096408837,-0.7698979643717152,-1.7942022255064467,0.31864182031452576
0.890742285237698,0.8936853482998979,-0.7376642433935507,-1.8026527950788962,0.2936014115432638
0.8915763135946622,0.8942624528813451,-0.7057239790050932,-1.8111080844612384,0.2683473127718131
0.8924103419516263,0.8948383345498245,-0.6740622661089104,-1.8195887321601667,0.24289668046880614
0.8932443703085905,0.8954131047383491,-0.6426632071457867,-1.8281144317990583,0.21726680459500855
0.8940783986655546,0.895986875108524,-0.6115099564699796,-1.8367038893586753,0.19147509676991709
0.8949124270225187,0.8965597575132234,-0.5805847665108141,-1.8453747823830453,0.16553907835504572
0.8957464553794828,0.8971318639616118,-0.5498690356352466,-1.8541437212242982,0.13947636846184625
0.896580483736447,0.8977033065863236,-0.5193433576238525,-1.8630262123962655,0.11330467189260493
0.8974145120934112,0.8982741976126067,-0.488987572669093,-1.8720366241031825,0.08704176702249569
0.8982485404503753,0.8988446493292094,-0.45878081980248897,-1.8811881540057795,0.060705493631193756
0.8990825688073394,0.8994147740607792,-0.4287015906545907,-1.8904927992831133,0.03431374069235293
0.8999165971643035,0.8999846841415295,-0.39872778444927937,-1.8999613290443889,0.007884434129196368
0.9007506255212677,0.9005544918899132,-0.36883676413193256,-1.9096032591408063,-0.01856447545519062
0.9015846538782318,0.9011243095840403,-0.3390054135285422,-1.9194268294232872,-0.04501502506457373
0.902418682235196,0.9016942494375657,-0.3092101954316746,-1.9294389834873957,-0.07144925160486344
0.9032527105921601,0.902264423575773,-0.27942721050684177,-1.9396453509425522,-0.0978492041795634
0.9040867389491243,0.9028349440115737,-0.24963225691196606,-1.950050232237949,-0.12419695637683217
0.9049207673060884,0.9034059226211519,-0.21980089052092303,-1.9606565860731784,-0.1504746185399896
0.9057547956630525,0.9039774711189777,-0.1899084856413429,-1.971466019416867,-0.17666435001272898
0.9065888240200166,0.9045497010319282,-0.15993029611584156,-1.9824787801520352,-0.20274837135097923
0.9074228523769807,0.9051227236722587,-0.1298415166951928,-1.993693752362186,-0.2287089764927427
0.908256880733945,0.9056966501091805,-0.0996173445714254,-2.005108454267464,-0.2545285448777998
0.9090909090909091,0.9062715911388143,-0.06923304095866836,-2.0167190388154497,-0.2801895535088511
0.9099249374478732,0.906847657252305,-0.03866399260923836,-2.0285202969264895,-0.30567458894584154
0.9107589658048373,0.9074249586019008,-0.007885773152750991,-2.040505663388713,-0.33096635922530676
0.9115929941618015,0.9080036049648157,0.02312579585360336,-2.0526672253931193,-0.3560477056964927
0.9124270225187656,0.9085837057047244,0.05439458427538171,-2.0649957336945324,-0.3809016147661923
0.9132610508757297,0.9091653697307466,0.0859440932622276,-2.077480616379411,-0.40551122954421714
0.9140950792326938,0.9097487054538161,0.11779739573046497,-2.0901099952169595,-0.42985986138154597
0.9149291075896581,0.9103338207403412,0.14997707757544193,-2.1028707045653237,-0.4539310012932294
0.9157631359466222,0.9109208228630962,0.18250517972151542,-2.115748312800154,-0.4777083312581898
0.9165971643035863,0.911509818449302,0.215403141115366,-2.1287271462282504,-0.5011757353882402
0.9174311926605504,0.9133116248476716,0.2104251783925085,-1.9989885069378919,-0.4999999999999985
0.9182652210175145,0.9166692673974881,0.17415546509707333,-2.151513815481384,-0.31571134328485395
0.9190992493744787,0.9172643038889009,0.2083952698860036,-2.1646896654889343,-0.33790637735936585
0.9199332777314428,0.9178618062776551,0.24308444165896398,-2.1778925098820636,-0.3597284589699993
0.920767306088407,0.9184618791277518,0.27824059137086604,-2.1911009074785452,-0.3811626673191859
0.9216013344453711,0.9190646258875242,0.31388041133397027,-2.20429236830931,-0.4021943476233748
0.9224353628023353,0.9196701488140043,0.3500196276232714,-2.217443393524861,-0.42280912115464436
0.9232693911592994,0.9202785488953945,0.386672954199485,-2.2305295173368904,-0.4429928950931744
0.9241034195162635,0.9208899257718256,0.42385404883466626,-2.243525350921123,-0.4627318721837077
0.9249374478732276,0.9215043776545793,0.4615754709221213,-2.2564046282041277,-0.482012560189496
0.9257714762301917,0.9221220012439751,0.4998486412488764,-2.2691402534533025,-0.5008217811371506
0.926605504587156,0.9227428916461318,0.5386838038059862,-2.2817043505860464,-0.5191466803461184
0.9274395329441201,0.9233671422888153,0.5780899897076451,-2.2940683141111315,-0.5369747352365907
0.9282735613010842,0.9239948448366009,0.6180749832870833,-2.3062028616121832,-0.5542937639097549
0.9291075896580483,0.9246260891055749,0.658645290432917,-2.3180780876806306,-0.5710919334946143
0.9299416180150125,0.9252609629778082,0.6998061092258524,-2.3296635192026116,-0.5873577682555093
0.9307756463719766,0.9258995523158358,0.7415613029316709,-2.340928171902128,-0.6030801574549298
0.9316096747289407,0.9265419408773726,0.783913375401951,-2.3518406080403067,-0.6182483629661122
0.9324437030859049,0.9271882102305042,0.826863448930397,-2.362368995168552,-0.632852026630278
0.9332777314428691,0.9278384396695715,0.8704112446073331,-2.3724811658315224,-0.6468811773534093
0.9341117597998332,0.9284927061319841,0.9145550652116132,-2.3821446781141,-0.6603262379377696
0.9349457881567973,0.9291510841161769,0.959291780673863,-2.3913268769248592,-0.6731780316433902
0.9357798165137614,0.9298136456009236,1.0046168161409197,-2.3999949559074407,-0.6854277884751293
0.9366138448707255,0.9304804599662145,1.0505241426665306,-2.4081160198697202,-0.6970671511908799
0.9374478732276897,0.9311515939158973,1.0970062705489356,-2.415657147620058,-0.708088181026927
0.9382819015846539,0.9318271114022664,1.14405424533095,-2.422585455098759,-0.718483363136394
0.939115929941618,0.9325070735527858,1.1916576464740058,-2.428868158692623,-0.7282456117371714
0.9399499582985821,0.9331915385991092,1.2398045887122129,-2.4344726386198614,-0.7373682749657091
0.9407839866555463,0.9338805618085633,1.288481726088503,-2.439366502272462,-0.7458451394333736
0.9416180150125104,0.9345741954182386,1.3376742586695853,-2.443517647403314,-0.7536704344822592
0.9424520433694745,0.935272488571827,1.387365941931931,-2.446894325045255,-0.7608388361374699
0.9432860717264386,0.9359754872593357,1.437539098806532,-2.449465202049989,-0.7673454707532437
0.9441201000834027,0.9366832342597918,1.488174634364997,-2.451199423135054,-0.7731859183503167
0.944954128440367,0.9373957690870465,1.5392520531253904,-2.452066672328122,-0.7783562156423212
0.9457881567973311,0.9381131279387698,1.5907494789510246,-2.4520372336987526,-0.7828528587490633
0.9466221851542952,0.9388353436487282,1.6426436775116227,-2.4510820512687794,-0.7866728055948424
0.9474562135112593,0.9395624456424129,1.694910081270674,-2.44917278799426,-0.789813477990158
0.9482902418682235,0.9402944598960897,1.7475228169594874,-2.4462818837130595,-0.7922727633953472
0.9491242702251876,0.9410314088993257,1.8004547354931053,-2.442382611954087,-0.7940490163649375
0.9499582985821518,0.9417733116210377,1.8536774442795005,-2.4374491355062324,-0.7951410596717083
0.9507923269391159,0.942520183479103,1.907161341868897,-2.431456560646861,-0.7955481851096532
0.9516263552960801,0.943272036313563,1.9608756548861843,-2.424380989932364,-0.7952701539752977
0.9524603836530442,0.944028878363442,2.0147884771851157,-2.4161995734553394,-0.7943071972269864
0.9532944120100083,0.9447907142471945,2.068866811159072,-2.406890558475992,-0.79266001532201
0.9541284403669724,0.9455575449467939,2.123076611139593,-2.3964333373377813,-0.7903297777316527
0.9549624687239365,0.9463293677954596,2.1773828288097294,-2.3848084935804548,-0.7873181221344467
0.9557964970809008,0.9471061764690218,2.231749460556128,-2.371997846166697,-0.7836271532881296
0.9566305254378649,0.9478879609809123,2.286139596679896,-2.3579844917418704,-0.7792594415810365
0.957464553794829,0.9486747076807678,2.340515472383354,-2.3427528448495445,-0.774218021263847
0.9582985821517931,0.9494663992566232,2.394838520446284,-2.326288676029249,-0.7685063883628305
0.9591326105087573,0.9502630147406758,2.4490694255025436,-2.308579147726379,-0.7621284982759173
0.9599666388657214,0.9510645295185827,2.503168179824624,-2.289612847948092,-0.7550887630531595
0.9608006672226855,0.9518709153422712,2.5570941405216714,-2.269379821602555,-0.7473920483633204
0.9616346955796496,0.9526821403462152,2.6108060880531263,-2.2478715994634704,-0.7390436701485193
0.9624687239366138,0.9534981690671438,2.6642622859583343,-2.225081224705435,-0.730049390969071
0.963302752293578,0.9543189624671422,2.7174205417001995,-2.2010032769598475,-0.7204154160408237
0.9641367806505421,0.955144477960095,2.7702382685183995,-2.175633893845874,-0.7101483889674813
0.9649708090075062,0.9559746694414292,2.8226725481864854,-2.1489707899346757,-0.6992553871705249
0.9658048373644703,0.956809487321105,2.8746801945649114,-2.121013273109962,-0.687743917019576
0.9666388657214345,0.9576488785598065,2.926217817840814,-2.091762258292218,-0.6756219086660998
0.9674728940783986,0.9584927867082748,2.9772418893437416,-2.0612202784986966,-0.6628977105835019
0.9683069224353628,0.9593411519497343,3.027708806825612,-2.0293914932155603,-0.6495800838167453
0.9691409507923269,0.9601939111453522,3.077574960091732,-1.9962816940634511,-0.6356781959447485
0.969974979149291,0.9610509978826769,3.126796796869193,-1.9618983077422911,-0.6212016147587183
0.9708090075062552,0.9619123425269959,3.1753308887978022,-1.9262503962459663,-0.6061603016596884
0.9716430358632193,0.9627778722755544,3.2231339974283526,-1.8893486543419222,-0.5905646047783972
0.9724770642201834,0.9636475112145778,3.2701631401123152,-1.8512054043158312,-0.5744252518203928
0.9733110925771475,0.9645211803790332,3.3163756556664663,-1.8118345879858573,-0.5577533426391839
0.9741451209341118,0.9653987978150771,3.36172926969566,-1.7712517559959775,-0.5405603415395708
0.9749791492910759,0.9662802786451239,3.4061821594560895,-1.7294740544023575,-0.5228580693129661
0.97581317764804,0.9671655351354828,3.4496930181410743,-1.686520208571431,-0.5046586950053508
0.9766472060050041,0.9680544767665001,3.492221118469763,-1.6424105044133863,-0.4859747274175522
0.9774812343619683,0.9689470103051638,3.533726375458468,-1.5971667669783471,-0.46681900633551665
0.9783152627189324,0.9698430398801099,3.5741694082511395,-1.5508123364484536,-0.44720469348597003
0.9791492910758965,0.9707424670590007,3.6135116008827377,-1.5033720415622933,-0.4271452632091455
0.9799833194328607,0.9716451909282366,3.6517151618433044,-1.454872170513294,-0.4066544928353991
0.9808173477898248,0.9725511081749925,3.688743182302681,-1.4053404393678015,-0.38574645274493524
0.981651376146789,0.9734601131715871,3.724559692842856,-1.354805958052695,-0.3644354960793921
0.9824854045037531,0.9743720980622346,3.7591297185254042,-1.3032991939670011,-0.3427362480577544
0.9833194328607172,0.9752869528522925,3.792419332091062,-1.250851933275133,-0.3206635948248927
0.9841534612176813,0.9762045655002048,3.8243957050397706,-1.197497239944434,-0.2982326717233969
0.9849874895746455,0.9771248220125046,3.8550271562623917,-1.1432694125921279,-0.2754588508197572
0.9858215179316097,0.9780476065424895,3.884283197767309,-1.088203939211136,-0.2523577274196317
0.9866555462885738,0.9789728014936223,3.9121345768312037,-1.0323374498463282,-0.22894510514521657
0.9874895746455379,0.9799002876294785,3.9385533135306297,-0.9757076672952831,-0.20523697886979916
0.988323603002502,0.9808299441934577,3.963512731942592,-0.9183533559079796,-0.18124951430548766
0.9891576313594662,0.9817616490441466,3.9869874820488738,-0.8603142685576023,-0.15699902210832914
0.9899916597164303,0.9826952788175469,4.008953546913241,-0.8016310918464279,-0.13250192253303958
0.9908256880733944,0.983630709138673,4.029388224558692,-0.7423453895899091,-0.10777469285408733
0.9916597164303586,0.9845678149307324,4.048270062475397,-0.6824995445696517,-0.08283378124353533
0.9924937447873228,0.9855064709337674,4.065578694693631,-0.622136698413841,-0.05769545004394511
0.9933277731442869,0.9864465527204292,4.081294455471881,-0.5613006890964838,-0.03237545515468343
0.994161801501251,0.9873879390547526,4.095397407239305,-0.5000359843886847,-0.006888293201239515
0.9949958298582151,0.9883305185873548,4.107864529277083,-0.43838760520757003,0.01875491118141079
0.9958298582151793,0.9892742148830767,4.118659353014089,-0.37640101076821564,0.04455410197437501
0.9966638865721434,0.9902191372066957,4.127671643898334,-0.3141217358985654,0.07056484369342361
0.9974979149291076,0.9911699431530141,4.133185093804312,-0.251587740048574,0.09801494303861809
0.9983319432860717,0.9948239925584449,4.235674275496895,-0.18925548532723477,-0.13638765798824948
0.9991659716430358,0.9957793507539262,4.240152778940272,-0.12625946668726612,-0.10898491103852234
1,1,4.148759315469438,-0.06302566772059641,0.17412574790562046
