"s","A1","A2","A3","A4","B1","B2","B3","B4"
0,0,0,0,1,0,0,0,-1
0.005235987755982989,0.015462564061189319,0,0,0.999880447409916,-0.6068542916500036,0.3034313051862562,0,-0.7346137160024562
0.010471975511965978,0.03044005782340634,0,0,0.9995365940673245,-0.6167946139102475,0.3084142175023545,0,-0.7241858012234976
0.015707963267948967,0.04494180570750161,0,0,0.9989896066024656,-0.618932726725985,0.30950454617076834,0,-0.7218928006893848
0.020943951023931956,0.05897796223676338,0,0,0.9982592849407407,-0.6190906032505666,0.30961320491752775,0,-0.7217108065614277
0.02617993877991494,0.07255934458108863,0,0,0.9973640967640468,-0.6184526478986226,0.30933232441113984,0,-0.7223779034422244
0.031415926535897934,0.0856972828960855,0,0,0.9963212211451828,-0.6174163728208438,0.308860590467222,0,-0.7234653815000354
0.03665191429188092,0.09840348756619222,0,0,0.9951465990670973,-0.6161527899485602,0.3082834400505553,0,-0.7247875964923801
0.04188790204786391,0.1106899323087896,0,0,0.9938549888617932,-0.6147476109021267,0.3076436612109546,0,-0.7262511635838161
0.047123889803846894,0.12256875200343278,0,0,0.9924600249039359,-0.6132485288892138,0.3069650340146663,0,-0.727804032489234
0.05235987755982988,0.1340521540651586,0,0,0.9909742781679507,-0.6116841891879579,0.30626181576849076,0,-0.7294149387691875
0.05759586531581287,0.14515234217308132,0,0,0.9894093175029578,-0.6100728310933482,0.3055430619757411,0,-0.7310640040654686
0.06283185307179587,0.15588145118630975,0,0,0.9877757706969988,-0.6084266161305749,0.30481479042587717,0,-0.7327380134273959
0.06806784082777885,0.16625149212109336,0,0,0.9860833845915414,-0.6067539617158094,0.3040811480080404,0,-0.734427862603457
0.07330382858376185,0.17627430611980754,0,0,0.9843410836706861,-0.6050608761126125,0.3033450781725872,0,-0.7361270948323425
0.07853981633974483,0.18596152640884875,0,0,0.9825570266888793,-0.6033517601253008,0.30260872176128517,0,-0.7378310206732314
0.08377580409572782,0.19532454731468135,0,0,0.980738661018477,-0.6016299085412484,0.3018736677121591,0,-0.7395361667225329
0.0890117918517108,0.20437449948199932,0,0,0.9788927744965136,-0.5998978348101703,0.30114111538301436,0,-0.741239918255853
0.09424777960769379,0.2131222305128248,0,0,0.977025544630865,-0.5981574876255322,0.30041198282620774,0,-0.7429402806228353
0.09948376736367678,0.22157829031856957,0,0,0.9751425850917904,-0.5964103991918296,0.29968698090653845,0,-0.744635715777162
0.10471975511965977,0.22975292054736113,0,0,0.9732489894677301,-0.594657789063742,0.2989666652052638,0,-0.7463250277204068
0.10995574287564278,0.23765604751540265,0,0,0.9713493723060497,-0.592900638352328,0.29825147310782046,0,-0.7480072805998729
0.11519173063162574,0.24529727813326205,0,0,0.9694479074918947,-0.5911397437181903,0.2975417507852172,0,-0.7496817390976385
0.12042771838760873,0.25268589837546707,0,0,0.9675483640429471,-0.5893757572978795,0.29683777314223375,0,-0.7513478243433667
0.12566370614359174,0.2598308738945233,0,0,0.9656541394159756,-0.5876092166627177,0.29613975878201354,0,-0.7530050808338269
0.1308996938995747,0.2667408524285124,0,0,0.9637682904338108,-0.5858405675985483,0.2954478813813052,0,-0.7546531512841573
0.1361356816555577,0.2734241676949089,0,0,0.9618935619497339,-0.5840701816375548,0.2947622784419228,0,-0.7562917572799535
0.1413716694115407,0.27988884450239143,0,0,0.9600324133710882,-0.5822983697015355,0.294083058098116,0,-0.7579206842292894
0.1466076571675237,0.2861426048474824,0,0,0.9581870431659454,-0.5805253928278981,0.293410304465483,0,-0.7595397695417185
0.15184364492350666,0.2921928747941039,0,0,0.9563594114764371,-0.5787514706818971,0.2927440818831845,0,-0.7611488932567085
0.15707963267948966,0.2980467919619036,0,0,0.9545512609604669,-0.5769767883711544,0.2920844383074794,0,-0.7627479705508972
0.16231562043547265,0.303711213473766,0,0,0.9527641359803026,-0.5752015019454242,0.2914314080480592,0,-0.7643369457005553
0.16755160819145565,0.30919272423458466,0,0,0.950999400252385,-0.5734257428688885,0.2907850139908245,0,-0.765915787181345
0.17278759594743862,0.31449764543241143,0,0,0.9492582530678726,-0.5716496216826679,0.290145269415942,0,-0.7674844836644016
0.1780235837034216,0.31963204316978044,0,0,0.9475417441881449,-0.5698732310240496,0.2895121794944341,0,-0.7690430407243749
0.1832595714594046,0.32460173714757906,0,0,0.9458507875139577,-0.5680966481309027,0.2888857425275305,0,-0.7705914781171347
0.18849555921538758,0.3294123093365385,0,0,0.9441861736212666,-0.5663199369312172,0.2882659509787513,0,-0.772129827516421
0.19373154697137057,0.33406911258244587,0,0,0.9425485812510552,-0.5645431497961207,0.28765279233789426,0,-0.77365813062262
0.19896753472735357,0.33857727910073315,0,0,0.9409385878349045,-0.5627663290182335,0.2870462498478547,0,-0.775176437575101
0.20420352248333656,0.3429417288243535,0,0,0.9393566791325666,-0.5609895080645448,0.28644630311886826,0,-0.7766848056135985
0.20943951023931953,0.3471671775759593,0,0,0.9378032580525312,-0.5592127126431763,0.28585292864985573,0,-0.7781832979450028
0.21467549799530253,0.3512581450414969,0,0,0.9362786527215105,-0.5574359616157047,0.2852661002727048,0,-0.7796719827804367
0.21991148575128555,0.35521896252755175,0,0,0.9347831238639527,-0.5556592677807084,0.2846857895323166,0,-0.7811509325141772
0.22514747350726852,0.359053780489225,0,0,0.9333168715481336,-0.5538826385494181,0.2841119660128578,0,-0.7826202230212579
0.2303834612632515,0.36276657581909794,0,0,0.9318800413510778,-0.5521060765305694,0.2835445976187607,0,-0.7840799330548106
0.23561944901923448,0.3663611588910358,0,0,0.9304727299905233,-0.5503295800385133,0.28298365081750027,0,-0.7855301437275547
0.24085543677521745,0.3698411803552615,0,0,0.9290949904683735,-0.5485531435362041,0.28242909084995277,0,-0.7869709380645626
0.24609142453120048,0.3732101376833809,0,0,0.9277468367665566,-0.5467767580227051,0.28188088191315414,0,-0.7884024006166157
0.25132741228718347,0.3764713814638995,0,0,0.9264282481329373,-0.5450004113732532,0.28133898731947665,0,-0.7898246171252427
0.2565634000431664,0.3796281214503107,0,0,0.9251391729918846,-0.5432240886386093,0.2808033696355834,0,-0.7912376742319936
0.2617993877991494,0.38268343236508984,0,0,0.9238795325112867,-0.5414477723093492,0.2802739908039857,0,-0.7926416592256872
0.26703537555513246,0.3856402594639364,0,0,0.9226492238551918,-0.5396714425498673,0.27975081224958687,0,-0.7940366598223545
0.2722713633111154,0.38850142386541753,0,0,0.9214481231488527,-0.5378950774061254,0.27923379497322537,0,-0.7954227639734163
0.2775073510670984,0.39126962765178497,0,0,0.9202760881807337,-0.5361186529905836,0.2787228996339326,0,-0.7968000596983003
0.2827433388230814,0.39394745874722065,0,0,0.919132960863991,-0.5343421436472323,0.2782180866213635,0,-0.7981686349382742
0.28797932657906433,0.3965373955801091,0,0,0.9180185694780603,-0.532565522099228,0.2777193161196451,0,-0.799528577428733
0.2932153143350474,0.3990418115361786,0,0,0.9169327307092515,-0.5307887595812764,0.27722654816371617,0,-0.8008799745875788
0.2984513020910303,0.40146297920949736,0,0,0.9158752515076684,-0.529011825958608,0.2767397426890738,0,-0.8022229134176638
0.3036872898470133,0.4038030744583877,0,0,0.9148459307762995,-0.527234689834139,0.2762588595757226,0,-0.8035574804215441
0.3089232776029963,0.4060641802733273,0,0,0.9138445609068048,-0.5254573186451941,0.2757838586870104,0,-0.8048837615270331
0.3141592653589793,0.4082482904638631,0,0,0.9128709291752769,-0.5236796787509853,0.27531469990394614,0,-0.8062018420222473
0.3193952531149623,0.4103573131714785,0,0,0.9119248190101447,-0.5219017355118892,0.274851343155516,0,-0.8075118064990051
0.3246312408709453,0.41239307421523125,0,0,0.9110060111433462,-0.5201234533614245,0.2743937484454478,0,-0.8088137388035901
0.32986722862692824,0.41435732027682826,0,0,0.9101142846549581,-0.5183447958717274,0.2739418758758175,0,-0.810107721994017
0.3351032163829113,0.4162517219316352,0,0,0.9092494179205992,-0.5165657258132137,0.2734956856678411,0,-0.8113938383030432
0.3403392041388943,0.41807787653192596,0,0,0.9084111894701407,-0.514786205209043,0.2730551381801543,0,-0.81267216910627
0.34557519189487723,0.4198373109484755,0,0,0.9075993787655172,-0.5130061953849159,0.2726201939248447,0,-0.8139427948947479
0.3508111796508602,0.4215314841763901,0,0,0.9068137669047871,-0.5112256570146837,0.27219081358147096,0,-0.8152057952515807
0.3560471674068432,0.42316178981084607,0,0,0.9060541372589617,-0.5094445501621844,0.27176695800927453,0,-0.8164612488320772
0.3612831551628262,0.42472955839819276,0,0,0.9053202760475854,-0.5076628343196781,0.2713485882577665,0,-0.8177092333470549
0.3665191429188092,0.42623605966764533,0,0,0.9046119728585287,-0.5058804684432125,0.2709356655758511,0,-0.8189498255489445
0.37175513067479216,0.4276825046485727,0,0,0.903929021116992,-0.5040974109852078,0.2705281514196295,0,-0.8201831012203852
0.37699111843077515,0.42907004767816304,0,0,0.9032712185082943,-0.5023136199245246,0.2701260074590105,0,-0.8214091351650376
0.3822271061867582,0.43039978830402825,0,0,0.9026383673586271,-0.5005290527942489,0.2697291955832421,0,-0.8226280012003658
0.38746309394274114,0.4316727730860923,0,0,0.902030274977599,-0.49874366670739917,0.2693376779054658,0,-0.8238397721521765
0.39269908169872414,0.43288999730189853,0,0,0.901446753966069,-0.496957418380746,0.2689514167663817,0,-0.825044519850717
0.39793506945470714,0.4340524065592568,0,0,0.9008876224924602,-0.49517026415691007,0.26857037473710804,0,-0.8262423151281622
0.4031710572106901,0.4351608983199575,0,0,0.9003527045404858,-0.49338216002489116,0.26819451462130517,0,-0.827433227817336
0.4084070449666731,0.43621632333807286,0,0,0.899841830130948,-0.4915930616391614,0.26782379945662954,0,-0.8286173267515294
0.41364303272265607,0.43721948701618124,0,0,0.8993548355200561,-0.4898029243374505,0.26745819251557745,0,-0.8297946797652911
0.41887902047863906,0.43817115068266044,0,0,0.8988915633764917,-0.4880117031573276,0.26709765730576734,0,-0.8309653536960824
0.4241150082346221,0.43907203279301504,0,0,0.8984518629392503,-0.48621935285168705,0.26674215756971176,0,-0.8321294143866936
0.42935099599060506,0.4399228100580293,0,0,0.8980355901581223,-0.48442582790322414,0.2663916572841185,0,-0.8332869266883386
0.43458698374658805,0.4407241185013676,0,0,0.8976426078184973,-0.48263108253798676,0.2660461206587603,0,-0.834437954464342
0.4398229715025711,0.4414765544490791,0,0,0.8972727856520387,-0.4808350707380783,0.26570551213494803,0,-0.8355825605943511
0.445058959258554,0.442180675453305,0,0,0.8969260004346284,-0.4790377462535786,0.26536979638363667,0,-0.8367208069790062
0.45029494701453704,0.44283700115233415,0,0,0.8966021360728555,-0.4772390626137489,0.26503893830319514,0,-0.8378527545450126
0.45553093477052,0.44344601406900125,0,0,0.896301083680208,-0.4754389731375767,0.2647129030168629,0,-0.8389784632505602
0.460766922526503,0.4440081603492798,0,0,0.89602274164401,-0.4736374309437129,0.264391655869917,0,-0.8400979920910434
0.466002910282486,0.4445238504427814,0,0,0.8957670156840581,-0.4718343889598512,0.26407516242657175,0,-0.8412113991050427
0.47123889803846897,0.4449934597267355,0,0,0.8955338189038033,-0.47002979993159355,0.26376338846662833,0,-0.8423187413805231
0.47647488579445196,0.44541732907489395,0,0,0.8953230718348476,-0.46822361643084215,0.2634562999818922,0,-0.8434200750612204
0.4817108735504349,0.44579576537267407,0,0,0.8951347024754386,-0.46641579086375745,0.2631538631723735,0,-0.8445154553531815
0.48694686130641796,0.4461290419797303,0,0,0.8949686463235726,-0.46460627547831546,0.2628560444422851,0,-0.8456049365314295
0.49218284906240095,0.44641739914102085,0,0,0.8948248464052428,-0.46279502237149867,0.2625628103958508,0,-0.8466885719467323
0.4974188368183839,0.4466610443473166,0,0,0.8947032532983014,-0.46098198349614883,0.2622741278329342,0,-0.8477664140324446
0.5026548245743669,0.4468601526459836,0,0,0.8946038251523454,-0.4591671106675113,0.2619899637445008,0,-0.8488385143114116
0.5078908123303498,0.4470148669027526,0,0,0.8945265277049722,-0.457350355569496,0.26171028530792106,0,-0.8499049234029076
0.5131268000863328,0.4471252980150794,0,0,0.8944713342946919,-0.4555316697606785,0.2614350598821229,0,-0.8509656910295967
0.5183627878423159,0.44719152507758514,0,0,0.8944382258707326,-0.4537110046800676,0.26116425500260393,0,-0.8520208660244997
0.5235987755982988,0.4472135954999579,0,0,0.8944271909999159,-0.45188831165265614,0.2608978383763065,0,-0.8530704963379538
0.5288347633542818,0.44719152507758514,0,0,0.8944382258707326,-0.45006354189477654,0.2606357778763649,0,-0.854114629044551
0.5340707511102649,0.4471252980150794,0,0,0.8944713342946919,-0.44823664651928335,0.26037804153672955,0,-0.8551533103500472
0.5393067388662478,0.4470148669027526,0,0,0.8945265277049722,-0.44640757654057445,0.26012459754667333,0,-0.8561865855982284
0.5445427266222308,0.4468601526459836,0,0,0.8946038251523454,-0.4445762828794725,0.25987541424518307,0,-0.857214499277728
0.5497787143782138,0.4466610443473166,0,0,0.8947032532983014,-0.44274271636797996,0.25963046011524377,0,-0.8582370950287858
0.5550147021341968,0.44641739914102085,0,0,0.8948248464052428,-0.4409068277539253,0.2593897037780157,0,-0.8592544156499422
0.5602506898901798,0.4461290419797303,0,0,0.8949686463235726,-0.4390685677055093,0.2591531139869093,0,-0.8602665031046602
0.5654866776461628,0.44579576537267407,0,0,0.8951347024754386,-0.43722788681577246,0.2589206596215613,0,-0.8612733985278714
0.5707226654021458,0.44541732907489395,0,0,0.8953230718348476,-0.4353847356069905,0.2586923096817126,0,-0.8622751422324383
0.5759586531581287,0.4449934597267355,0,0,0.8955338189038033,-0.43353906453501273,0.258468033280992,0,-0.8632717737155329
0.5811946409141118,0.44452385044278137,0,0,0.8957670156840581,-0.43169082399355563,0.2582477996406074,0,-0.8642633316649214
0.5864306286700948,0.4440081603492798,0,0,0.89602274164401,-0.42983996431846183,0.25803157808294436,0,-0.8652498539651587
0.5916666164260777,0.4434460140690013,0,0,0.896301083680208,-0.4279864357919374,0.2578193380250765,0,-0.8662313777036855
0.5969026041820606,0.44283700115233415,0,0,0.8966021360728555,-0.42613018864677465,0.25761104897218534,0,-0.8672079391768243
0.6021385919380438,0.442180675453305,0,0,0.8969260004346284,-0.42427117307057505,0.2574066805108935,0,-0.868179573895678
0.6073745796940266,0.4414765544490791,0,0,0.8972727856520387,-0.4224093392099801,0.2572062023025105,0,-0.8691463165919234
0.6126105674500096,0.44072411850136756,0,0,0.8976426078184971,-0.42054463717491813,0.25700958407619173,0,-0.8701082012235026
0.6178465552059926,0.4399228100580293,0,0,0.8980355901581223,-0.4186770170428812,0.2568167956220112,0,-0.8710652609802075
0.6230825429619756,0.43907203279301504,0,0,0.8984518629392503,-0.41680642886323643,0.2566278067839489,0,-0.87201752828916
0.6283185307179586,0.4381711506826605,0,0,0.8988915633764917,-0.4149328226615839,0.25644258745279147,0,-0.8729650348201856
0.6335545184739416,0.4372194870161813,0,0,0.8993548355200562,-0.4130561484441695,0.25626110755894754,0,-0.8739078114910803
0.6387905062299246,0.4362163233380728,0,0,0.899841830130948,-0.41117635620236065,0.25608333706517666,0,-0.8748458884727713
0.6440264939859075,0.43516089831995763,0,0,0.9003527045404859,-0.409293395917194,0.25590924595923165,0,-0.8757792951943706
0.6492624817418906,0.43405240655925686,0,0,0.9008876224924602,-0.4074072175640046,0.25573880424641415,0,-0.8767080603481242
0.6544984694978736,0.43288999730189853,0,0,0.901446753966069,-0.405517771117143,0.25557198194204356,0,-0.8776322118942537
0.6597344572538565,0.43167277308609237,0,0,0.9020302749775991,-0.4036250065547908,0.25540874906383654,0,-0.8785517770656954
0.6649704450098396,0.4303997883040282,0,0,0.9026383673586271,-0.4017288738638807,0.25524907562419935,0,-0.8794667823727341
0.6702064327658226,0.42907004767816304,0,0,0.9032712185082943,-0.3998293230451328,0.25509293162243024,0,-0.8803772536075345
0.6754424205218055,0.42768250464857277,0,0,0.903929021116992,-0.39792630411821034,0.2549402870368316,0,-0.8812832158485713
0.6806784082777886,0.4262360596676454,0,0,0.9046119728585287,-0.39601976712700887,0.2547911118167316,0,-0.8821846934649589
0.6859143960337715,0.42472955839819276,0,0,0.9053202760475854,-0.39410966214508164,0.2546453758744131,0,-0.8830817101206823
0.6911503837897545,0.42316178981084607,0,0,0.9060541372589616,-0.3921959392812141,0.25450304907695065,0,-0.8839742887787301
0.6963863715457375,0.42153148417639014,0,0,0.9068137669047871,-0.39027854868515266,0.25436410123795283,0,-0.8848624517051333
0.7016223593017205,0.41983731094847554,0,0,0.9075993787655172,-0.3883574405534974,0.2542285021092105,0,-0.8857462204729094
0.7068583470577035,0.418077876531926,0,0,0.9084111894701407,-0.3864325651357673,0.25409622137224824,0,-0.886625615965914
0.7120943348136864,0.4162517219316352,0,0,0.9092494179205993,-0.3845038727406444,0.25396722862977933,0,-0.8875006583826042
0.7173303225696694,0.41435732027682826,0,0,0.9101142846549581,-0.3825713137424087,0.25384149339706263,0,-0.8883713672397127
0.7225663103256524,0.4123930742152312,0,0,0.9110060111433462,-0.38063483858757013,0.2537189850931602,0,-0.8892377613758375
0.7278022980816354,0.4103573131714785,0,0,0.9119248190101447,-0.3786943978017052,0.2535996730320945,0,-0.8900998589549481
0.7330382858376184,0.4082482904638631,0,0,0.9128709291752769,-0.3767499419965107,0.2534835264139043,0,-0.8909576774698096
0.7382742735936013,0.40606418027332725,0,0,0.9138445609068048,-0.3748014218770796,0.2533705143155987,0,-0.8918112337453304
0.7435102613495843,0.40380307445838776,0,0,0.9148459307762995,-0.37284878824940965,0.25326060568200676,0,-0.8926605439418335
0.7487462491055674,0.40146297920949736,0,0,0.9158752515076684,-0.37089199202815476,0.25315376931652334,0,-0.8935056235582538
0.7539822368615503,0.39904181153617874,0,0,0.9169327307092516,-0.36893098424462617,0.2530499738717492,0,-0.894346487435266
0.7592182246175333,0.3965373955801091,0,0,0.9180185694780602,-0.36696571605505407,0.25294918784002485,0,-0.895183149758346
0.7644542123735164,0.3939474587472206,0,0,0.9191329608639911,-0.364996138749119,0.2528513795438566,0,-0.8960156240607653
0.7696902001294993,0.391269627651785,0,0,0.9202760881807337,-0.3630222037587627,0.2527565171262352,0,-0.896843923226526
0.7749261878854823,0.38850142386541753,0,0,0.9214481231488528,-0.36104386266728666,0.2526645685408445,0,-0.8976680594932375
0.7801621756414653,0.3856402594639364,0,0,0.9226492238551918,-0.3590610672187515,0.2525755015421617,0,-0.8984880444549369
0.7853981633974483,0.38268343236508984,0,0,0.9238795325112867,-0.35707376932768337,0.252489283675446,0,-0.8993038890648591
0.7906341511534312,0.3796281214503108,0,0,0.9251391729918845,-0.35508192108910025,0.252405882266617,0,-0.9001156036381573
0.7958701389094143,0.3764713814638995,0,0,0.9264282481329371,-0.3530854747888679,0.25232526441202263,0,-0.9009231978545801
0.8011061266653973,0.3732101376833809,0,0,0.9277468367665566,-0.3510843829143948,0.2522473969680932,0,-0.9017266807611052
0.8063421144213802,0.3698411803552616,0,0,0.9290949904683734,-0.3490785981656793,0.25217224654088616,0,-0.9025260607745388
0.8115781021773633,0.36636115889103577,0,0,0.9304727299905232,-0.34706807346671714,0.2520997794755172,0,-0.90332134568408
0.8168140899333463,0.36276657581909794,0,0,0.9318800413510779,-0.3450527619772822,0.2520299618454799,0,-0.9041125426538529
0.8220500776893291,0.3590537804892251,0,0,0.9333168715481337,-0.3430326171050912,0.2519627594418539,0,-0.9048996582254181
0.8272860654453121,0.3552189625275518,0,0,0.9347831238639525,-0.34100759251836393,0.2518981377624015,0,-0.9056826983202582
0.8325220532012952,0.3512581450414969,0,0,0.9362786527215105,-0.3389776421587907,0.25183606200055314,0,-0.9064616682422487
0.8377580409572781,0.3471671775759593,0,0,0.9378032580525312,-0.33694272025491867,0.2517764970342834,0,-0.9072365726801148
0.8429940287132611,0.34294172882435353,0,0,0.9393566791325666,-0.3349027813359688,0.2517194074148773,0,-0.9080074157098803
0.8482300164692442,0.33857727910073315,0,0,0.9409385878349046,-0.3328577802460973,0.2516647573555888,0,-0.9087742007973121
0.8534660042252271,0.3340691125824459,0,0,0.9425485812510552,-0.3308076721591119,0.25161251072019225,0,-0.9095369308003665
0.8587019919812101,0.32941230933653853,0,0,0.9441861736212666,-0.32875241259365623,0.2515626310114292,0,-0.9102956079716403
0.8639379797371932,0.32460173714757895,0,0,0.9458507875139578,-0.32669195742887625,0.25151508135935147,0,-0.9110502339608328
0.8691739674931761,0.3196320431697806,0,0,0.9475417441881449,-0.3246262629205814,0.2514698245095638,0,-0.9118008098172247
0.8744099552491591,0.3144976454324114,0,0,0.9492582530678726,-0.32255528571791114,0.25142682281136736,0,-0.9125473359921763
0.8796459430051422,0.3091927242345846,0,0,0.950999400252385,-0.32047898288052457,0.2513860382058074,0,-0.9132898123416535
0.8848819307611251,0.303711213473766,0,0,0.9527641359803026,-0.31839731189632414,0.25134743221362854,0,-0.9140282381287848
0.890117918517108,0.29804679196190365,0,0,0.9545512609604669,-0.31631023069972586,0.2513109659231401,0,-0.9147626120264561
0.895353906273091,0.29219287479410394,0,0,0.956359411476437,-0.31421769769049407,0.2512765999779966,0,-0.9154929321199499
0.9005898940290741,0.28614260484748233,0,0,0.9581870431659456,-0.31211967175315114,0.2512442945648968,0,-0.916219195909632
0.905825881785057,0.27988884450239154,0,0,0.9600324133710882,-0.3100161122769782,0.2512140094012055,0,-0.9169414003136948
0.91106186954104,0.27342416769490907,0,0,0.9618935619497336,-0.30790697917661974,0.25118570372250465,0,-0.9176595416709614
0.9162978572970231,0.2667408524285123,0,0,0.9637682904338111,-0.3057922329133095,0.25115933627007847,0,-0.9183736157437592
0.921533845053006,0.25983087389452336,0,0,0.9656541394159756,-0.3036718345167294,0.2511348652783376,0,-0.9190836177208661
0.926769832808989,0.2526858983754672,0,0,0.967548364042947,-0.3015457456075164,0.2511122484621911,0,-0.9197895422205395
0.932005820564972,0.245297278133262,0,0,0.9694479074918947,-0.29941392842043524,0.2510914430043718,0,-0.9204913832936324
0.9372418083209549,0.2376560475154027,0,0,0.9713493723060497,-0.2972763458282279,0.2510724055427225,0,-0.9211891344268051
0.9424777960769379,0.2297529205473612,0,0,0.9732489894677301,-0.2951329613661576,0.2510550921574533,0,-0.9218827885458405
0.947713783832921,0.22157829031856952,0,0,0.9751425850917905,-0.29298373925726096,0.2510394583583762,0,-0.9225723380190662
0.9529497715889039,0.21312223051282497,0,0,0.977025544630865,-0.29082864443832446,0.2510254590721293,0,-0.9232577746608979
0.9581857593448869,0.2043744994819993,0,0,0.9788927744965136,-0.2886676425865984,0.25101304862939877,0,-0.9239390897355035
0.9634217471008698,0.19532454731468157,0,0,0.9807386610184767,-0.28650070014726536,0.2510021807521509,0,-0.9246162739606044
0.9686577348568529,0.1859615264088488,0,0,0.9825570266888792,-0.28432778436167644,0.2509928085408859,0,-0.9252893175114141
0.9738937226128359,0.17627430611980738,0,0,0.984341083670686,-0.2821488632963718,0.25098488446192563,0,-0.9259582100247286
0.9791297103688188,0.16625149212109352,0,0,0.9860833845915414,-0.2799639058728974,0.25097836033474924,0,-0.9266229406031733
0.9843656981248019,0.15588145118630972,0,0,0.9877757706969988,-0.27777288189843513,0.2509731873193906,0,-0.9272834978196173
0.9896016858807848,0.14515234217308134,0,0,0.9894093175029578,-0.2755757620972597,0.2509693159039133,0,-0.9279398697217597
0.9948376736367678,0.1340521540651587,0,0,0.9909742781679507,-0.27337251814303476,0.2509666958919793,0,-0.9285920438369042
1.0000736613927508,0.12256875200343295,0,0,0.9924600249039359,-0.2711631226919646,0.25096527639052824,0,-0.9292400071769233
1.0053096491487339,0.1106899323087895,0,0,0.9938549888617936,-0.2689475494168115,0.2509650057975859,0,-0.9298837462434266
1.0105456369047168,0.09840348756619254,0,0,0.9951465990670973,-0.26672577304179557,0.2509658317902214,0,-0.9305232470331405
1.0157816246606997,0.08569728289608587,0,0,0.9963212211451826,-0.2644977693783846,0.25096770131267315,0,-0.9311584950435086
1.0210176124166828,0.07255934458108874,0,0,0.9973640967640468,-0.2622635153619901,0.2509705605646659,0,-0.9317894752785247
1.0262536001726656,0.058977962236763964,0,0,0.9982592849407407,-0.26002298908957855,0.2509743549899406,0,-0.9324161722548061
1.0314895879286488,0.04494180570750146,0,0,0.9989896066024656,-0.25777616985820784,0.25097902926502275,0,-0.9330385700079173
1.0367255756846319,0.030440057823406284,0,0,0.9995365940673245,-0.25552303820450056,0.2509845272882536,0,-0.9336566520989572
1.0419615634406147,0.015462564061189354,0,0,0.999880447409916,-0.25326357594506177,0.25099079216911097,0,-0.9342704016214161
1.0471975511965976,1.224646799147353e-16,0,0,1,-0.2509977662178484,0.25099776621784836,0,-0.9348798012083162
1.0524335389525807,-0.015462564061189114,0,0,0.999880447409916,-0.24872559352449936,0.25100539093548174,0,-0.9354848330396444
1.0576695267085636,-0.030440057823406055,0,0,0.9995365940673245,-0.24644704377363055,0.2510136070041545,0,-0.9360854788500899
1.0629055144645467,-0.04494180570750164,0,0,0.9989896066024656,-0.24416210432509916,0.25102235427791414,0,-0.9366817199370941
1.0681415022205298,-0.05897796223676374,0,0,0.9982592849407407,-0.24187076403524174,0.2510315717739335,0,-0.9372735371692283
1.0733774899765127,-0.07255934458108891,0,0,0.9973640967640468,-0.23957301330308675,0.2510411976642134,0,-0.9378609109949066
1.0786134777324956,-0.08569728289608532,0,0,0.996321221145183,-0.23726884411754126,0.25105116926780296,0,-0.9384438214514468
1.0838494654884785,-0.09840348756619162,0,0,0.9951465990670973,-0.23495825010555213,0.2510614230435766,0,-0.9390222481744886
1.0890854532444616,-0.11068993230878961,0,0,0.9938549888617932,-0.2326412265812363,0.2510718945836094,0,-0.9395961704077846
1.0943214410004445,-0.12256875200343245,0,0,0.9924600249039359,-0.23031777059597583,0.25108251860719105,0,-0.9401655670133686
1.0995574287564276,-0.13405215406515852,0,0,0.9909742781679509,-0.2279878809894695,0.2510932289555239,0,-0.9407304164821185
1.1047934165124107,-0.1451523421730815,0,0,0.9894093175029578,-0.2256515584417319,0.25110395858715034,0,-0.9412906969447219
1.1100294042683936,-0.15588145118630953,0,0,0.9877757706969988,-0.22330880552602714,0.25111463957415653,0,-0.941846386183055
1.1152653920243765,-0.1662514921210931,0,0,0.9860833845915417,-0.2209596267627219,0.2511252030992018,0,-0.9423974616419887
1.1205013797803596,-0.17627430611980752,0,0,0.9843410836706861,-0.21860402867404133,0.25113557945342496,0,-0.9429439004416282
1.1257373675363425,-0.1859615264088484,0,0,0.9825570266888792,-0.21624201983970617,0.2511456980352795,0,-0.9434856793900034
1.1309733552923256,-0.19532454731468143,0,0,0.9807386610184767,-0.21387361095342672,0.2511554873503518,0,-0.9440227749962125
1.1362093430483087,-0.20437449948199943,0,0,0.9788927744965136,-0.21149881488022845,0.25116487501221996,0,-0.9445551634840366
1.1414453308042916,-0.2131222305128248,0,0,0.977025544630865,-0.20911764671457572,0.2511737877444077,0,-0.9450828208060313
1.1466813185602744,-0.22157829031856957,0,0,0.9751425850917904,-0.20673012383926156,0.2511821513834962,0,-0.9456057226581076
1.1519173063162573,-0.22975292054736088,0,0,0.9732489894677302,-0.2043362659850238,0.2511898908834521,0,-0.946123844494608
1.1571532940722404,-0.23765604751540254,0,0,0.9713493723060497,-0.20193609529084464,0.25119693032123436,0,-0.9466371615438917
1.1623892818282235,-0.24529727813326208,0,0,0.9694479074918947,-0.19952963636488805,0.25120319290374454,0,-0.947145648824435
1.1676252695842064,-0.2526858983754669,0,0,0.9675483640429471,-0.19711691634602158,0.2512086009761843,0,-0.9476492811614556
1.1728612573401895,-0.2598308738945235,0,0,0.9656541394159756,-0.19469796496586722,0.2512130760318875,0,-0.9481480332040704
1.1780972450961724,-0.2667408524285124,0,0,0.9637682904338108,-0.19227281461131973,0.2512165387236918,0,-0.9486418794429903
1.1833332328521553,-0.27342416769490857,0,0,0.9618935619497339,-0.18984150038746567,0.25121890887692144,0,-0.9491307942287642
1.1885692206081384,-0.27988884450239143,0,0,0.9600324133710882,-0.18740406018082997,0.2512201055040463,0,-0.9496147517905753
1.1938052083641213,-0.2861426048474823,0,0,0.9581870431659456,-0.18496053472287466,0.25122004682108917,0,-0.9500937262555932
1.1990411961201044,-0.2921928747941039,0,0,0.9563594114764371,-0.1825109676536623,0.25121865026585094,0,-0.9505676916688932
1.2042771838760875,-0.29804679196190376,0,0,0.9545512609604672,-0.18005540558559793,0.25121583251802165,0,-0.9510366220139386
1.2095131716320704,-0.3037112134737659,0,0,0.9527641359803026,-0.177593898167151,0.2512115095212508,0,-0.9515004912336359
1.2147491593880533,-0.3091927242345845,0,0,0.9509994002523852,-0.1751264981464548,0.2512055965072426,0,-0.9519592732519602
1.2199851471440362,-0.3144976454324113,0,0,0.9492582530678726,-0.17265326143467633,0.25119800802194897,0,-0.9524129419961566
1.2252211349000193,-0.31963204316978033,0,0,0.9475417441881447,-0.17017424716903728,0.2511886579539256,0,-0.9528614714195118
1.2304571226560024,-0.3246017371475791,0,0,0.9458507875139577,-0.16768951777536617,0.251177459564919,0,-0.9533048355247018
1.2356931104119853,-0.3294123093365384,0,0,0.9441861736212666,-0.16519913903004968,0.2511643255227502,0,-0.9537430083877061
1.2409290981679684,-0.33406911258244587,0,0,0.9425485812510552,-0.16270318012124638,0.2511491679365576,0,-0.9541759641822928
1.2461650859239513,-0.33857727910073315,0,0,0.9409385878349045,-0.16020171370921962,0.2511318983944592,0,-0.9546036772050609
1.2514010736799341,-0.34294172882435336,0,0,0.9393566791325666,-0.1576948159856365,0.2511124280036946,0,-0.9550261219010427
1.2566370614359172,-0.3471671775759593,0,0,0.9378032580525312,-0.15518256673167496,0.2510906674332987,0,-0.9554432728898508
1.2618730491919004,-0.3512581450414969,0,0,0.9362786527215103,-0.15266504937477257,0.2510665269593599,0,-0.9558551049923641
1.2671090369478832,-0.3552189625275517,0,0,0.9347831238639527,-0.15014235104384377,0.2510399165129081,0,-0.9562615932579428
1.2723450247038663,-0.35905378048922515,0,0,0.9333168715481337,-0.14761456262278502,0.2510107457304767,0,-0.9566627129921568
1.2775810124598492,-0.36276657581909794,0,0,0.9318800413510778,-0.14508177880208153,0.25097892400737215,0,-0.9570584397850141
1.2828170002158321,-0.3663611588910356,0,0,0.9304727299905232,-0.1425440981283199,0.2509443605536837,0,-0.9574487495396747
1.288052987971815,-0.3698411803552613,0,0,0.9290949904683735,-0.14000162305140823,0.2509069644530574,0,-0.9578336185016287
1.293288975727798,-0.37321013768338085,0,0,0.9277468367665567,-0.1374544599692957,0.25086664472425096,0,-0.9582130232883217
1.2985249634837812,-0.3764713814638995,0,0,0.9264282481329373,-0.1349027192699802,0.25082331038547895,0,-0.9585869409192025
1.303760951239764,-0.3796281214503108,0,0,0.9251391729918846,-0.1323465153705855,0.2507768705215497,0,-0.9589553488461708
1.3089969389957472,-0.3826834323650898,0,0,0.9238795325112867,-0.12978596675328596,0.25072723435378663,0,-0.9593182249843982
1.31423292675173,-0.3856402594639364,0,0,0.9226492238551919,-0.12722119599785275,0.2506743113127154,0,-0.9596755477434922
1.319468914507713,-0.3885014238654175,0,0,0.9214481231488528,-0.1246523298105889,0.250618011113491,0,-0.9600272960589767
1.324704902263696,-0.3912696276517849,0,0,0.9202760881807337,-0.1220794990494227,0.250558243834026,0,-0.9603734494240513
1.3299408900196792,-0.3939474587472207,0,0,0.919132960863991,-0.11950283874492189,0.2504949199957697,0,-0.9607139879215969
1.335176877775662,-0.396537395580109,0,0,0.9180185694780602,-0.1169224881169922,0.250427950647079,0,-0.9610488922563909
1.3404128655316452,-0.3990418115361787,0,0,0.9169327307092516,-0.11433859058702336,0.25035724744910426,0,-0.9613781437874906
1.345648853287628,-0.4014629792094974,0,0,0.9158752515076684,-0.11175129378524691,0.250282722764106,0,-0.961701724560744
1.350884841043611,-0.40380307445838776,0,0,0.9148459307762996,-0.10916074955306856,0.25020428974610126,0,-0.9620196173413831
1.356120828799594,-0.4060641802733273,0,0,0.9138445609068048,-0.10656711394014594,0.25012186243372486,0,-0.9623318056466558
1.3613568165555772,-0.408248290463863,0,0,0.9128709291752769,-0.10397054719598257,0.2500353558451791,0,-0.9626382737784441
1.36659280431156,-0.41035731317147844,0,0,0.9119248190101447,-0.10137121375581545,0.2499446860751277,0,-0.9629390068558229
1.371828792067543,-0.41239307421523114,0,0,0.9110060111433462,-0.0987692822205807,0.24984977039337747,0,-0.9632339908475032
1.377064779823526,-0.4143573202768283,0,0,0.910114284654958,-0.09616492533075106,0.24975052734517508,0,-0.9635232126041063
1.382300767579509,-0.41625172193163507,0,0,0.9092494179205993,-0.09355831993384581,0.24964687685293183,0,-0.9638066598902154
1.3875367553354918,-0.41807787653192585,0,0,0.9084111894701407,-0.09094964694542655,0.24953874031917417,0,-0.9640843214161415
1.392772743091475,-0.4198373109484755,0,0,0.9075993787655172,-0.0883390913034059,0.249426040730503,0,-0.9643561868693507
1.398008730847458,-0.4215314841763901,0,0,0.9068137669047871,-0.08572684191550853,0.24930870276233077,0,-0.9646222469454855
1.403244718603441,-0.42316178981084607,0,0,0.9060541372589617,-0.08311309159973998,0.24918665288414918,0,-0.9648824933789231
1.4084807063594238,-0.42472955839819276,0,0,0.9053202760475854,-0.08049803701773732,0.24905981946507014,0,-0.9651369189728044
1.413716694115407,-0.42623605966764533,0,0,0.9046119728585287,-0.07788187860089395,0.248928132879365,0,-0.96538551762847
1.4189526818713898,-0.4276825046485727,0,0,0.903929021116992,-0.07526482046917132,0.24879152561171874,0,-0.9656282843742393
1.424188669627373,-0.4290700476781631,0,0,0.9032712185082944,-0.07264707034253068,0.2486499323619012,0,-0.9658652153934675
1.429424657383356,-0.4303997883040282,0,0,0.902638367358627,-0.07002883944494602,0.2485032901485485,0,-0.9660963080518113
1.4346606451393389,-0.43167277308609237,0,0,0.9020302749775991,-0.06741034240097796,0.24835153841173663,0,-0.9663215609236434
1.4398966328953218,-0.4328899973018984,0,0,0.9014467539660689,-0.06479179712491911,0.24819461911402352,0,-0.966540973817545
1.4451326206513049,-0.43405240655925686,0,0,0.9008876224924602,-0.06217342470254732,0.2480324768396254,0,-0.9667545478008145
1.4503686084072878,-0.4351608983199575,0,0,0.9003527045404859,-0.059555449265550786,0.24786505889139113,0,-0.9669622852229272
1.4556045961632709,-0.4362163233380728,0,0,0.899841830130948,-0.05693809785871775,0.24769231538523098,0,-0.9671641897378822
1.460840583919254,-0.43721948701618135,0,0,0.8993548355200562,-0.054321600300016856,0.24751419934165772,0,-0.9673602663253765
1.4660765716752369,-0.43817115068266044,0,0,0.8988915633764917,-0.051706189033720186,0.24733066677409374,0,-0.9675505213107435
1.4713125594312197,-0.439072032793015,0,0,0.8984518629392503,-0.04909209897675514,0.2471416767736028,0,-0.9677349623836006
1.4765485471872026,-0.43992281005802925,0,0,0.8980355901581222,-0.046479567358502276,0.24694719158970446,0,-0.9679135986151473
1.4817845349431857,-0.44072411850136756,0,0,0.8976426078184973,-0.04386883355428608,0.24674717670693988,0,-0.9680864404740624
1.4870205226991686,-0.441476554449079,0,0,0.8972727856520387,-0.04126013891283856,0.24654160091685975,0,-0.9682534998409481
1.4922565104551517,-0.44218067545330497,0,0,0.8969260004346283,-0.0386537265780435,0.24633043638511729,0,-0.9684147900212737
1.4974924982111348,-0.44283700115233415,0,0,0.8966021360728555,-0.03604984130530373,0.2461136587133621,0,-0.9685703257567749
1.5027284859671177,-0.44344601406900125,0,0,0.896301083680208,-0.03344872927289784,0.24589124699564183,0,-0.9687201232352699
1.5079644737231006,-0.4440081603492798,0,0,0.89602274164401,-0.030850637888723945,0.24566318386903488,0,-0.9688642000988517
1.5132004614790837,-0.44452385044278137,0,0,0.8957670156840581,-0.02825581559285487,0.24542945555825704,0,-0.9690025754504268
1.5184364492350666,-0.4449934597267355,0,0,0.8955338189038035,-0.025664511656352737,0.24519005191400203,0,-0.9691352698585733
1.5236724369910497,-0.44541732907489395,0,0,0.8953230718348476,-0.023076975976814035,0.2449449664447993,0,-0.969262305360691
1.5289084247470328,-0.44579576537267407,0,0,0.8951347024754385,-0.020493458871141037,0.244694196342195,0,-0.9693837054644276
1.5341444125030157,-0.4461290419797303,0,0,0.8949686463235726,-0.01791421086604943,0.2444377424990859,0,-0.9694994951473659
1.5393804002589986,-0.44641739914102085,0,0,0.8948248464052428,-0.015339482486842646,0.24417560952106487,0,-0.9696097008549638
1.5446163880149815,-0.4466610443473166,0,0,0.8947032532983014,-0.012769524044996653,0.24390780573066087,0,-0.9697143504967422
1.5498523757709646,-0.4468601526459836,0,0,0.8946038251523454,-0.010204585425109004,0.24363434316438745,0,-0.9698134734407227
1.5550883635269477,-0.4470148669027526,0,0,0.8945265277049722,-0.00764491587177667,0.24335523756254154,0,-0.9699071005061218
1.5603243512829306,-0.4471252980150794,0,0,0.8944713342946919,-0.0050907637769708435,0.2430705083517268,0,-0.9699952639543145
1.5655603390389137,-0.44719152507758514,0,0,0.8944382258707326,-0.0025423764684808685,0.24278017862010295,0,-0.9700779974780809
1.5707963267948966,-0.4472135954999579,0,0,0.8944271909999159,-2.9695759132689743e-17,0.24248427508539674,0,-0.9701553361891639
1.5760323145508797,-0.44719152507758514,0,0,0.8944382258707326,0.002536121056581547,0.2421828280557396,0,-0.9702273166041606
1.5812683023068623,-0.4471252980150794,0,0,0.8944713342946919,0.0050657438161120375,0.24187587138342723,0,-0.9702939766287829
1.5865042900628454,-0.4470148669027526,0,0,0.8945265277049722,0.007588627281793375,0.24156344241172745,0,-0.9703553555405228
1.5917402778188285,-0.4468601526459836,0,0,0.8946038251523454,0.010104532542932905,0.24124558191489223,0,-0.9704114939697663
1.5969762655748114,-0.4466610443473167,0,0,0.8947032532983014,0.012613222968312373,0.2409223340315571,0,-0.9704624338794049
1.6022122533307945,-0.44641739914102085,0,0,0.8948248464052428,0.015114464394666184,0.24059374619174012,0,-0.9705082185429894
1.6074482410867776,-0.4461290419797303,0,0,0.8949686463235726,0.017608025309784163,0.24025986903767868,0,-0.9705488925214883
1.6126842288427603,-0.4457957653726741,0,0,0.8951347024754385,0.020093677029779506,0.23992075633876517,0,-0.9705845016387074
1.6179202165987434,-0.44541732907489395,0,0,0.8953230718348476,0.022571193870086246,0.2395764649008675,0,-0.9706150929554324
1.6231562043547265,-0.4449934597267355,0,0,0.8955338189038033,0.02504035330977628,0.23922705447034157,0,-0.9706407147423632
1.6283921921107094,-0.4445238504427814,0,0,0.8957670156840581,0.02750093614882211,0.2388725876330602,0,-0.9706614164519081
1.6336281798666925,-0.4440081603492798,0,0,0.89602274164401,0.029952726657956237,0.23851312970880087,0,-0.9706772486889071
1.6388641676226752,-0.4434460140690013,0,0,0.896301083680208,0.03239551272081308,0.23814874864135094,0,-0.9706882631803654
1.6441001553786583,-0.4428370011523342,0,0,0.8966021360728555,0.034829085968076386,0.23777951488469923,0,-0.9706945127442648
1.6493361431346414,-0.442180675453305,0,0,0.8969260004346283,0.03725324190338254,0.2374055012856941,0,-0.9706960512575379
1.6545721308906243,-0.4414765544490791,0,0,0.8972727856520387,0.03966778002077448,0.23702678296355711,0,-0.9706929336232804
1.6598081186466074,-0.4407241185013676,0,0,0.8976426078184973,0.04207250391352942,0.23664343718664496,0,-0.9706852157372834
1.6650441064025905,-0.4399228100580293,0,0,0.8980355901581223,0.044467221374222106,0.23625554324685707,0,-0.9706729544539646
1.6702800941585731,-0.4390720327930151,0,0,0.8984518629392503,0.046851744485922206,0.2358631823320868,0,-0.9706562075517812
1.6755160819145563,-0.4381711506826605,0,0,0.8988915633764917,0.0492258897044586,0.23546643739711282,0,-0.9706350336982053
1.6807520696705394,-0.4372194870161813,0,0,0.8993548355200562,0.05158947793171517,0.2350653930333239,0,-0.9706094924143397
1.6859880574265222,-0.43621632333807286,0,0,0.899841830130948,0.05394233457996324,0.23466013533766497,0,-0.9705796440392577
1.6912240451825054,-0.4351608983199576,0,0,0.9003527045404859,0.05628428962726208,0.2342507517811841,0,-0.9705455496941422
1.6964600329384885,-0.4340524065592568,0,0,0.9008876224924602,0.05861517766399302,0.23383733107755292,0,-0.9705072712463032
1.7016960206944711,-0.43288999730189853,0,0,0.9014467539660689,0.060934837930624035,0.23341996305191862,0,-0.970464871273149
1.7069320084504542,-0.43167277308609237,0,0,0.902030274977599,0.06324311434682936,0.23299873851043656,0,-0.9704184130261849
1.7121679962064373,-0.4303997883040282,0,0,0.9026383673586271,0.06553985553211268,0.23257374911081666,0,-0.9703679603951116
1.7174039839624202,-0.4290700476781631,0,0,0.9032712185082943,0.06782491481811471,0.2321450872342014,0,-0.9703135778720919
1.7226399717184033,-0.42768250464857277,0,0,0.903929021116992,0.0700981502528024,0.23171284585867857,0,-0.9702553305162552
1.7278759594743864,-0.4262360596676453,0,0,0.9046119728585287,0.07235942459676094,0.23127711843471288,0,-0.970193283918499
1.733111947230369,-0.4247295583981928,0,0,0.9053202760475854,0.07460860531183115,0.23083799876276404,0,-0.9701275041666563
1.7383479349863522,-0.4231617898108461,0,0,0.9060541372589617,0.07684556454234996,0.2303955808733382,0,-0.9700580578110801
1.7435839227423353,-0.42153148417639014,0,0,0.9068137669047873,0.07907017908926554,0.22994995890970488,0,-0.969985011830707
1.7488199104983182,-0.41983731094847554,0,0,0.9075993787655173,0.08128233037741787,0.22950122701348627,0,-0.9699084335996468
1.7540558982543013,-0.4180778765319259,0,0,0.9084111894701407,0.08348190441628069,0.2290494792133104,0,-0.9698283908543521
1.7592918860102844,-0.4162517219316352,0,0,0.9092494179205993,0.08566879175447276,0.2285948093167002,0,-0.9697449516614098
1.764527873766267,-0.4143573202768283,0,0,0.910114284654958,0.0878428874283554,0.2281373108053479,0,-0.9696581843859996
1.7697638615222502,-0.41239307421523125,0,0,0.9110060111433462,0.09000409090503689,0.22767707673390788,0,-0.9695681576610589
1.7749998492782328,-0.41035731317147867,0,0,0.9119248190101447,0.0921523060201067,0.22721419963242137,0,-0.9694749403571888
1.780235837034216,-0.408248290463863,0,0,0.9128709291752768,0.09428744091043119,0.22674877141246708,0,-0.9693786015533347
1.785471824790199,-0.4060641802733273,0,0,0.9138445609068048,0.09640940794233344,0.2262808832771152,0,-0.969279210508271
1.790707812546182,-0.4038030744583878,0,0,0.9148459307762995,0.09851812363548836,0.22581062563474386,0,-0.9691768366329171
1.795943800302165,-0.4014629792094974,0,0,0.9158752515076684,0.10061350858285534,0.22533808801676022,0,-0.969071549463505
1.8011797880581482,-0.39904181153617857,0,0,0.9169327307092516,0.10269548736696926,0.22486335899925497,0,-0.9689634186356226
1.8064157758141308,-0.39653739558010925,0,0,0.9180185694780602,0.10476398847290687,0.22438652612859933,0,-0.9688525138591466
1.811651763570114,-0.3939474587472208,0,0,0.9191329608639911,0.10681894419823863,0.22390767585098412,0,-0.9687389048940815
1.816887751326097,-0.391269627651785,0,0,0.9202760881807337,0.1088602905602663,0.2234268934458829,0,-0.9686226615273134
1.82212373908208,-0.38850142386541764,0,0,0.9214481231488527,0.11088796720084557,0.22294426296341271,0,-0.9685038535502917
1.827359726838063,-0.3856402594639364,0,0,0.9226492238551918,0.11290191728907718,0.22245986716554897,0,-0.9683825507376392
1.8325957145940461,-0.38268343236508967,0,0,0.923879532511287,0.11490208742214422,0.22197378747114682,0,-0.9682588228267006
1.8378317023500288,-0.3796281214503108,0,0,0.9251391729918844,0.1168884275245633,0.22148610390470388,0,-0.9681327394980244
1.843067690106012,-0.3764713814638996,0,0,0.9264282481329372,0.11886089074610691,0.2209968950487981,0,-0.9680043703567834
1.848303677861995,-0.373210137683381,0,0,0.9277468367665567,0.12081943335864041,0.22050623800011918,0,-0.9678737849151262
1.853539665617978,-0.3698411803552616,0,0,0.9290949904683734,0.12276401465211187,0.22001420832901017,0,-0.9677410525754578
1.858775653373961,-0.36636115889103577,0,0,0.9304727299905233,0.12469459682991596,0.21952088004242568,0,-0.9676062426146411
1.864011641129944,-0.36276657581909794,0,0,0.9318800413510778,0.12661114490384406,0.21902632555020993,0,-0.9674694241691111
1.8692476288859268,-0.3590537804892252,0,0,0.9333168715481336,0.12851362658882176,0.21853061563459164,0,-0.9673306662208923
1.8744836166419099,-0.35521896252755175,0,0,0.9347831238639527,0.13040201219762282,0.21803381942278927,0,-0.9671900375845078
1.879719604397893,-0.3512581450414969,0,0,0.9362786527215105,0.13227627453573415,0.21753600436261641,0,-0.9670476068947665
1.8849555921538759,-0.34716717757595933,0,0,0.9378032580525312,0.13413638879654124,0.2170372362009744,0,-0.9669034425954153
1.890191579909859,-0.34294172882435336,0,0,0.9393566791325666,0.13598233245698635,0.21653757896511766,0,-0.9667576129286405
1.895427567665842,-0.338577279100733,0,0,0.9409385878349046,0.13781408517384203,0.21603709494657455,0,-0.9666101859254028
1.9006635554218247,-0.334069112582446,0,0,0.9425485812510553,0.13963162868073428,0.2155358446876076,0,-0.9664612293965883
1.9058995431778079,-0.3294123093365387,0,0,0.9441861736212666,0.1414349466860366,0.2150338869700939,0,-0.9663108109249585
1.9111355309337907,-0.3246017371475793,0,0,0.9458507875139576,0.14322402477174395,0.21453127880670902,0,-0.966158997857879
1.9163715186897738,-0.31963204316978044,0,0,0.9475417441881449,0.14499885029343218,0.214028075434297,0,-0.9660058573008105
1.921607506445757,-0.31449764543241143,0,0,0.9492582530678726,0.1467594122813909,0.21352433030930928,0,-0.96585145611154
1.9268434942017396,-0.30919272423458494,0,0,0.950999400252385,0.14850570134301375,0.21302009510519876,0,-0.9656958608951328
1.9320794819577227,-0.30371121347376606,0,0,0.9527641359803026,0.15023770956652063,0.2125154197116545,0,-0.9655391379995868
1.9373154697137058,-0.2980467919619037,0,0,0.9545512609604672,0.15195543042607298,0.21201035223556555,0,-0.9653813535121643
1.9425514574696887,-0.292192874794104,0,0,0.956359411476437,0.15365885868834345,0.211504939003605,0,-0.9652225732563848
1.9477874452256718,-0.2861426048474822,0,0,0.9581870431659456,0.15534799032058563,0.2109992245663264,0,-0.9650628627896548
1.953023432981655,-0.27988884450239127,0,0,0.9600324133710884,0.1570228224002458,0.21049325170366834,0,-0.9649022874015156
1.9582594207376376,-0.2734241676949091,0,0,0.9618935619497336,0.158683353026152,0.20998706143176546,0,-0.9647409121124851
1.9634954084936207,-0.26674085242851275,0,0,0.9637682904338108,0.16032958123130803,0.20948069301096567,0,-0.9645788016734759
1.9687313962496038,-0.2598308738945232,0,0,0.9656541394159756,0.16196150689731253,0.20897418395496073,0,-0.9644160205657671
1.9739673840055865,-0.25268589837546745,0,0,0.967548364042947,0.16357913067042082,0.20846757004093253,0,-0.9642526330015067
1.9792033717615696,-0.24529727813326208,0,0,0.9694479074918947,0.16518245387925906,0.20796088532062962,0,-0.964088702924729
1.9844393595175527,-0.23765604751540273,0,0,0.9713493723060497,0.16677147845419418,0.20745416213228515,0,-0.9639242940128617
1.9896753472735356,-0.22975292054736132,0,0,0.9732489894677301,0.16834620684836266,0.2069474311132934,0,-0.9637594696787042
1.9949113350295187,-0.22157829031856976,0,0,0.9751425850917903,0.16990664196035202,0.2064407212135644,0,-0.9635942930728577
2.0001473227855016,-0.21312223051282503,0,0,0.9770255446308649,0.17145278705852685,0.2059340597094809,0,-0.9634288270865863
2.0053833105414847,-0.20437449948199915,0,0,0.9788927744965137,0.17298464570698885,0.2054274722183827,0,-0.9632631343550906
2.0106192982974678,-0.19532454731468116,0,0,0.9807386610184768,0.17450222169315271,0.20492098271350892,0,-0.9630972772611723
2.015855286053451,-0.1859615264088486,0,0,0.9825570266888793,0.17600551895692212,0.20441461353933071,0,-0.9629313179392757
2.0210912738094335,-0.176274306119808,0,0,0.9843410836706858,0.17749454152144137,0.20390838542720957,0,-0.9627653182798818
2.0263272615654166,-0.16625149212109333,0,0,0.9860833845915414,0.1789692934254005,0.2034023175113219,0,-0.9625993399342408
2.0315632493213993,-0.15588145118631042,0,0,0.9877757706969988,0.1804297786568647,0.2028964273447902,0,-0.9624334443194268
2.0367992370773824,-0.14515234217308143,0,0,0.9894093175029578,0.1818760010886024,0.202390730915966,0,-0.9622676926236897
2.0420352248333655,-0.13405215406515875,0,0,0.9909742781679506,0.1833079644148772,0.20188524266481406,0,-0.962102145812098
2.047271212589348,-0.12256875200343371,0,0,0.9924600249039358,0.18472567208967397,0.20137997549934547,0,-0.9619368646324463
2.0525072003453313,-0.1106899323087906,0,0,0.9938549888617934,0.18612912726632438,0.20087494081205556,0,-0.9617719096214183
2.0577431881013144,-0.09840348756619262,0,0,0.9951465990670973,0.18751833273849394,0.200370148496321,0,-0.9616073411109848
2.0629791758572975,-0.08569728289608525,0,0,0.996321221145183,0.1888932908824977,0.19986560696271535,0,-0.9614432192350234
2.0682151636132806,-0.07255934458108847,0,0,0.9973640967640468,0.19025400360090372,0.19936132315520305,0,-0.9612796039361462
2.0734511513692637,-0.058977962236763284,0,0,0.9982592849407406,0.1916004722673864,0.19885730256717532,0,-0.9611165549727158
2.0786871391252464,-0.04494180570750239,0,0,0.9989896066024657,0.19293269767279214,0.19835354925729495,0,-0.9609541319260418
2.0839231268812295,-0.030440057823406405,0,0,0.9995365940673245,0.19425067997237436,0.19785006586511375,0,-0.9607923942077395
2.0891591146372126,-0.015462564061188613,0,0,0.999880447409916,0.1955544186341597,0.19734685362643725,0,-0.9606314010672363
2.0943951023931953,-2.449293598294706e-16,0,0,1,0.1968439123884039,0.19684391238840396,0,-0.9604712115994173
2.0996310901491784,0.015462564061188998,0,0,0.999880447409916,0.198119159178097,0.1963412406242554,0,-0.9603118847523923
2.1048670779051615,0.03044005782340594,0,0,0.9995365940673246,0.19938015611047477,0.19583883544777106,0,-0.9601534793353735
2.110103065661144,0.04494180570750034,0,0,0.9989896066024658,0.20062689940949738,0.1953366926273451,0,-0.9599960540266516
2.1153390534171272,0.058977962236762854,0,0,0.9982592849407407,0.20185938436925313,0.19483480659968416,0,-0.9598396673816569
2.1205750411731104,0.07255934458108881,0,0,0.9973640967640468,0.20307760530824562,0.19433317048310625,0,-0.9596843778410965
2.1258110289290935,0.08569728289608558,0,0,0.9963212211451828,0.20428155552452373,0.19383177609042135,0,-0.9595302437391505
2.1310470166850766,0.09840348756619222,0,0,0.9951465990670973,0.2054712272516142,0.19333061394137788,0,-0.9593773233117225
2.1362830044410597,0.11068993230879022,0,0,0.9938549888617934,0.2066466116152152,0.19282967327465889,0,-0.9592256747047271
2.1415189921970423,0.12256875200343269,0,0,0.9924600249039359,0.20780769859061096,0.19232894205941273,0,-0.9590753559824072
2.1467549799530254,0.13405215406515905,0,0,0.9909742781679506,0.20895447696076844,0.19182840700630574,0,-0.9589264251356695
2.1519909677090086,0.1451523421730817,0,0,0.9894093175029578,0.2100869342750751,0.19132805357808458,0,-0.9587789400904267
2.157226955464991,0.15588145118630947,0,0,0.987775770696999,0.2112050568086791,0.19082786599963553,0,-0.9586329587159351
2.1624629432209743,0.16625149212109303,0,0,0.9860833845915417,0.21230882952239466,0.19032782726753208,0,-0.958488538833121
2.167698930976957,0.17627430611980657,0,0,0.9843410836706862,0.21339823602313163,0.18982791915906047,0,-0.9583457382228802
2.17293491873294,0.18596152640884833,0,0,0.9825570266888793,0.21447325852481486,0.1893281222407138,0,-0.9582046146343448
2.178170906488923,0.1953245473146814,0,0,0.980738661018477,0.21553387780975264,0.1888284158761486,0,-0.9580652257931058
2.183406894244906,0.20437449948199884,0,0,0.9788927744965138,0.21658007319042072,0.18832877823359404,0,-0.9579276294093796
2.188642882000889,0.2131222305128243,0,0,0.9770255446308652,0.2176118224716242,0.18782918629270942,0,-0.9577918831861111
2.193878869756872,0.22157829031856907,0,0,0.9751425850917905,0.2186291019130008,0.18732961585088304,0,-0.9576580448270017
2.199114857512855,0.22975292054736104,0,0,0.9732489894677302,0.21963188619183308,0.186830041528966,0,-0.9575261720444526
2.2043508452688383,0.23765604751540295,0,0,0.9713493723060496,0.2206201483661322,0.18633043677643804,0,-0.957396322567414
2.2095868330248214,0.24529727813326224,0,0,0.9694479074918946,0.22159385983796193,0.1858307738759987,0,-0.9572685541491276
2.214822820780804,0.25268589837546684,0,0,0.9675483640429471,0.22255299031696718,0.18533102394758136,0,-0.957142924574756
2.220058808536787,0.259830873894523,0,0,0.9656541394159757,0.22349750778407618,0.1848311569517853,0,-0.9570194916688851
2.2252947962927703,0.26674085242851253,0,0,0.9637682904338108,0.22442737845534236,0.18433114169272327,0,-0.956898313302892
2.230530784048753,0.2734241676949085,0,0,0.9618935619497339,0.22534256674589614,0.18383094582028053,0,-0.9567794474021651
2.235766771804736,0.27988884450239143,0,0,0.9600324133710882,0.2262430352339739,0.18333053583178358,0,-0.9566629519531682
2.241002759560719,0.2861426048474824,0,0,0.9581870431659456,0.22712874462499386,0.18282987707307508,0,-0.956548885010337
2.246238747316702,0.2921928747941035,0,0,0.9563594114764371,0.22799965371564973,0.18232893373899325,0,-0.9564373047027942
2.251474735072685,0.29804679196190315,0,0,0.9545512609604672,0.22885571935799223,0.1818276688732533,0,-0.9563282692408785
2.256710722828668,0.3037112134737659,0,0,0.9527641359803026,0.22969689642346777,0.18132604436772873,0,-0.956221836922468
2.261946710584651,0.30919272423458477,0,0,0.950999400252385,0.23052313776688993,0.1808240209611312,0,-0.9561180661390914
2.2671826983406342,0.31449764543241154,0,0,0.9492582530678725,0.23133439419031118,0.1803215582370865,0,-0.9560170153818135
2.2724186860966173,0.3196320431697806,0,0,0.9475417441881449,0.23213061440677116,0.1798186146216053,0,-0.9559187432468838
2.2776546738526,0.32460173714757884,0,0,0.9458507875139578,0.2329117450038921,0.17931514737994736,0,-0.9558233084411311
2.282890661608583,0.32941230933653853,0,0,0.9441861736212666,0.23367773040729767,0.17881111261287697,0,-0.9557307697870981
2.2881266493645662,0.33406911258244615,0,0,0.9425485812510552,0.2344285128438262,0.17830646525230912,0,-0.9556411862278953
2.293362637120549,0.33857727910073315,0,0,0.9409385878349046,0.23516403230451616,0.1778011590563439,0,-0.9555546168317649
2.298598624876532,0.3429417288243535,0,0,0.9393566791325666,0.23588422650733704,0.1772951466036884,0,-0.9554711207963389
2.3038346126325147,0.34716717757595894,0,0,0.9378032580525312,0.2365890308596418,0.17678837928746452,0,-0.9553907574525761
2.3090706003884978,0.3512581450414965,0,0,0.9362786527215105,0.23727837842031788,0.176280807308401,0,-0.9553135862683639
2.314306588144481,0.35521896252755164,0,0,0.9347831238639527,0.2379521998616123,0.17577237966740888,0,-0.9552396668517675
2.319542575900464,0.3590537804892251,0,0,0.9333168715481337,0.2386104234306085,0.17526304415753768,0,-0.9551690589539104
2.324778563656447,0.36276657581909805,0,0,0.9318800413510778,0.23925297491033298,0.17475274735531252,0,-0.9551018224714714
2.33001455141243,0.36636115889103577,0,0,0.9304727299905232,0.23987977758046944,0.1742414346114486,0,-0.9550380174487761
2.335250539168413,0.36984118035526126,0,0,0.9290949904683735,0.240490752177659,0.17372905004094372,0,-0.9549777040794697
2.340486526924396,0.3732101376833809,0,0,0.9277468367665566,0.24108581685536665,0.17321553651254498,0,-0.9549209427077469
2.345722514680379,0.3764713814638997,0,0,0.9264282481329371,0.24166488714329173,0.17270083563758995,0,-0.9548677938291238
2.3509585024363617,0.3796281214503107,0,0,0.9251391729918846,0.2422278759063049,0.17218488775821905,0,-0.9548183180907295
2.356194490192345,0.38268343236508967,0,0,0.9238795325112867,0.24277469330289053,0.17166763193495824,0,-0.954772576291093
2.361430477948328,0.3856402594639363,0,0,0.9226492238551919,0.24330524674307688,0.1711490059336702,0,-0.9547306293794113
2.3666664657043106,0.3885014238654173,0,0,0.9214481231488529,0.24381944084583523,0.17062894621187202,0,-0.9546925384542662
2.3719024534602937,0.3912696276517849,0,0,0.9202760881807338,0.2443171773959309,0.17010738790441673,0,-0.9546583647617723
2.377138441216277,0.3939474587472207,0,0,0.919132960863991,0.2447983553002084,0.16958426480853905,0,-0.9546281696931327
2.3823744289722595,0.39653739558010903,0,0,0.9180185694780603,0.24526287054329501,0.16905950936826003,0,-0.9546020147815665
2.3876104167282426,0.3990418115361785,0,0,0.9169327307092516,0.2457106161427068,0.16853305265815188,0,-0.9545799616985976
2.3928464044842257,0.40146297920949714,0,0,0.9158752515076684,0.24614148210334083,0.16800482436645914,0,-0.9545620722496604
2.398082392240209,0.4038030744583877,0,0,0.9148459307762995,0.2465553553713411,0.16747475277757495,0,-0.9545484083690057
2.403318379996192,0.4060641802733274,0,0,0.9138445609068049,0.246952119787322,0.16694276475386954,0,-0.9545390321138691
2.408554367752175,0.4082482904638631,0,0,0.9128709291752768,0.2473316560389387,0.16640878571687115,0,-0.9545340056578774
2.4137903555081577,0.4103573131714785,0,0,0.9119248190101448,0.24769384161278898,0.16587273962779456,0,-0.9545333912836514
2.419026343264141,0.41239307421523114,0,0,0.9110060111433462,0.2480385507456385,0.16533454896741767,0,-0.954537251374583
2.4242623310201235,0.4143573202768281,0,0,0.9101142846549582,0.24836565437495525,0.16479413471530407,0,-0.95454564840574
2.4294983187761066,0.41625172193163507,0,0,0.9092494179205993,0.24867502008874628,0.1642514163283686,0,-0.9545586449338702
2.4347343065320897,0.418077876531926,0,0,0.9084111894701407,0.24896651207468573,0.1637063117187857,0,-0.9545763035864641
2.4399702942880723,0.4198373109484755,0,0,0.9075993787655174,0.24923999106852662,0.16315873723123883,0,-0.9545986870498346
2.4452062820440554,0.42153148417639,0,0,0.9068137669047873,0.24949531430179048,0.16260860761950924,0,-0.9546258580561787
2.4504422698000385,0.42316178981084596,0,0,0.9060541372589617,0.24973233544872692,0.16205583602240325,0,-0.9546578793695699
2.4556782575560216,0.42472955839819276,0,0,0.9053202760475854,0.2499509045725405,0.16150033393901772,0,-0.9546948137708481
2.4609142453120048,0.4262360596676454,0,0,0.9046119728585287,0.2501508680708794,0.16094201120334187,0,-0.95473672404135
2.466150233067988,0.42768250464857277,0,0,0.903929021116992,0.25033206862058477,0.16038077595819608,0,-0.9547836729454403
2.4713862208239705,0.4290700476781631,0,0,0.9032712185082944,0.2504943451216997,0.15981653462850756,0,-0.9548357232117919
2.4766222085799536,0.43039978830402814,0,0,0.9026383673586271,0.25063753264073774,0.15924919189392217,0,-0.954892937513361
2.4818581963359367,0.43167277308609237,0,0,0.9020302749775991,0.2507614623532126,0.15867865066075446,0,-0.9549553784460091
2.4870941840919194,0.4328899973018984,0,0,0.9014467539660689,0.2508659614854342,0.1581048120332757,0,-0.955023108505711
2.4923301718479025,0.43405240655925686,0,0,0.9008876224924602,0.25095085325557476,0.15752757528434205,0,-0.9550961900642966
2.4975661596038856,0.4351608983199575,0,0,0.9003527045404858,0.25101595681401206,0.15694683782536528,0,-0.9551746853436625
2.5028021473598683,0.43621632333807275,0,0,0.899841830130948,0.2510610871829598,0.15636249517562725,0,-0.9552586563883952
2.5080381351158514,0.43721948701618113,0,0,0.8993548355200561,0.25108605519539556,0.15577444093094303,0,-0.9553481650367402
2.5132741228718345,0.43817115068266044,0,0,0.8988915633764917,0.2510906674332987,0.15518256673167494,0,-0.9554432728898508
2.5185101106278176,0.4390720327930151,0,0,0.8984518629392504,0.25107472616521476,0.15458676223010334,0,-0.9555440412792472
2.5237460983838007,0.4399228100580293,0,0,0.8980355901581223,0.25103802928316377,0.15398691505715867,0,-0.9556505312324192
2.528982086139784,0.44072411850136756,0,0,0.8976426078184971,0.25098037023891184,0.1533829107885208,0,-0.9557628034364904
2.5342180738957665,0.441476554449079,0,0,0.8972727856520387,0.25090153797963144,0.1527746329100941,0,-0.9558809181998777
2.5394540616517496,0.44218067545330497,0,0,0.8969260004346283,0.2508013168829736,0.1521619627828641,0,-0.9560049354118589
2.5446900494077327,0.4428370011523342,0,0,0.8966021360728555,0.2506794866915828,0.1515447796071474,0,-0.9561349144999705
2.5499260371637154,0.44344601406900125,0,0,0.896301083680208,0.2505358224470858,0.1509229603862427,0,-0.9562709143851521
2.5551620249196985,0.4440081603492798,0,0,0.89602274164401,0.2503700944235915,0.15029637988949635,0,-0.9564129934345487
2.560398012675681,0.44452385044278137,0,0,0.8957670156840581,0.2501820680607385,0.14966491061479434,0,-0.9565612094118795
2.5656340004316642,0.4449934597267355,0,0,0.8955338189038033,0.2499715038963362,0.1490284227504947,0,-0.9567156194252834
2.5708699881876473,0.44541732907489395,0,0,0.8953230718348476,0.24973815749864528,0.1483867841368175,0,-0.956876279872542
2.57610597594363,0.445795765372674,0,0,0.8951347024754385,0.24948177939834798,0.147739860226708,0,-0.9570432463835826
2.581341963699613,0.4461290419797303,0,0,0.8949686463235726,0.24920211502026668,0.14708751404619327,0,-0.9572165737601582
2.586577951455596,0.44641739914102085,0,0,0.8948248464052428,0.2488989046148891,0.1464296061542537,0,-0.9573963159125997
2.5918139392115793,0.4466610443473166,0,0,0.8947032532983014,0.24857188318976717,0.14576599460223055,0,-0.9575825257935292
2.5970499269675624,0.4468601526459836,0,0,0.8946038251523454,0.24822078044086096,0.14509653489279703,0,-0.9577752553284268
2.6022859147235455,0.4470148669027526,0,0,0.8945265277049722,0.24784532068390336,0.14442107993851833,0,-0.9579745553429303
2.607521902479528,0.4471252980150794,0,0,0.8944713342946919,0.24744522278586967,0.1437394800200316,0,-0.9581804754867542
2.6127578902355113,0.44719152507758514,0,0,0.8944382258707326,0.24702020009664033,0.14305158274387741,0,-0.9583930641541014
2.6179938779914944,0.4472135954999579,0,0,0.8944271909999159,0.24656996038095313,0.14235723300001865,0,-0.9586123684004466
2.623229865747477,0.44719152507758514,0,0,0.8944382258707326,0.2460942057507472,0.14165627291908398,0,-0.95883843385556
2.62846585350346,0.4471252980150794,0,0,0.8944713342946919,0.24559263259800898,0.14094854182937647,0,-0.9590713046326388
2.6337018412594433,0.44701486690275255,0,0,0.8945265277049721,0.2450649315282393,0.14023387621369401,0,-0.959311023233415
2.638937829015426,0.4468601526459836,0,0,0.8946038251523454,0.24451078729466583,0.13951210966600577,0,-0.9595576304490957
2.644173816771409,0.4466610443473167,0,0,0.8947032532983014,0.24392987873333707,0.13878307284803867,0,-0.9598111652569976
2.649409804527392,0.4464173991410209,0,0,0.8948248464052428,0.24332187869924193,0.13804659344582826,0,-0.9600716647127304
2.6546457922833753,0.4461290419797303,0,0,0.8949686463235726,0.242686454003607,0.13730249612629275,0,-0.960339163837779
2.6598817800393584,0.44579576537267407,0,0,0.8951347024754386,0.2420232653525364,0.13655060249389456,0,-0.9606136955023337
2.6651177677953415,0.4454173290748939,0,0,0.8953230718348476,0.24133196728716744,0.13579073104745704,0,-0.9608952903032164
2.670353755551324,0.44499345972673554,0,0,0.8955338189038033,0.24061220812552808,0.13502269713720985,0,-0.9611839764367439
2.6755897433073073,0.4445238504427814,0,0,0.8957670156840581,0.2398636299062909,0.13424631292213993,0,-0.9614797795663667
2.6808257310632904,0.4440081603492798,0,0,0.89602274164401,0.23908586833463552,0.13346138732773294,0,-0.9617827226849265
2.686061718819273,0.4434460140690013,0,0,0.896301083680208,0.2382785527304383,0.13266772600419313,0,-0.9620928259713633
2.691297706575256,0.4428370011523341,0,0,0.8966021360728555,0.23744130597902594,0.1318651312852364,0,-0.962410106641707
2.696533694331239,0.442180675453305,0,0,0.8969260004346283,0.23657374448474183,0.13105340214755876,0,-0.9627345787941859
2.701769682087222,0.4414765544490791,0,0,0.8972727856520387,0.23567547812758774,0.1302323341710865,0,-0.9630662532482818
2.707005669843205,0.4407241185013676,0,0,0.8976426078184971,0.23474611022322212,0.12940171950012452,0,-0.9634051373775614
2.712241657599188,0.4399228100580293,0,0,0.8980355901581223,0.23378523748660726,0.12856134680552203,0,-0.9637512349361119
2.7174776453551712,0.43907203279301493,0,0,0.8984518629392503,0.23279244999961857,0.1277110012479875,0,-0.9641045458784082
2.7227136331111543,0.4381711506826605,0,0,0.8988915633764917,0.23176733118294493,0.1268504644426886,0,-0.9644650661724402
2.727949620867137,0.43721948701618124,0,0,0.8993548355200561,0.23070945777262697,0.1259795144252832,0,-0.9648327876059304
2.73318560862312,0.4362163233380729,0,0,0.899841830130948,0.2296183998015987,0.12509792561953553,0,-0.965207697585469
2.738421596379103,0.4351608983199575,0,0,0.9003527045404858,0.22849372058661968,0.12420546880668117,0,-0.9655897789284
2.743657584135086,0.4340524065592569,0,0,0.9008876224924603,0.22733497672100242,0.12330191109671328,0,-0.9659790096472902
2.748893571891069,0.43288999730189853,0,0,0.901446753966069,0.22614171807356204,0.12238701590177253,0,-0.9663753627268221
2.754129559647052,0.43167277308609225,0,0,0.9020302749775991,0.22491348779423934,0.12146054291183449,0,-0.9667788058929473
2.7593655474030347,0.4303997883040283,0,0,0.902638367358627,0.2236498223268671,0.1205222480728975,0,-0.9671893013741498
2.764601535159018,0.42907004767816326,0,0,0.9032712185082944,0.22235025142957496,0.11957188356788526,0,-0.9676068056546692
2.769837522915001,0.4276825046485728,0,0,0.9039290211169921,0.22101429820335552,0.1186091978004922,0,-0.9680312692195443
2.7750735106709836,0.42623605966764544,0,0,0.9046119728585286,0.2196414791293324,0.11763393538220822,0,-0.9684626362913407
2.7803094984269667,0.4247295583981928,0,0,0.9053202760475854,0.21823130411530361,0.11664583712277393,0,-0.9689008445584415
2.78554548618295,0.4231617898108461,0,0,0.9060541372589614,0.2167832765521578,0.11564464002433132,0,-0.969345824894786
2.790781473938933,0.4215314841763902,0,0,0.9068137669047872,0.21529689338078536,0.11463007727954463,0,-0.9697975010709546
2.796017461694916,0.4198373109484755,0,0,0.9075993787655172,0.21377164517014008,0.11360187827398363,0,-0.9702557894565097
2.801253449450899,0.4180778765319258,0,0,0.9084111894701407,0.21220701620713012,0.11255976859307316,0,-0.970720598713523
2.806489437206882,0.4162517219316352,0,0,0.9092494179205992,0.21060248459905045,0.11150347003392862,0,-0.9711918294812304
2.811725424962865,0.41435732027682837,0,0,0.910114284654958,0.20895752238929616,0.11043270062241047,0,-0.9716693740517748
2.8169614127188476,0.41239307421523125,0,0,0.9110060111433461,0.20727159568712814,0.10934717463574875,0,-0.9721531160370216
2.8221974004748307,0.41035731317147867,0,0,0.9119248190101445,0.2055441648122914,0.10824660263110025,0,-0.9726429300264525
2.827433388230814,0.408248290463863,0,0,0.9128709291752768,0.2037746844553208,0.1071306914804213,0,-0.9731386812361644
2.8326693759867965,0.40606418027332747,0,0,0.9138445609068047,0.2019626038543951,0.1059991444120513,0,-0.9736402251490361
2.8379053637427796,0.4038030744583878,0,0,0.9148459307762995,0.20010736698963744,0.10485166105942051,0,-0.9741474071461439
2.8431413514987627,0.4014629792094973,0,0,0.9158752515076684,0.19820841279578813,0.10368793751731363,0,-0.974660062129551
2.848377339254746,0.39904181153617874,0,0,0.9169327307092516,0.1962651753942079,0.10250766640613294,0,-0.975178014136624
2.853613327010729,0.3965373955801091,0,0,0.9180185694780603,0.1942770843452021,0.10131053694462651,0,-0.9757010759460699
2.858849314766712,0.3939474587472205,0,0,0.9191329608639911,0.19224356492168507,0.10009623503156025,0,-0.9762290486759286
2.8640853025226947,0.391269627651785,0,0,0.9202760881807337,0.19016403840523569,0.09886444333683123,0,-0.9767617213738008
2.8693212902786778,0.3885014238654174,0,0,0.9214481231488527,0.18803792240562361,0.09761484140253489,0,-0.9772988705996414
2.874557278034661,0.38564025946393643,0,0,0.9226492238551918,0.18586463120491467,0.09634710575451694,0,-0.9778402600014937
2.8797932657906435,0.38268343236509,0,0,0.9238795325112866,0.18364357612728918,0.09506091002495413,0,-0.9783856398846051
2.8850292535466266,0.37962812145031083,0,0,0.9251391729918844,0.18137416593573283,0.09375592508652494,0,-0.9789347467744145
2.8902652413026098,0.3764713814638994,0,0,0.9264282481329372,0.17905580725678696,0.09243181919874806,0,-0.9794873029739745
2.8955012290585924,0.373210137683381,0,0,0.9277468367665564,0.17668790503455822,0.09108825816707582,0,-0.9800430161164291
2.9007372168145755,0.3698411803552618,0,0,0.9290949904683734,0.1742698630152144,0.08972490551534759,0,-0.9806015787132509
2.9059732045705586,0.3663611588910359,0,0,0.9304727299905231,0.17180108426320614,0.08834142267221898,0,-0.9811626676990084
2.9112091923265417,0.362766575819098,0,0,0.9318800413510778,0.16928097171046272,0.08693746917219146,0,-0.9817259439735184
2.916445180082525,0.3590537804892248,0,0,0.9333168715481337,0.16670892873982598,0.08551270287188013,0,-0.9822910519423279
2.921681167838508,0.3552189625275513,0,0,0.9347831238639527,0.1640843598039852,0.08406678018216261,0,-0.982857619056555
2.9269171555944906,0.3512581450414971,0,0,0.9362786527215102,0.16140667108117815,0.08259935631685958,0,-0.9834252553532133
2.9321531433504737,0.34716717757595933,0,0,0.9378032580525312,0.1586752711689156,0.08111008555859951,0,-0.983993552997248
2.937389131106457,0.3429417288243534,0,0,0.9393566791325666,0.15588957181698068,0.07959862154252578,0,-0.9845620858266116
2.9426251188624395,0.33857727910073326,0,0,0.9409385878349045,0.153048988700928,0.07806461755849768,0,-0.9851304089018209
2.9478611066184226,0.33406911258244576,0,0,0.9425485812510553,0.1501529422372897,0.07650772687243707,0,-0.9856980580615434
2.9530970943744053,0.3294123093365387,0,0,0.9441861736212664,0.14720085844166314,0.07492760306746593,0,-0.986264549485888
2.9583330821303884,0.32460173714757906,0,0,0.9458507875139577,0.144192169830806,0.07332390040546387,0,-0.9868293792691895
2.9635690698863715,0.3196320431697808,0,0,0.9475417441881447,0.1411263163698272,0.07169627420966791,0,-0.9873920230042045
2.968805057642354,0.3144976454324121,0,0,0.9492582530678724,0.13800274646549035,0.07004438126891122,0,-0.987951935379772
2.9740410453983372,0.309192724234585,0,0,0.950999400252385,0.13482091800658316,0.06836788026407788,0,-0.9885085497941122
2.9792770331543204,0.30371121347376606,0,0,0.9527641359803026,0.1315802994522262,0.06666643221732398,0,-0.9890612779860889
2.9845130209103035,0.2980467919619034,0,0,0.9545512609604672,0.12828037096889267,0.06493970096457578,0,-0.989609509686884
2.9897490086662866,0.29219287479410405,0,0,0.956359411476437,0.1249206256168134,0.06318735365178386,0,-0.9901526122946849
2.9949849964222697,0.2861426048474822,0,0,0.9581870431659456,0.12150057058631747,0.06140906125536172,0,-0.9906899305751191
3.0002209841782523,0.2798888445023917,0,0,0.9600324133710884,0.1180197284845238,0.05960449912718788,0,-0.991220786390316
3.0054569719342354,0.2734241676949088,0,0,0.9618935619497339,0.11447763867264987,0.05777334756449034,0,-0.9917444784596114
3.0106929596902186,0.26674085242851203,0,0,0.9637682904338111,0.11087385865404444,0.05591529240486981,0,-0.9922602821550609
3.015928947446201,0.25983087389452403,0,0,0.9656541394159752,0.10720796551285745,0.0540300256466389,0,-0.9927674493350482
3.0211649352021843,0.25268589837546745,0,0,0.9675483640429469,0.10347955740307241,0.05211724609457818,0,-0.9932652082194268
3.0264009229581674,0.24529727813326213,0,0,0.9694479074918947,0.09968825508740724,0.05017666003111907,0,-0.9937527633097428
3.03163691071415,0.23765604751540326,0,0,0.9713493723060496,0.0958337035253487,0.04820798191286201,0,-0.9942292953582211
3.036872898470133,0.22975292054736135,0,0,0.9732489894677301,0.09191557350933853,0.04621093509223445,0,-0.9946939613893063
3.0421088862261163,0.22157829031857032,0,0,0.9751425850917902,0.0879335633478571,0.044185252563976686,0,-0.9951458947776483
3.0473448739820994,0.21312223051282508,0,0,0.9770255446308649,0.08388740059385037,0.04213067773601385,0,-0.9955842053865214
3.0525808617380825,0.2043744994819992,0,0,0.9788927744965136,0.0797768438166442,0.04004696522414166,0,-0.9960079797707402
3.0578168494940656,0.1953245473146807,0,0,0.980738661018477,0.07560168441515387,0.037933881669805596,0,-0.9964162814481969
3.0630528372500483,0.1859615264088487,0,0,0.9825570266888793,0.07136174846984934,0.035791206580099794,0,-0.9968081512441933
3.0682888250060314,0.17627430611980807,0,0,0.9843410836706858,0.0670568986305659,0.033618733188946724,0,-0.9971826077127602
3.0735248127620145,0.1662514921210934,0,0,0.9860833845915415,0.06268703603687195,0.031416269338248884,0,-0.9975386476391671
3.078760800517997,0.15588145118631044,0,0,0.9877757706969986,0.05825210226729062,0.02918363837761546,0,-0.9978752466277965
3.0839967882739803,0.14515234217308148,0,0,0.9894093175029578,0.0537520813132628,0.026920680081080908,0,-0.9981913597795086
3.089232776029963,0.1340521540651595,0,0,0.9909742781679506,0.04918700157330837,0.024627251579033616,0,-0.9984859224625504
3.094468763785946,0.12256875200343312,0,0,0.9924600249039357,0.04455693786238236,0.022303228303359637,0,-0.9987578511809437
3.099704751541929,0.11068993230878935,0,0,0.9938549888617936,0.03986201343098891,0.019948504943603763,0,-0.9990060445441472
3.1049407392979123,0.09840348756619273,0,0,0.9951465990670973,0.035102401988129694,0.017562996411720398,0,-0.9992293843416064
3.1101767270538954,0.08569728289608536,0,0,0.996321221145183,0.03027832972171044,0.01514663881277139,0,-0.9994267367255786
3.1154127148098785,0.07255934458108781,0,0,0.9973640967640468,0.025390077309549362,0.012699390418696818,0,-0.9995969535053658
3.120648702565861,0.058977962236763395,0,0,0.9982592849407407,0.02043798191366279,0.010221232642057248,0,-0.999738873555777
3.1258846903218442,0.04494180570750088,0,0,0.9989896066024656,0.01542243915003474,0.007712171006415442,0,-0.9998513243422902
3.1311206780778273,0.030440057823406513,0,0,0.9995365940673245,0.01034390502562899,0.005172236109802117,0,-0.9999331235649938
3.13635666583381,0.01546256406119045,0,0,0.9998804474099159,0.005202897833944299,0.0026014845774790605,0,-0.9999830809229338
3.141592653589793,3.673940397442058e-16,0,0,1,1.2240959559671677e-16,6.120479779835839e-17,0,-1
3.1468286413457762,-0.015462564061189735,0,0,0.999880447409916,-0.005202897833944057,-0.0026014845774789395,0,-0.9999830809229338
3.1520646291017593,-0.03044005782340749,0,0,0.9995365940673246,-0.010343905025629183,-0.0051722361098022135,0,-0.9999331235649938
3.1573006168577415,-0.044941805707500226,0,0,0.9989896066024659,-0.015422439150034073,-0.007712171006415109,0,-0.9998513243422901
3.1625366046137247,-0.05897796223676275,0,0,0.9982592849407407,-0.020437981913662133,-0.010221232642056918,0,-0.9997388735557768
3.1677725923697078,-0.07255934458108719,0,0,0.9973640967640468,-0.025390077309549133,-0.012699390418696702,0,-0.9995969535053658
3.173008580125691,-0.08569728289608475,0,0,0.996321221145183,-0.030278329721710216,-0.015146638812771274,0,-0.9994267367255785
3.178244567881674,-0.09840348756619213,0,0,0.9951465990670973,-0.035102401988129465,-0.017562996411720284,0,-0.9992293843416064
3.183480555637657,-0.11068993230878878,0,0,0.9938549888617936,-0.039862013430988705,-0.01994850494360366,0,-0.9990060445441472
3.1887165433936397,-0.12256875200343259,0,0,0.9924600249039359,-0.044556937862381726,-0.02230322830335932,0,-0.9987578511809436
3.193952531149623,-0.1340521540651577,0,0,0.9909742781679508,-0.04918700157330776,-0.024627251579033314,0,-0.9984859224625504
3.199188518905606,-0.145152342173081,0,0,0.9894093175029578,-0.05375208131326258,-0.0269206800810808,0,-0.9981913597795086
3.204424506661589,-0.15588145118630997,0,0,0.9877757706969988,-0.05825210226729042,-0.02918363837761536,0,-0.9978752466277965
3.209660494417572,-0.16625149212109294,0,0,0.9860833845915417,-0.06268703603687212,-0.03141626933824897,0,-0.9975386476391671
3.2148964821735553,-0.17627430611980763,0,0,0.984341083670686,-0.06705689863056606,-0.03361873318894681,0,-0.9971826077127601
3.2201324699295375,-0.18596152640884717,0,0,0.9825570266888796,-0.07136174846984877,-0.03579120658009951,0,-0.9968081512441933
3.2253684576855206,-0.19532454731468027,0,0,0.9807386610184771,-0.07560168441515369,-0.037933881669805505,0,-0.9964162814481972
3.2306044454415037,-0.2043744994819988,0,0,0.9788927744965137,-0.07977684381664402,-0.04004696522414157,0,-0.9960079797707402
3.235840433197487,-0.2131222305128247,0,0,0.977025544630865,-0.08388740059385018,-0.04213067773601375,0,-0.9955842053865214
3.24107642095347,-0.22157829031856996,0,0,0.9751425850917903,-0.08793356334785692,-0.044185252563976575,0,-0.9951458947776481
3.246312408709453,-0.229752920547361,0,0,0.9732489894677302,-0.09191557350933832,-0.046210935092234354,0,-0.9946939613893062
3.2515483964654357,-0.237656047515402,0,0,0.9713493723060499,-0.09583370352534816,-0.04820798191286174,0,-0.9942292953582211
3.256784384221419,-0.24529727813326177,0,0,0.9694479074918947,-0.09968825508740706,-0.05017666003111897,0,-0.9937527633097427
3.262020371977402,-0.2526858983754672,0,0,0.967548364042947,-0.10347955740307223,-0.05211724609457808,0,-0.9932652082194269
3.267256359733385,-0.25983087389452375,0,0,0.9656541394159753,-0.10720796551285729,-0.054030025646638814,0,-0.9927674493350482
3.272492347489368,-0.2667408524285125,0,0,0.9637682904338108,-0.11087385865404457,-0.055915292404869886,0,-0.9922602821550609
3.2777283352453503,-0.27342416769490846,0,0,0.9618935619497339,-0.1144776386726494,-0.057773347564490096,0,-0.9917444784596117
3.2829643230013335,-0.27988884450239065,0,0,0.9600324133710886,-0.11801972848452336,-0.05960449912718764,0,-0.991220786390316
3.2882003107573166,-0.286142604847482,0,0,0.9581870431659456,-0.12150057058631733,-0.06140906125536164,0,-0.9906899305751192
3.2934362985132997,-0.2921928747941037,0,0,0.9563594114764371,-0.12492062561681327,-0.0631873536517838,0,-0.9901526122946849
3.2986722862692828,-0.29804679196190315,0,0,0.9545512609604673,-0.12828037096889247,-0.06493970096457569,0,-0.9896095096868839
3.303908274025266,-0.3037112134737658,0,0,0.9527641359803026,-0.13158029945222607,-0.0666664322173239,0,-0.989061277986089
3.3091442617812485,-0.3091927242345841,0,0,0.9509994002523853,-0.13482091800658277,-0.06836788026407768,0,-0.9885085497941124
3.3143802495372316,-0.3144976454324112,0,0,0.9492582530678726,-0.13800274646548993,-0.07004438126891098,0,-0.987951935379772
3.3196162372932148,-0.3196320431697806,0,0,0.9475417441881449,-0.141126316369827,-0.07169627420966782,0,-0.9873920230042046
3.324852225049198,-0.3246017371475788,0,0,0.9458507875139578,-0.14419216983080582,-0.07332390040546378,0,-0.9868293792691895
3.330088212805181,-0.3294123093365385,0,0,0.9441861736212666,-0.14720085844166297,-0.07492760306746586,0,-0.986264549485888
3.335324200561164,-0.33406911258244615,0,0,0.9425485812510553,-0.15015294223728978,-0.0765077268724371,0,-0.9856980580615433
3.3405601883171463,-0.33857727910073254,0,0,0.9409385878349048,-0.15304898870092762,-0.07806461755849746,0,-0.9851304089018209
3.3457961760731294,-0.3429417288243532,0,0,0.9393566791325668,-0.15588957181698054,-0.07959862154252573,0,-0.9845620858266115
3.3510321638291125,-0.34716717757595916,0,0,0.9378032580525312,-0.1586752711689155,-0.08111008555859944,0,-0.983993552997248
3.3562681515850956,-0.35125814504149694,0,0,0.9362786527215103,-0.161406671081178,-0.0825993563168595,0,-0.9834252553532133
3.3615041393410787,-0.3552189625275516,0,0,0.9347831238639527,-0.1640843598039853,-0.08406678018216267,0,-0.982857619056555
3.366740127097062,-0.3590537804892251,0,0,0.9333168715481337,-0.16670892873982607,-0.08551270287188018,0,-0.982291051942328
3.3719761148530445,-0.3627665758190978,0,0,0.9318800413510779,-0.16928097171046255,-0.08693746917219138,0,-0.9817259439735184
3.3772121026090276,-0.3663611588910358,0,0,0.9304727299905233,-0.171801084263206,-0.08834142267221891,0,-0.9811626676990086
3.3824480903650107,-0.36984118035526165,0,0,0.9290949904683734,-0.1742698630152143,-0.08972490551534752,0,-0.980601578713251
3.387684078120994,-0.37321013768338085,0,0,0.9277468367665566,-0.17668790503455808,-0.09108825816707573,0,-0.9800430161164291
3.392920065876977,-0.37647138146389963,0,0,0.9264282481329371,-0.17905580725678702,-0.09243181919874809,0,-0.9794873029739742
3.39815605363296,-0.379628121450311,0,0,0.9251391729918844,-0.18137416593573297,-0.093755925086525,0,-0.9789347467744145
3.4033920413889422,-0.3826834323650895,0,0,0.9238795325112868,-0.18364357612728893,-0.09506091002495398,0,-0.978385639884605
3.4086280291449254,-0.38564025946393626,0,0,0.9226492238551919,-0.18586463120491462,-0.0963471057545169,0,-0.9778402600014939
3.4138640169009085,-0.3885014238654173,0,0,0.9214481231488529,-0.18803792240562348,-0.09761484140253482,0,-0.9772988705996414
3.4191000046568916,-0.39126962765178497,0,0,0.9202760881807338,-0.1901640384052356,-0.09886444333683117,0,-0.9767617213738009
3.4243359924128747,-0.39394745874722065,0,0,0.919132960863991,-0.1922435649216852,-0.10009623503156032,0,-0.9762290486759286
3.4295719801688573,-0.396537395580109,0,0,0.9180185694780602,-0.19427708434520208,-0.10131053694462647,0,-0.9757010759460699
3.4348079679248404,-0.3990418115361786,0,0,0.9169327307092516,-0.1962651753942078,-0.10250766640613289,0,-0.9751780141366241
3.4400439556808236,-0.40146297920949714,0,0,0.9158752515076684,-0.198208412795788,-0.10368793751731355,0,-0.974660062129551
3.4452799434368067,-0.40380307445838765,0,0,0.9148459307762995,-0.20010736698963738,-0.10485166105942045,0,-0.974147407146144
3.4505159311927898,-0.4060641802733274,0,0,0.9138445609068049,-0.2019626038543951,-0.10599914441205126,0,-0.9736402251490363
3.455751918948773,-0.4082482904638632,0,0,0.9128709291752768,-0.2037746844553208,-0.10713069148042136,0,-0.9731386812361644
3.460987906704755,-0.4103573131714784,0,0,0.9119248190101448,-0.20554416481229118,-0.1082466026311001,0,-0.9726429300264524
3.466223894460738,-0.4123930742152312,0,0,0.9110060111433463,-0.20727159568712786,-0.10934717463574858,0,-0.9721531160370216
3.4714598822167213,-0.41435732027682826,0,0,0.910114284654958,-0.20895752238929607,-0.11043270062241038,0,-0.9716693740517748
3.4766958699727044,-0.416251721931635,0,0,0.9092494179205992,-0.2106024845990504,-0.11150347003392856,0,-0.9711918294812305
3.4819318577286875,-0.418077876531926,0,0,0.9084111894701407,-0.21220701620713014,-0.11255976859307322,0,-0.970720598713523
3.4871678454846706,-0.4198373109484757,0,0,0.9075993787655173,-0.2137716451701401,-0.11360187827398364,0,-0.9702557894565097
3.4924038332406533,-0.42153148417639,0,0,0.9068137669047871,-0.21529689338078528,-0.11463007727954459,0,-0.9697975010709546
3.4976398209966364,-0.4231617898108462,0,0,0.9060541372589617,-0.21678327655215773,-0.11564464002433128,0,-0.9693458248947863
3.5028758087526195,-0.4247295583981927,0,0,0.9053202760475852,-0.2182313041153036,-0.11664583712277389,0,-0.9689008445584416
3.5081117965086026,-0.4262360596676454,0,0,0.9046119728585287,-0.21964147912933235,-0.11763393538220819,0,-0.9684626362913407
3.5133477842645857,-0.4276825046485728,0,0,0.903929021116992,-0.22101429820335564,-0.11860919780049226,0,-0.9680312692195443
3.518583772020569,-0.42907004767816315,0,0,0.9032712185082943,-0.22235025142957504,-0.11957188356788527,0,-0.9676068056546692
3.523819759776551,-0.4303997883040281,0,0,0.902638367358627,-0.22364982232686687,-0.12052224807289737,0,-0.9671893013741497
3.529055747532534,-0.43167277308609214,0,0,0.9020302749775991,-0.22491348779423925,-0.12146054291183446,0,-0.9667788058929473
3.5342917352885173,-0.43288999730189837,0,0,0.9014467539660689,-0.2261417180735619,-0.12238701590177246,0,-0.9663753627268221
3.5395277230445004,-0.4340524065592568,0,0,0.9008876224924602,-0.22733497672100234,-0.12330191109671323,0,-0.9659790096472902
3.5447637108004835,-0.4351608983199577,0,0,0.9003527045404859,-0.22849372058661976,-0.12420546880668122,0,-0.9655897789284
3.5499996985564657,-0.43621632333807275,0,0,0.8998418301309481,-0.22961839980159857,-0.12509792561953542,0,-0.9652076975854692
3.555235686312449,-0.43721948701618113,0,0,0.8993548355200561,-0.23070945777262689,-0.12597951442528316,0,-0.9648327876059305
3.560471674068432,-0.43817115068266044,0,0,0.8988915633764917,-0.23176733118294487,-0.12685046444268858,0,-0.9644650661724402
3.565707661824415,-0.43907203279301504,0,0,0.8984518629392505,-0.23279244999961848,-0.12771100124798748,0,-0.9641045458784082
3.570943649580398,-0.43992281005802925,0,0,0.8980355901581222,-0.23378523748660723,-0.128561346805522,0,-0.9637512349361121
3.5761796373363812,-0.44072411850136756,0,0,0.8976426078184971,-0.23474611022322212,-0.12940171950012447,0,-0.9634051373775614
3.581415625092364,-0.441476554449079,0,0,0.8972727856520387,-0.23567547812758763,-0.1302323341710864,0,-0.9630662532482818
3.586651612848347,-0.442180675453305,0,0,0.8969260004346284,-0.2365737444847417,-0.1310534021475586,0,-0.9627345787941859
3.59188760060433,-0.44283700115233415,0,0,0.8966021360728557,-0.23744130597902588,-0.13186513128523633,0,-0.962410106641707
3.597123588360313,-0.44344601406900125,0,0,0.896301083680208,-0.2382785527304383,-0.13266772600419313,0,-0.9620928259713633
3.6023595761162963,-0.4440081603492799,0,0,0.8960227416440101,-0.23908586833463552,-0.13346138732773297,0,-0.9617827226849265
3.6075955638722794,-0.44452385044278137,0,0,0.8957670156840581,-0.2398636299062909,-0.13424631292213993,0,-0.9614797795663667
3.6128315516282616,-0.4449934597267355,0,0,0.8955338189038033,-0.24061220812552794,-0.13502269713720974,0,-0.9611839764367438
3.6180675393842447,-0.4454173290748939,0,0,0.8953230718348476,-0.24133196728716744,-0.13579073104745704,0,-0.9608952903032166
3.623303527140228,-0.445795765372674,0,0,0.8951347024754385,-0.24202326535253635,-0.13655060249389453,0,-0.9606136955023337
3.628539514896211,-0.4461290419797303,0,0,0.8949686463235726,-0.24268645400360697,-0.13730249612629272,0,-0.960339163837779
3.633775502652194,-0.44641739914102085,0,0,0.8948248464052428,-0.24332187869924193,-0.13804659344582826,0,-0.9600716647127306
3.639011490408177,-0.4466610443473167,0,0,0.8947032532983014,-0.24392987873333705,-0.13878307284803865,0,-0.9598111652569976
3.64424747816416,-0.44686015264598367,0,0,0.8946038251523455,-0.2445107872946657,-0.13951210966600566,0,-0.9595576304490957
3.649483465920143,-0.44701486690275255,0,0,0.8945265277049721,-0.24506493152823927,-0.14023387621369396,0,-0.959311023233415
3.654719453676126,-0.4471252980150794,0,0,0.8944713342946919,-0.24559263259800895,-0.14094854182937644,0,-0.9590713046326388
3.659955441432109,-0.44719152507758514,0,0,0.8944382258707326,-0.2460942057507472,-0.14165627291908392,0,-0.95883843385556
3.6651914291880923,-0.4472135954999579,0,0,0.8944271909999159,-0.2465699603809532,-0.14235723300001868,0,-0.9586123684004466
3.6704274169440745,-0.44719152507758514,0,0,0.8944382258707326,-0.24702020009664033,-0.14305158274387733,0,-0.9583930641541014
3.6756634047000576,-0.4471252980150794,0,0,0.8944713342946919,-0.24744522278586964,-0.1437394800200315,0,-0.9581804754867542
3.6808993924560407,-0.4470148669027526,0,0,0.8945265277049722,-0.2478453206839033,-0.1444210799385183,0,-0.9579745553429303
3.686135380212024,-0.4468601526459836,0,0,0.8946038251523454,-0.24822078044086096,-0.145096534892797,0,-0.9577752553284268
3.691371367968007,-0.4466610443473166,0,0,0.8947032532983014,-0.2485718831897672,-0.14576599460223053,0,-0.9575825257935292
3.69660735572399,-0.4464173991410209,0,0,0.8948248464052428,-0.2488989046148891,-0.14642960615425368,0,-0.9573963159125997
3.7018433434799727,-0.4461290419797303,0,0,0.8949686463235726,-0.24920211502026665,-0.14708751404619322,0,-0.9572165737601585
3.707079331235956,-0.4457957653726741,0,0,0.8951347024754385,-0.2494817793983479,-0.1477398602267079,0,-0.9570432463835826
3.712315318991939,-0.445417329074894,0,0,0.8953230718348476,-0.24973815749864528,-0.1483867841368175,0,-0.9568762798725421
3.717551306747922,-0.4449934597267355,0,0,0.8955338189038035,-0.24997150389633618,-0.14902842275049466,0,-0.9567156194252834
3.722787294503905,-0.4445238504427814,0,0,0.8957670156840581,-0.2501820680607385,-0.14966491061479428,0,-0.9565612094118795
3.728023282259888,-0.4440081603492798,0,0,0.89602274164401,-0.25037009442359154,-0.1502963798894964,0,-0.9564129934345487
3.7332592700158704,-0.44344601406900136,0,0,0.8963010836802079,-0.2505358224470858,-0.1509229603862426,0,-0.9562709143851521
3.7384952577718535,-0.44283700115233426,0,0,0.8966021360728557,-0.2506794866915828,-0.15154477960714735,0,-0.9561349144999705
3.7437312455278366,-0.442180675453305,0,0,0.8969260004346283,-0.2508013168829735,-0.15216196278286406,0,-0.9560049354118589
3.7489672332838198,-0.4414765544490791,0,0,0.8972727856520387,-0.25090153797963144,-0.15277463291009408,0,-0.9558809181998777
3.754203221039803,-0.4407241185013676,0,0,0.8976426078184975,-0.25098037023891184,-0.15338291078852084,0,-0.9557628034364904
3.759439208795786,-0.4399228100580293,0,0,0.8980355901581223,-0.25103802928316377,-0.1539869150571587,0,-0.9556505312324192
3.7646751965517686,-0.4390720327930151,0,0,0.8984518629392503,-0.2510747261652148,-0.15458676223010331,0,-0.9555440412792472
3.7699111843077517,-0.43817115068266055,0,0,0.8988915633764917,-0.25109066743329883,-0.15518256673167494,0,-0.9554432728898508
3.775147172063735,-0.43721948701618124,0,0,0.8993548355200561,-0.2510860551953956,-0.15577444093094303,0,-0.9553481650367404
3.780383159819718,-0.43621632333807275,0,0,0.899841830130948,-0.2510610871829598,-0.15636249517562725,0,-0.9552586563883952
3.785619147575701,-0.4351608983199575,0,0,0.9003527045404858,-0.251015956814012,-0.15694683782536528,0,-0.9551746853436625
3.790855135331684,-0.4340524065592568,0,0,0.9008876224924602,-0.25095085325557476,-0.15752757528434208,0,-0.9550961900642966
3.7960911230876664,-0.43288999730189864,0,0,0.9014467539660689,-0.2508659614854343,-0.15810481203327564,0,-0.955023108505711
3.8013271108436495,-0.43167277308609237,0,0,0.902030274977599,-0.2507614623532126,-0.15867865066075446,0,-0.9549553784460091
3.8065630985996326,-0.43039978830402825,0,0,0.9026383673586271,-0.2506375326407378,-0.1592491918939222,0,-0.954892937513361
3.8117990863556157,-0.42907004767816326,0,0,0.9032712185082944,-0.2504943451216997,-0.15981653462850753,0,-0.9548357232117919
3.817035074111599,-0.4276825046485728,0,0,0.9039290211169921,-0.25033206862058477,-0.16038077595819608,0,-0.9547836729454403
3.8222710618675815,-0.42623605966764544,0,0,0.9046119728585286,-0.2501508680708794,-0.16094201120334184,0,-0.95473672404135
3.8275070496235646,-0.4247295583981929,0,0,0.9053202760475854,-0.24995090457254052,-0.16150033393901772,0,-0.9546948137708481
3.8327430373795477,-0.423161789810846,0,0,0.9060541372589617,-0.24973233544872686,-0.16205583602240317,0,-0.9546578793695699
3.837979025135531,-0.42153148417639014,0,0,0.9068137669047872,-0.24949531430179048,-0.16260860761950918,0,-0.9546258580561787
3.843215012891514,-0.41983731094847554,0,0,0.9075993787655172,-0.24923999106852665,-0.16315873723123883,0,-0.9545986870498347
3.848451000647497,-0.4180778765319258,0,0,0.9084111894701407,-0.24896651207468573,-0.1637063117187857,0,-0.9545763035864641
3.8536869884034792,-0.4162517219316354,0,0,0.9092494179205993,-0.24867502008874637,-0.1642514163283685,0,-0.9545586449338702
3.8589229761594623,-0.41435732027682837,0,0,0.910114284654958,-0.2483656543749553,-0.16479413471530402,0,-0.95454564840574
3.8641589639154454,-0.41239307421523125,0,0,0.9110060111433461,-0.24803855074563855,-0.16533454896741767,0,-0.9545372513745831
3.8693949516714286,-0.4103573131714785,0,0,0.9119248190101448,-0.24769384161278898,-0.1658727396277945,0,-0.9545333912836513
3.8746309394274117,-0.4082482904638631,0,0,0.9128709291752769,-0.24733165603893867,-0.1664087857168712,0,-0.9545340056578774
3.8798669271833948,-0.40606418027332725,0,0,0.9138445609068047,-0.246952119787322,-0.16694276475386957,0,-0.9545390321138691
3.8851029149393774,-0.40380307445838787,0,0,0.9148459307762995,-0.24655535537134107,-0.16747475277757487,0,-0.9545484083690057
3.8903389026953605,-0.4014629792094973,0,0,0.9158752515076684,-0.2461414821033409,-0.16800482436645914,0,-0.9545620722496604
3.8955748904513436,-0.39904181153617846,0,0,0.9169327307092516,-0.24571061614270684,-0.16853305265815188,0,-0.9545799616985976
3.9008108782073267,-0.3965373955801091,0,0,0.9180185694780602,-0.2452628705432951,-0.16905950936826003,0,-0.9546020147815665
3.90604686596331,-0.3939474587472204,0,0,0.919132960863991,-0.2447983553002084,-0.16958426480853908,0,-0.9546281696931327
3.911282853719293,-0.3912696276517847,0,0,0.9202760881807338,-0.2443171773959309,-0.17010738790441676,0,-0.9546583647617726
3.916518841475275,-0.3885014238654177,0,0,0.9214481231488525,-0.24381944084583532,-0.1706289462118719,0,-0.9546925384542662
3.9217548292312583,-0.38564025946393643,0,0,0.9226492238551918,-0.2433052467430769,-0.17114900593367016,0,-0.9547306293794113
3.9269908169872414,-0.38268343236509006,0,0,0.9238795325112866,-0.24277469330289053,-0.1716676319349582,0,-0.954772576291093
3.9322268047432245,-0.3796281214503109,0,0,0.9251391729918844,-0.2422278759063049,-0.17218488775821902,0,-0.9548183180907293
3.9374627924992076,-0.3764713814638994,0,0,0.9264282481329371,-0.24166488714329173,-0.17270083563758998,0,-0.9548677938291238
3.94269878025519,-0.3732101376833814,0,0,0.9277468367665563,-0.24108581685536676,-0.17321553651254495,0,-0.9549209427077469
3.947934768011173,-0.36984118035526187,0,0,0.9290949904683734,-0.24049075217765908,-0.1737290500409437,0,-0.9549777040794697
3.953170755767156,-0.36636115889103593,0,0,0.9304727299905231,-0.23987977758046944,-0.17424143461144856,0,-0.955038017448776
3.958406743523139,-0.362766575819098,0,0,0.9318800413510778,-0.239252974910333,-0.17475274735531252,0,-0.9551018224714714
3.9636427312791223,-0.35905378048922526,0,0,0.9333168715481336,-0.23861042343060854,-0.17526304415753768,0,-0.9551690589539104
3.9688787190351054,-0.3552189625275518,0,0,0.9347831238639526,-0.23795219986161237,-0.17577237966740888,0,-0.9552396668517675
3.974114706791088,-0.3512581450414971,0,0,0.9362786527215102,-0.23727837842031796,-0.17628080730840093,0,-0.9553135862683639
3.979350694547071,-0.34716717757595944,0,0,0.9378032580525312,-0.23658903085964184,-0.17678837928746444,0,-0.9553907574525761
3.9845866823030542,-0.3429417288243534,0,0,0.9393566791325666,-0.23588422650733706,-0.1772951466036884,0,-0.9554711207963389
3.9898226700590373,-0.33857727910073326,0,0,0.9409385878349044,-0.23516403230451624,-0.1778011590563439,0,-0.9555546168317649
3.9950586578150205,-0.33406911258244576,0,0,0.9425485812510552,-0.23442851284382615,-0.17830646525230912,0,-0.9556411862278953
4.000294645571003,-0.3294123093365387,0,0,0.9441861736212664,-0.23367773040729772,-0.17881111261287697,0,-0.9557307697870981
4.005530633326986,-0.3246017371475796,0,0,0.9458507875139575,-0.2329117450038922,-0.1793151473799473,0,-0.9558233084411311
4.010766621082969,-0.3196320431697803,0,0,0.947541744188145,-0.23213061440677116,-0.17981861462160534,0,-0.9559187432468838
4.016002608838952,-0.31449764543241215,0,0,0.9492582530678724,-0.23133439419031124,-0.18032155823708648,0,-0.9560170153818135
4.0212385965949355,-0.3091927242345844,0,0,0.9509994002523852,-0.2305231377668899,-0.18082402096113126,0,-0.9561180661390914
4.026474584350918,-0.3037112134737662,0,0,0.9527641359803026,-0.2296968964234678,-0.18132604436772873,0,-0.956221836922468
4.031710572106902,-0.29804679196190353,0,0,0.9545512609604672,-0.22885571935799215,-0.1818276688732533,0,-0.9563282692408785
4.0369465598628835,-0.2921928747941048,0,0,0.9563594114764368,-0.22799965371564995,-0.18232893373899314,0,-0.9564373047027942
4.042182547618867,-0.286142604847483,0,0,0.9581870431659454,-0.2271287446249939,-0.18282987707307505,0,-0.9565488850103367
4.04741853537485,-0.2798888445023917,0,0,0.9600324133710884,-0.22624303523397396,-0.1833305358317835,0,-0.9566629519531682
4.052654523130833,-0.27342416769490885,0,0,0.9618935619497339,-0.22534256674589617,-0.1838309458202805,0,-0.9567794474021649
4.057890510886816,-0.26674085242851286,0,0,0.9637682904338107,-0.22442737845534239,-0.18433114169272322,0,-0.956898313302892
4.063126498642799,-0.2598308738945241,0,0,0.9656541394159752,-0.2234975077840763,-0.18483115695178526,0,-0.9570194916688851
4.068362486398782,-0.25268589837546757,0,0,0.9675483640429469,-0.2225529903169672,-0.18533102394758136,0,-0.957142924574756
4.073598474154765,-0.24529727813326221,0,0,0.9694479074918947,-0.22159385983796195,-0.18583077387599867,0,-0.9572685541491276
4.078834461910748,-0.2376560475154024,0,0,0.9713493723060497,-0.22062014836613214,-0.18633043677643804,0,-0.9573963225674139
4.084070449666731,-0.22975292054736143,0,0,0.9732489894677301,-0.21963188619183308,-0.186830041528966,0,-0.9575261720444526
4.089306437422715,-0.22157829031856854,0,0,0.9751425850917907,-0.2186291019130008,-0.18732961585088306,0,-0.9576580448270017
4.094542425178696,-0.21312223051282614,0,0,0.9770255446308648,-0.21761182247162442,-0.18782918629270934,0,-0.9577918831861111
4.09977841293468,-0.20437449948199926,0,0,0.9788927744965136,-0.2165800731904209,-0.18832877823359395,0,-0.9579276294093796
4.105014400690663,-0.19532454731468288,0,0,0.9807386610184766,-0.2155338778097528,-0.18882841587614854,0,-0.9580652257931058
4.110250388446646,-0.18596152640884875,0,0,0.9825570266888792,-0.2144732585248149,-0.1893281222407138,0,-0.9582046146343448
4.115486376202629,-0.17627430611980816,0,0,0.9843410836706858,-0.2133982360231318,-0.1898279191590604,0,-0.95834573822288
4.120722363958612,-0.1662514921210935,0,0,0.9860833845915415,-0.2123088295223946,-0.1903278272675321,0,-0.958488538833121
4.125958351714595,-0.1558814511863094,0,0,0.987775770696999,-0.21120505680867913,-0.1908278659996355,0,-0.9586329587159351
4.131194339470578,-0.14515234217308284,0,0,0.9894093175029576,-0.21008693427507513,-0.19132805357808452,0,-0.9587789400904267
4.136430327226561,-0.13405215406515833,0,0,0.9909742781679508,-0.2089544769607684,-0.19182840700630577,0,-0.9589264251356695
4.141666314982544,-0.1225687520034332,0,0,0.9924600249039358,-0.207807698590611,-0.19232894205941267,0,-0.9590753559824072
4.1469023027385274,-0.11068993230878943,0,0,0.9938549888617936,-0.20664661161521505,-0.19282967327465894,0,-0.9592256747047269
4.15213829049451,-0.09840348756619141,0,0,0.9951465990670975,-0.20547122725161415,-0.19333061394137788,0,-0.9593773233117225
4.157374278250493,-0.08569728289608691,0,0,0.9963212211451826,-0.20428155552452376,-0.1938317760904213,0,-0.9595302437391505
4.162610266006475,-0.07255934458108942,0,0,0.9973640967640468,-0.20307760530824576,-0.19433317048310614,0,-0.9596843778410965
4.167846253762459,-0.05897796223676351,0,0,0.9982592849407407,-0.20185938436925316,-0.1948348065996841,0,-0.9598396673816568
4.173082241518442,-0.04494180570750261,0,0,0.9989896066024656,-0.20062689940949752,-0.19533669262734504,0,-0.9599960540266516
4.178318229274425,-0.030440057823404965,0,0,0.9995365940673245,-0.1993801561104747,-0.19583883544777106,0,-0.9601534793353735
4.183554217030408,-0.015462564061190566,0,0,0.9998804474099159,-0.19811915917809714,-0.19634124062425545,0,-0.9603118847523923
4.1887902047863905,-4.898587196589411e-16,0,0,1,-0.19684391238840404,-0.1968439123884039,0,-0.9604712115994173
4.194026192542374,0.01546256406118962,0,0,0.999880447409916,-0.19555441863415962,-0.19734685362643725,0,-0.9606314010672363
4.199262180298357,0.030440057823405715,0,0,0.9995365940673246,-0.1942506799723744,-0.19785006586511372,0,-0.9607923942077395
4.20449816805434,0.044941805707503335,0,0,0.9989896066024657,-0.1929326976727921,-0.19835354925729495,0,-0.9609541319260418
4.209734155810323,0.05897796223676263,0,0,0.9982592849407407,-0.1916004722673864,-0.1988573025671754,0,-0.9611165549727158
4.214970143566306,0.0725593445810886,0,0,0.9973640967640468,-0.19025400360090375,-0.199361323155203,0,-0.9612796039361462
4.220206131322288,0.0856972828960832,0,0,0.9963212211451832,-0.1888932908824979,-0.1998656069627153,0,-0.9614432192350234
4.225442119078272,0.09840348756619204,0,0,0.9951465990670973,-0.18751833273849403,-0.20037014849632095,0,-0.9616073411109848
4.2306781068342545,0.11068993230878867,0,0,0.9938549888617935,-0.18612912726632455,-0.20087494081205548,0,-0.9617719096214183
4.235914094590238,0.1225687520034325,0,0,0.9924600249039359,-0.18472567208967405,-0.20137997549934541,0,-0.9619368646324463
4.241150082346221,0.13405215406515888,0,0,0.9909742781679506,-0.18330796441487726,-0.20188524266481403,0,-0.9621021458120979
4.246386070102203,0.14515234217307968,0,0,0.989409317502958,-0.18187600108860258,-0.20239073091596596,0,-0.9622676926236897
4.251622057858187,0.15588145118630992,0,0,0.9877757706969988,-0.18042977865686474,-0.20289642734479016,0,-0.9624334443194268
4.25685804561417,0.16625149212109286,0,0,0.9860833845915417,-0.1789692934254005,-0.20340231751132187,0,-0.9625993399342408
4.262094033370153,0.17627430611980757,0,0,0.9843410836706861,-0.17749454152144134,-0.20390838542720963,0,-0.9627653182798818
4.267330021126136,0.18596152640884922,0,0,0.9825570266888791,-0.17600551895692204,-0.2044146135393307,0,-0.9629313179392757
4.272566008882119,0.1953245473146823,0,0,0.9807386610184766,-0.17450222169315255,-0.20492098271350903,0,-0.9630972772611723
4.277801996638101,0.2043744994819987,0,0,0.9788927744965137,-0.17298464570698902,-0.20542747221838262,0,-0.9632631343550906
4.283037984394085,0.2131222305128246,0,0,0.977025544630865,-0.17145278705852696,-0.20593405970948087,0,-0.9634288270865863
4.288273972150067,0.22157829031856893,0,0,0.9751425850917905,-0.16990664196035218,-0.20644072121356433,0,-0.9635942930728577
4.293509959906051,0.22975292054736185,0,0,0.9732489894677301,-0.1683462068483627,-0.2069474311132934,0,-0.9637594696787042
4.2987459476620336,0.23765604751540195,0,0,0.9713493723060499,-0.16677147845419427,-0.20745416213228515,0,-0.9639242940128617
4.303981935418017,0.24529727813326258,0,0,0.9694479074918946,-0.165182453879259,-0.20796088532062965,0,-0.964088702924729
4.309217923173999,0.25268589837546546,0,0,0.9675483640429474,-0.16357913067042118,-0.20846757004093242,0,-0.9642526330015067
4.314453910929982,0.2598308738945229,0,0,0.9656541394159757,-0.16196150689731262,-0.20897418395496073,0,-0.9644160205657671
4.319689898685965,0.26674085242851164,0,0,0.9637682904338112,-0.1603295812313082,-0.2094806930109656,0,-0.9645788016734759
4.324925886441949,0.27342416769490846,0,0,0.961893561949734,-0.15868335302615205,-0.20998706143176538,0,-0.9647409121124851
4.330161874197932,0.27988884450239204,0,0,0.9600324133710881,-0.1570228224002456,-0.21049325170366842,0,-0.9649022874015156
4.335397861953914,0.2861426048474812,0,0,0.9581870431659458,-0.15534799032058585,-0.2109992245663263,0,-0.9650628627896548
4.3406338497098975,0.2921928747941038,0,0,0.9563594114764372,-0.15365885868834353,-0.21150493900360498,0,-0.9652225732563848
4.34586983746588,0.29804679196190315,0,0,0.9545512609604673,-0.15195543042607312,-0.21201035223556547,0,-0.9653813535121643
4.351105825221864,0.3037112134737658,0,0,0.9527641359803026,-0.15023770956652063,-0.2125154197116545,0,-0.9655391379995868
4.356341812977846,0.30919272423458466,0,0,0.950999400252385,-0.14850570134301394,-0.21302009510519876,0,-0.9656958608951327
4.36157780073383,0.3144976454324118,0,0,0.9492582530678725,-0.14675941228139075,-0.21352433030930928,0,-0.96585145611154
4.366813788489812,0.31963204316977994,0,0,0.9475417441881451,-0.1449988502934325,-0.21402807543429692,0,-0.9660058573008105
4.372049776245795,0.3246017371475788,0,0,0.9458507875139578,-0.14322402477174406,-0.21453127880670897,0,-0.966158997857879
4.377285764001778,0.3294123093365379,0,0,0.9441861736212669,-0.14143494668603684,-0.21503388697009382,0,-0.9663108109249585
4.3825217517577615,0.33406911258244604,0,0,0.9425485812510553,-0.13963162868073434,-0.21553584468760756,0,-0.9664612293965883
4.387757739513744,0.33857727910073254,0,0,0.9409385878349048,-0.1378140851738421,-0.21603709494657453,0,-0.9666101859254028
4.392993727269728,0.34294172882435364,0,0,0.9393566791325665,-0.1359823324569863,-0.21653757896511766,0,-0.9667576129286405
4.39822971502571,0.3471671775759591,0,0,0.9378032580525311,-0.13413638879654133,-0.2170372362009744,0,-0.9669034425954153
4.403465702781693,0.35125814504149644,0,0,0.9362786527215105,-0.1322762745357343,-0.2175360043626163,0,-0.9670476068947664
4.408701690537677,0.35521896252755203,0,0,0.9347831238639525,-0.13040201219762285,-0.21803381942278927,0,-0.9671900375845078
4.413937678293659,0.3590537804892246,0,0,0.9333168715481339,-0.12851362658882198,-0.2185306156345916,0,-0.9673306662208923
4.419173666049643,0.36276657581909827,0,0,0.9318800413510778,-0.1266111449038439,-0.21902632555020995,0,-0.9674694241691111
4.4244096538056255,0.3663611588910358,0,0,0.9304727299905233,-0.12469459682991596,-0.21952088004242568,0,-0.9676062426146411
4.429645641561608,0.3698411803552613,0,0,0.9290949904683736,-0.12276401465211204,-0.22001420832901014,0,-0.9677410525754578
4.434881629317591,0.37321013768338046,0,0,0.9277468367665568,-0.12081943335864066,-0.2205062380001191,0,-0.9678737849151262
4.440117617073574,0.3764713814638992,0,0,0.9264282481329373,-0.11886089074610699,-0.22099689504879802,0,-0.9680043703567834
4.445353604829557,0.37962812145031066,0,0,0.9251391729918846,-0.11688842752456355,-0.2214861039047038,0,-0.9681327394980244
4.4505895925855405,0.38268343236508984,0,0,0.9238795325112868,-0.11490208742214417,-0.22197378747114685,0,-0.9682588228267007
4.455825580341523,0.3856402594639363,0,0,0.922649223855192,-0.11290191728907728,-0.22245986716554897,0,-0.9683825507376392
4.461061568097506,0.38850142386541725,0,0,0.9214481231488529,-0.11088796720084584,-0.22294426296341263,0,-0.9685038535502917
4.466297555853489,0.39126962765178497,0,0,0.9202760881807338,-0.1088602905602663,-0.2234268934458829,0,-0.9686226615273134
4.471533543609472,0.3939474587472206,0,0,0.919132960863991,-0.10681894419823883,-0.2239076758509841,0,-0.9687389048940815
4.476769531365456,0.3965373955801093,0,0,0.9180185694780602,-0.10476398847290688,-0.22438652612859933,0,-0.9688525138591466
4.482005519121438,0.3990418115361786,0,0,0.9169327307092516,-0.10269548736696926,-0.22486335899925497,0,-0.9689634186356226
4.487241506877421,0.4014629792094972,0,0,0.9158752515076684,-0.10061350858285553,-0.22533808801676017,0,-0.969071549463505
4.492477494633404,0.4038030744583874,0,0,0.9148459307762997,-0.09851812363548872,-0.22581062563474377,0,-0.9691768366329171
4.497713482389387,0.40606418027332736,0,0,0.9138445609068048,-0.09640940794233353,-0.2262808832771152,0,-0.969279210508271
4.50294947014537,0.40824829046386274,0,0,0.9128709291752771,-0.09428744091043145,-0.226748771412467,0,-0.9693786015533347
4.508185457901353,0.4103573131714785,0,0,0.9119248190101445,-0.0921523060201068,-0.22721419963242134,0,-0.9694749403571888
4.513421445657336,0.41239307421523114,0,0,0.9110060111433462,-0.090004090905037,-0.22767707673390786,0,-0.9695681576610589
4.518657433413319,0.414357320276828,0,0,0.9101142846549581,-0.08784288742835569,-0.22813731080534783,0,-0.9696581843859996
4.523893421169302,0.4162517219316353,0,0,0.9092494179205992,-0.08566879175447269,-0.22859480931670023,0,-0.9697449516614098
4.529129408925285,0.4180778765319257,0,0,0.9084111894701407,-0.08348190441628078,-0.22904947921331034,0,-0.9698283908543521
4.5343653966812685,0.41983731094847565,0,0,0.9075993787655173,-0.08128233037741779,-0.22950122701348627,0,-0.9699084335996468
4.539601384437251,0.4215314841763901,0,0,0.9068137669047872,-0.07907017908926556,-0.22994995890970488,0,-0.969985011830707
4.544837372193235,0.4231617898108461,0,0,0.9060541372589617,-0.0768455645423498,-0.23039558087333822,0,-0.9700580578110801
4.5500733599492165,0.4247295583981926,0,0,0.9053202760475855,-0.07460860531183156,-0.23083799876276392,0,-0.9701275041666563
4.5553093477052,0.4262360596676452,0,0,0.9046119728585288,-0.07235942459676095,-0.2312771184347129,0,-0.970193283918499
4.560545335461183,0.4276825046485727,0,0,0.9039290211169921,-0.07009815025280261,-0.23171284585867852,0,-0.9702553305162552
4.565781323217166,0.4290700476781631,0,0,0.9032712185082943,-0.06782491481811471,-0.2321450872342014,0,-0.9703135778720919
4.571017310973149,0.4303997883040281,0,0,0.902638367358627,-0.06553985553211279,-0.23257374911081666,0,-0.9703679603951116
4.5762532987291324,0.4316727730860924,0,0,0.902030274977599,-0.06324311434682928,-0.23299873851043656,0,-0.9704184130261849
4.581489286485115,0.43288999730189837,0,0,0.9014467539660689,-0.06093483793062414,-0.23341996305191862,0,-0.970464871273149
4.586725274241098,0.4340524065592568,0,0,0.9008876224924602,-0.05861517766399313,-0.23383733107755292,0,-0.9705072712463032
4.591961261997081,0.43516089831995763,0,0,0.9003527045404859,-0.05628428962726198,-0.2342507517811841,0,-0.9705455496941422
4.597197249753064,0.43621632333807286,0,0,0.8998418301309481,-0.05394233457996333,-0.2346601353376649,0,-0.9705796440392576
4.6024332375090475,0.43721948701618135,0,0,0.899354835520056,-0.05158947793171498,-0.23506539303332397,0,-0.9706094924143397
4.607669225265029,0.43817115068266044,0,0,0.8988915633764918,-0.04922588970445901,-0.23546643739711276,0,-0.9706350336982053
4.612905213021013,0.4390720327930151,0,0,0.8984518629392504,-0.04685174448592242,-0.23586318233208678,0,-0.9706562075517812
4.6181412007769955,0.4399228100580292,0,0,0.8980355901581225,-0.0444672213742223,-0.23625554324685696,0,-0.9706729544539645
4.623377188532979,0.4407241185013676,0,0,0.8976426078184973,-0.04207250391352944,-0.23664343718664496,0,-0.9706852157372834
4.628613176288962,0.44147655444907896,0,0,0.8972727856520386,-0.039667780020774694,-0.23702678296355706,0,-0.9706929336232804
4.633849164044945,0.442180675453305,0,0,0.8969260004346284,-0.03725324190338245,-0.2374055012856941,0,-0.9706960512575379
4.639085151800928,0.4428370011523342,0,0,0.8966021360728555,-0.03482908596807649,-0.2377795148846992,0,-0.9706945127442648
4.644321139556911,0.4434460140690012,0,0,0.896301083680208,-0.032395512720813396,-0.2381487486413509,0,-0.9706882631803654
4.649557127312894,0.4440081603492799,0,0,0.8960227416440101,-0.029952726657956147,-0.23851312970880087,0,-0.9706772486889073
4.654793115068877,0.44452385044278137,0,0,0.8957670156840581,-0.027500936148822222,-0.23887258763306018,0,-0.9706614164519081
4.66002910282486,0.4449934597267355,0,0,0.8955338189038033,-0.025040353309776078,-0.2392270544703416,0,-0.9706407147423632
4.665265090580843,0.445417329074894,0,0,0.8953230718348476,-0.022571193870086256,-0.2395764649008675,0,-0.9706150929554324
4.670501078336826,0.445795765372674,0,0,0.8951347024754385,-0.020093677029779725,-0.2399207563387651,0,-0.9705845016387074
4.675737066092808,0.4461290419797303,0,0,0.8949686463235726,-0.01760802530978439,-0.24025986903767868,0,-0.9705488925214883
4.680973053848792,0.44641739914102085,0,0,0.8948248464052428,-0.015114464394666195,-0.24059374619174012,0,-0.9705082185429894
4.686209041604775,0.4466610443473166,0,0,0.8947032532983014,-0.012613222968312594,-0.24092233403155705,0,-0.9704624338794049
4.691445029360758,0.44686015264598367,0,0,0.8946038251523454,-0.010104532542932807,-0.24124558191489223,0,-0.9704114939697663
4.696681017116741,0.44701486690275255,0,0,0.8945265277049721,-0.007588627281793492,-0.24156344241172745,0,-0.9703553555405228
4.7019170048727235,0.4471252980150794,0,0,0.8944713342946919,-0.00506574381611237,-0.2418758713834272,0,-0.9702939766287829
4.707152992628706,0.44719152507758514,0,0,0.8944382258707326,-0.00253612105658188,-0.2421828280557395,0,-0.9702273166041606
4.71238898038469,0.4472135954999579,0,0,0.8944271909999159,-8.908727739806922e-17,-0.24248427508539674,0,-0.9701553361891639
4.717624968140673,0.44719152507758514,0,0,0.8944382258707326,0.0025423764684810728,-0.24278017862010295,0,-0.9700779974780808
4.722860955896656,0.4471252980150794,0,0,0.8944713342946919,0.005090763776970832,-0.2430705083517268,0,-0.9699952639543145
4.7280969436526386,0.4470148669027526,0,0,0.8945265277049722,0.0076449158717765515,-0.24335523756254154,0,-0.9699071005061218
4.733332931408621,0.4468601526459837,0,0,0.8946038251523454,0.010204585425108666,-0.2436343431643874,0,-0.9698134734407226
4.738568919164605,0.4466610443473166,0,0,0.8947032532983014,0.012769524044996533,-0.24390780573066087,0,-0.9697143504967422
4.743804906920587,0.4464173991410209,0,0,0.8948248464052428,0.015339482486842417,-0.24417560952106482,0,-0.9696097008549638
4.749040894676571,0.4461290419797303,0,0,0.8949686463235726,0.017914210866049527,-0.2444377424990859,0,-0.9694994951473659
4.754276882432554,0.44579576537267407,0,0,0.8951347024754386,0.02049345887114103,-0.244694196342195,0,-0.9693837054644276
4.759512870188536,0.445417329074894,0,0,0.8953230718348477,0.02307697597681381,-0.2449449664447993,0,-0.969262305360691
4.764748857944519,0.4449934597267356,0,0,0.8955338189038035,0.02566451165635229,-0.245190051914002,0,-0.9691352698585733
4.7699848457005025,0.4445238504427814,0,0,0.8957670156840581,0.028255815592854748,-0.24542945555825704,0,-0.9690025754504268
4.775220833456485,0.44400816034927987,0,0,0.8960227416440099,0.030850637888723605,-0.24566318386903485,0,-0.9688642000988515
4.780456821212469,0.4434460140690012,0,0,0.896301083680208,0.033448729272897826,-0.24589124699564183,0,-0.9687201232352699
4.785692808968451,0.44283700115233426,0,0,0.8966021360728557,0.036049841305303615,-0.24611365871336208,0,-0.9685703257567749
4.790928796724434,0.442180675453305,0,0,0.8969260004346283,0.038653726578043154,-0.24633043638511729,0,-0.9684147900212737
4.796164784480418,0.4414765544490791,0,0,0.8972727856520387,0.04126013891283844,-0.24654160091685973,0,-0.9682534998409481
4.8014007722364,0.44072411850136767,0,0,0.8976426078184971,0.043868833554285835,-0.24674717670693982,0,-0.9680864404740624
4.806636759992384,0.43992281005802925,0,0,0.8980355901581224,0.04647956735850227,-0.24694719158970446,0,-0.9679135986151473
4.8118727477483665,0.43907203279301515,0,0,0.8984518629392503,0.04909209897675502,-0.24714167677360274,0,-0.9677349623836006
4.81710873550435,0.4381711506826604,0,0,0.8988915633764916,0.0517061890337204,-0.24733066677409377,0,-0.9675505213107435
4.822344723260332,0.4372194870161814,0,0,0.899354835520056,0.05432160030001651,-0.24751419934165766,0,-0.9673602663253765
4.827580711016315,0.4362163233380729,0,0,0.899841830130948,0.05693809785871762,-0.24769231538523098,0,-0.9671641897378823
4.832816698772298,0.4351608983199577,0,0,0.9003527045404858,0.05955544926555044,-0.24786505889139107,0,-0.9669622852229272
4.838052686528282,0.434052406559257,0,0,0.9008876224924603,0.0621734247025473,-0.2480324768396254,0,-0.9667545478008145
4.843288674284264,0.4328899973018985,0,0,0.9014467539660689,0.06479179712491888,-0.24819461911402346,0,-0.966540973817545
4.848524662040247,0.43167277308609253,0,0,0.902030274977599,0.0674103424009776,-0.24835153841173657,0,-0.9663215609236434
4.8537606497962305,0.4303997883040282,0,0,0.902638367358627,0.07002883944494602,-0.2485032901485485,0,-0.9660963080518113
4.858996637552213,0.4290700476781633,0,0,0.9032712185082944,0.07264707034253046,-0.2486499323619012,0,-0.9658652153934675
4.864232625308197,0.42768250464857277,0,0,0.903929021116992,0.07526482046917131,-0.24879152561171874,0,-0.9656282843742393
4.869468613064179,0.4262360596676453,0,0,0.9046119728585287,0.07788187860089382,-0.24892813287936494,0,-0.96538551762847
4.874704600820163,0.42472955839819265,0,0,0.9053202760475854,0.08049803701773742,-0.24905981946507014,0,-0.9651369189728044
4.879940588576145,0.4231617898108462,0,0,0.9060541372589614,0.08311309159973954,-0.24918665288414918,0,-0.9648824933789232
4.885176576332128,0.42153148417639014,0,0,0.9068137669047872,0.0857268419155084,-0.24930870276233075,0,-0.9646222469454855
4.890412564088111,0.4198373109484758,0,0,0.9075993787655173,0.08833909130340557,-0.249426040730503,0,-0.9643561868693507
4.895648551844094,0.41807787653192585,0,0,0.9084111894701407,0.09094964694542643,-0.24953874031917414,0,-0.9640843214161415
4.900884539600077,0.41625172193163545,0,0,0.9092494179205993,0.09355831993384556,-0.24964687685293183,0,-0.9638066598902154
4.906120527356061,0.41435732027682814,0,0,0.910114284654958,0.09616492533075115,-0.24975052734517508,0,-0.9635232126041063
4.911356515112043,0.4123930742152313,0,0,0.9110060111433462,0.09876928222058058,-0.24984977039337747,0,-0.9632339908475032
4.916592502868026,0.4103573131714786,0,0,0.9119248190101445,0.10137121375581522,-0.2499446860751277,0,-0.9629390068558231
4.9218284906240095,0.40824829046386285,0,0,0.9128709291752769,0.10397054719598267,-0.2500353558451791,0,-0.9626382737784441
4.927064478379992,0.4060641802733274,0,0,0.9138445609068045,0.10656711394014581,-0.25012186243372486,0,-0.9623318056466558
4.932300466135976,0.40380307445838753,0,0,0.9148459307762994,0.10916074955306863,-0.25020428974610126,0,-0.9620196173413831
4.937536453891958,0.40146297920949736,0,0,0.9158752515076684,0.11175129378524691,-0.250282722764106,0,-0.961701724560744
4.942772441647941,0.39904181153617874,0,0,0.9169327307092515,0.11433859058702324,-0.2503572474491042,0,-0.9613781437874906
4.948008429403924,0.39653739558010936,0,0,0.9180185694780599,0.11692248811699184,-0.250427950647079,0,-0.9610488922563909
4.953244417159907,0.3939474587472208,0,0,0.919132960863991,0.11950283874492189,-0.2504949199957697,0,-0.9607139879215969
4.95848040491589,0.391269627651785,0,0,0.9202760881807337,0.12207949904942249,-0.250558243834026,0,-0.9603734494240513
4.9637163926718735,0.38850142386541736,0,0,0.9214481231488527,0.12465232981058888,-0.25061801111349097,0,-0.9600272960589767
4.968952380427856,0.3856402594639365,0,0,0.9226492238551918,0.1272211959978526,-0.25067431131271534,0,-0.9596755477434922
4.974188368183839,0.38268343236509006,0,0,0.9238795325112866,0.12978596675328571,-0.2507272343537866,0,-0.9593182249843981
4.979424355939822,0.3796281214503109,0,0,0.9251391729918844,0.1323465153705855,-0.2507768705215497,0,-0.9589553488461708
4.984660343695805,0.37647138146389947,0,0,0.9264282481329373,0.13490271926998004,-0.2508233103854789,0,-0.9585869409192026
4.989896331451789,0.37321013768338074,0,0,0.9277468367665568,0.13745445996929578,-0.2508666447242509,0,-0.9582130232883217
4.995132319207771,0.3698411803552615,0,0,0.9290949904683734,0.14000162305140812,-0.2509069644530574,0,-0.9578336185016287
5.000368306963754,0.36636115889103604,0,0,0.9304727299905231,0.14254409812831967,-0.2509443605536837,0,-0.9574487495396747
5.005604294719737,0.36276657581909855,0,0,0.9318800413510778,0.14508177880208117,-0.25097892400737215,0,-0.9570584397850141
5.01084028247572,0.35905378048922487,0,0,0.9333168715481337,0.14761456262278502,-0.2510107457304767,0,-0.9566627129921568
5.016076270231703,0.3552189625275523,0,0,0.9347831238639525,0.15014235104384355,-0.2510399165129081,0,-0.9562615932579429
5.021312257987686,0.35125814504149677,0,0,0.9362786527215106,0.15266504937477265,-0.2510665269593598,0,-0.955855104992364
5.026548245743669,0.34716717757595944,0,0,0.9378032580525311,0.15518256673167483,-0.2510906674332987,0,-0.9554432728898508
5.031784233499652,0.3429417288243539,0,0,0.9393566791325664,0.15769481598563623,-0.25111242800369465,0,-0.9550261219010429
5.037020221255635,0.33857727910073276,0,0,0.9409385878349045,0.16020171370921962,-0.2511318983944592,0,-0.9546036772050609
5.042256209011618,0.3340691125824464,0,0,0.9425485812510551,0.16270318012124627,-0.2511491679365576,0,-0.9541759641822928
5.047492196767601,0.32941230933653826,0,0,0.9441861736212667,0.1651991390300498,-0.2511643255227503,0,-0.9537430083877062
5.052728184523584,0.3246017371475791,0,0,0.9458507875139577,0.16768951777536617,-0.251177459564919,0,-0.9533048355247018
5.057964172279568,0.3196320431697803,0,0,0.9475417441881449,0.17017424716903745,-0.25118865795392553,0,-0.9528614714195118
5.063200160035549,0.31449764543241215,0,0,0.9492582530678724,0.17265326143467588,-0.2511980080219489,0,-0.9524129419961566
5.068436147791533,0.30919272423458505,0,0,0.9509994002523849,0.17512649814645467,-0.25120559650724256,0,-0.9519592732519602
5.073672135547516,0.3037112134737662,0,0,0.9527641359803025,0.1775938981671507,-0.25121150952125076,0,-0.9515004912336358
5.078908123303499,0.2980467919619035,0,0,0.954551260960467,0.18005540558559807,-0.25121583251802176,0,-0.9510366220139387
5.084144111059482,0.2921928747941041,0,0,0.956359411476437,0.18251096765366218,-0.2512186502658509,0,-0.9505676916688932
5.089380098815465,0.28614260484748166,0,0,0.9581870431659456,0.1849605347228748,-0.25122004682108917,0,-0.9500937262555933
5.094616086571447,0.2798888445023925,0,0,0.960032413371088,0.1874040601808295,-0.2512201055040462,0,-0.9496147517905752
5.099852074327431,0.2734241676949089,0,0,0.9618935619497339,0.18984150038746544,-0.25121890887692144,0,-0.9491307942287645
5.105088062083414,0.26674085242851214,0,0,0.9637682904338111,0.1922728146113199,-0.2512165387236919,0,-0.9486418794429903
5.110324049839397,0.2598308738945234,0,0,0.9656541394159756,0.19469796496586717,-0.2512130760318875,0,-0.9481480332040704
5.1155600375953805,0.25268589837546596,0,0,0.9675483640429473,0.1971169163460218,-0.25120860097618436,0,-0.9476492811614555
5.120796025351362,0.24529727813326307,0,0,0.9694479074918944,0.1995296363648877,-0.25120319290374454,0,-0.9471456488244349
5.126032013107346,0.23765604751540248,0,0,0.9713493723060497,0.2019360952908445,-0.25119693032123436,0,-0.9466371615438915
5.1312680008633285,0.22975292054736238,0,0,0.9732489894677299,0.2043362659850235,-0.25118989088345206,0,-0.9461238444946078
5.136503988619312,0.2215782903185695,0,0,0.9751425850917904,0.20673012383926156,-0.2511821513834962,0,-0.9456057226581076
5.141739976375295,0.2131222305128252,0,0,0.9770255446308648,0.2091176467145756,-0.25117378774440763,0,-0.9450828208060313
5.146975964131278,0.20437449948199932,0,0,0.9788927744965136,0.2114988148802286,-0.2511648750122199,0,-0.9445551634840363
5.15221195188726,0.1953245473146829,0,0,0.9807386610184764,0.2138736109534263,-0.2511554873503518,0,-0.9440227749962126
5.1574479396432436,0.18596152640884991,0,0,0.982557026688879,0.2162420198397059,-0.2511456980352794,0,-0.9434856793900035
5.162683927399226,0.17627430611980827,0,0,0.9843410836706858,0.21860402867404102,-0.251135579453425,0,-0.9429439004416283
5.16791991515521,0.16625149212109358,0,0,0.9860833845915414,0.22095962676272177,-0.2511252030992018,0,-0.9423974616419886
5.173155902911192,0.15588145118631064,0,0,0.9877757706969987,0.22330880552602692,-0.25111463957415653,0,-0.9418463861830552
5.178391890667176,0.14515234217308046,0,0,0.989409317502958,0.22565155844173201,-0.25110395858715034,0,-0.9412906969447219
5.183627878423159,0.1340521540651597,0,0,0.9909742781679507,0.22798788098946945,-0.251093228955524,0,-0.9407304164821187
5.188863866179141,0.12256875200343333,0,0,0.9924600249039358,0.23031777059597558,-0.25108251860719105,0,-0.9401655670133687
5.194099853935125,0.11068993230878953,0,0,0.9938549888617936,0.23264122658123626,-0.2510718945836094,0,-0.9395961704077846
5.1993358416911075,0.09840348756619292,0,0,0.9951465990670973,0.23495825010555194,-0.2510614230435766,0,-0.9390222481744888
5.204571829447091,0.0856972828960841,0,0,0.996321221145183,0.23726884411754137,-0.2510511692678029,0,-0.9384438214514468
5.209807817203074,0.07255934458108955,0,0,0.9973640967640468,0.2395730133030867,-0.2510411976642134,0,-0.9378609109949066
5.215043804959056,0.058977962236763604,0,0,0.9982592849407407,0.24187076403524163,-0.2510315717739335,0,-0.9372735371692283
5.220279792715039,0.04494180570750433,0,0,0.9989896066024656,0.24416210432509883,-0.25102235427791414,0,-0.9366817199370941
5.225515780471023,0.03044005782340675,0,0,0.9995365940673245,0.24644704377363047,-0.25101360700415454,0,-0.93608547885009
5.230751768227005,0.015462564061190688,0,0,0.9998804474099159,0.24872559352449922,-0.2510053909354818,0,-0.9354848330396446
5.235987755982989,6.123233995736762e-16,0,0,1,0.2509977662178484,-0.25099776621784836,0,-0.9348798012083162
5.2412237437389715,-0.015462564061189501,0,0,0.999880447409916,0.2532635759450617,-0.2509907921691109,0,-0.9342704016214161
5.246459731494954,-0.030440057823403935,0,0,0.9995365940673248,0.2555230382045004,-0.2509845272882536,0,-0.9336566520989573
5.251695719250938,-0.04494180570750161,0,0,0.9989896066024656,0.2577761698582077,-0.2509790292650227,0,-0.9330385700079173
5.25693170700692,-0.05897796223676252,0,0,0.9982592849407406,0.2600229890895783,-0.25097435498994053,0,-0.932416172254806
5.262167694762904,-0.0725593445810885,0,0,0.9973640967640468,0.2622635153619902,-0.2509705605646659,0,-0.9317894752785248
5.267403682518887,-0.085697282896086,0,0,0.9963212211451827,0.2644977693783845,-0.25096770131267315,0,-0.9311584950435084
5.272639670274869,-0.09840348756619054,0,0,0.9951465990670976,0.2667257730417954,-0.2509658317902214,0,-0.9305232470331406
5.277875658030852,-0.11068993230878857,0,0,0.9938549888617935,0.2689475494168112,-0.2509650057975859,0,-0.9298837462434267
5.2831116457868355,-0.12256875200343241,0,0,0.9924600249039359,0.27116312269196446,-0.25096527639052824,0,-0.9292400071769232
5.288347633542818,-0.1340521540651575,0,0,0.9909742781679507,0.2733725181430346,-0.25096669589197934,0,-0.9285920438369042
5.293583621298802,-0.14515234217308207,0,0,0.9894093175029577,0.27557576209725965,-0.2509693159039133,0,-0.9279398697217597
5.298819609054784,-0.1558814511863086,0,0,0.9877757706969991,0.2777728818984349,-0.25097318731939056,0,-0.9272834978196174
5.304055596810767,-0.1662514921210928,0,0,0.9860833845915417,0.2799639058728971,-0.2509783603347493,0,-0.9266229406031736
5.3092915845667505,-0.17627430611980746,0,0,0.9843410836706861,0.28214886329637173,-0.25098488446192563,0,-0.9259582100247286
5.314527572322733,-0.18596152640884808,0,0,0.9825570266888795,0.2843277843616763,-0.25099280854088585,0,-0.925289317511414
5.319763560078717,-0.1953245473146822,0,0,0.9807386610184766,0.2865007001472654,-0.2510021807521509,0,-0.9246162739606044
5.324999547834699,-0.20437449948199865,0,0,0.9788927744965137,0.2886676425865983,-0.25101304862939877,0,-0.9239390897355036
5.330235535590683,-0.21312223051282556,0,0,0.9770255446308649,0.2908286444383246,-0.25102545907212936,0,-0.9232577746608978
5.335471523346665,-0.22157829031856793,0,0,0.975142585091791,0.2929837392572607,-0.2510394583583762,0,-0.9225723380190664
5.340707511102648,-0.22975292054735988,0,0,0.9732489894677303,0.29513296136615746,-0.2510550921574533,0,-0.9218827885458405
5.345943498858631,-0.23765604751540187,0,0,0.9713493723060499,0.29727634582822776,-0.25107240554272253,0,-0.9211891344268053
5.3511794866146145,-0.24529727813326166,0,0,0.9694479074918948,0.29941392842043524,-0.2510914430043718,0,-0.9204913832936324
5.356415474370597,-0.25268589837546707,0,0,0.9675483640429471,0.3015457456075163,-0.25111224846219116,0,-0.9197895422205395
5.361651462126581,-0.2598308738945236,0,0,0.9656541394159753,0.30367183451672947,-0.2511348652783376,0,-0.9190836177208661
5.366887449882563,-0.26674085242851314,0,0,0.9637682904338107,0.3057922329133095,-0.25115933627007847,0,-0.9183736157437592
5.372123437638546,-0.2734241676949084,0,0,0.961893561949734,0.3079069791766195,-0.2511857037225047,0,-0.9176595416709614
5.37735942539453,-0.27988884450239127,0,0,0.9600324133710884,0.31001611227697823,-0.2512140094012055,0,-0.9169414003136945
5.382595413150512,-0.28614260484748255,0,0,0.9581870431659454,0.3121196717531511,-0.2512442945648968,0,-0.9162191959096321
5.387831400906496,-0.29219287479410433,0,0,0.956359411476437,0.3142176976904942,-0.2512765999779967,0,-0.9154929321199499
5.393067388662478,-0.29804679196190303,0,0,0.9545512609604673,0.31631023069972547,-0.25131096592314006,0,-0.9147626120264563
5.398303376418461,-0.30371121347376573,0,0,0.9527641359803026,0.31839731189632403,-0.25134743221362854,0,-0.9140282381287848
5.403539364174444,-0.30919272423458466,0,0,0.950999400252385,0.3204789828805244,-0.2513860382058074,0,-0.9132898123416535
5.408775351930427,-0.31449764543241177,0,0,0.9492582530678725,0.3225552857179111,-0.25142682281136736,0,-0.9125473359921763
5.41401133968641,-0.31963204316977994,0,0,0.9475417441881451,0.3246262629205812,-0.2514698245095638,0,-0.9118008098172248
5.419247327442394,-0.32460173714757984,0,0,0.9458507875139575,0.32669195742887636,-0.25151508135935147,0,-0.9110502339608328
5.424483315198376,-0.32941230933653837,0,0,0.9441861736212667,0.3287524125936562,-0.2515626310114292,0,-0.9102956079716403
5.429719302954359,-0.334069112582445,0,0,0.9425485812510555,0.3308076721591118,-0.2516125107201923,0,-0.9095369308003666
5.4349552907103424,-0.3385772791007335,0,0,0.9409385878349044,0.3328577802460974,-0.2516647573555888,0,-0.9087742007973121
5.440191278466325,-0.3429417288243531,0,0,0.9393566791325666,0.33490278133596874,-0.2517194074148773,0,-0.9080074157098803
5.445427266222309,-0.34716717757595916,0,0,0.9378032580525313,0.3369427202549187,-0.2517764970342834,0,-0.9072365726801147
5.450663253978291,-0.3512581450414969,0,0,0.9362786527215105,0.3389776421587907,-0.25183606200055314,0,-0.9064616682422486
5.455899241734274,-0.35521896252755203,0,0,0.9347831238639526,0.3410075925183638,-0.2518981377624015,0,-0.9056826983202583
5.461135229490257,-0.35905378048922454,0,0,0.9333168715481338,0.3430326171050909,-0.2519627594418539,0,-0.9048996582254182
5.46637121724624,-0.3627665758190978,0,0,0.931880041351078,0.3450527619772822,-0.2520299618454799,0,-0.9041125426538529
5.471607205002223,-0.3663611588910358,0,0,0.9304727299905233,0.347068073466717,-0.2520997794755172,0,-0.9033213456840798
5.476843192758206,-0.3698411803552616,0,0,0.9290949904683734,0.3490785981656793,-0.2521722465408861,0,-0.9025260607745388
5.482079180514189,-0.37321013768338046,0,0,0.9277468367665569,0.35108438291439475,-0.2522473969680932,0,-0.9017266807611051
5.487315168270172,-0.37647138146389914,0,0,0.9264282481329372,0.3530854747888677,-0.2523252644120226,0,-0.9009231978545801
5.492551156026154,-0.37962812145031066,0,0,0.9251391729918846,0.35508192108909997,-0.252405882266617,0,-0.9001156036381575
5.497787143782138,-0.3826834323650898,0,0,0.9238795325112867,0.3570737693276833,-0.252489283675446,0,-0.8993038890648593
5.5030231315381215,-0.38564025946393654,0,0,0.9226492238551918,0.35906106721875164,-0.25257550154216174,0,-0.898488044454937
5.508259119294104,-0.38850142386541786,0,0,0.9214481231488525,0.36104386266728666,-0.2526645685408445,0,-0.8976680594932375
5.513495107050087,-0.39126962765178486,0,0,0.9202760881807338,0.36302220375876254,-0.2527565171262352,0,-0.896843923226526
5.5187310948060695,-0.39394745874722004,0,0,0.9191329608639913,0.3649961387491188,-0.2528513795438566,0,-0.8960156240607652
5.523967082562053,-0.39653739558010925,0,0,0.9180185694780602,0.366965716055054,-0.25294918784002485,0,-0.895183149758346
5.529203070318036,-0.39904181153617835,0,0,0.9169327307092519,0.368930984244626,-0.2530499738717492,0,-0.8943464874352661
5.534439058074019,-0.4014629792094972,0,0,0.9158752515076685,0.3708919920281548,-0.25315376931652334,0,-0.8935056235582538
5.539675045830002,-0.4038030744583876,0,0,0.9148459307762995,0.3728487882494096,-0.2532606056820067,0,-0.8926605439418337
5.544911033585985,-0.4060641802733273,0,0,0.9138445609068048,0.3748014218770793,-0.25337051431559865,0,-0.8918112337453306
5.550147021341967,-0.4082482904638627,0,0,0.9128709291752771,0.3767499419965104,-0.25348352641390426,0,-0.8909576774698097
5.555383009097951,-0.41035731317147833,0,0,0.9119248190101448,0.3786943978017051,-0.25359967303209446,0,-0.8900998589549483
5.5606189968539335,-0.41239307421523114,0,0,0.9110060111433462,0.38063483858756986,-0.25371898509316015,0,-0.8892377613758377
5.565854984609917,-0.4143573202768282,0,0,0.910114284654958,0.3825713137424087,-0.25384149339706263,0,-0.8883713672397127
5.5710909723659,-0.4162517219316349,0,0,0.9092494179205995,0.3845038727406441,-0.2539672286297793,0,-0.8875006583826041
5.576326960121882,-0.41807787653192563,0,0,0.9084111894701407,0.38643256513576707,-0.25409622137224824,0,-0.8866256159659142
5.581562947877866,-0.4198373109484754,0,0,0.9075993787655173,0.38835744055349747,-0.2542285021092105,0,-0.8857462204729094
5.5867989356338486,-0.4215314841763901,0,0,0.9068137669047872,0.39027854868515244,-0.25436410123795283,0,-0.8848624517051334
5.592034923389832,-0.4231617898108461,0,0,0.9060541372589617,0.39219593928121405,-0.2545030490769506,0,-0.8839742887787301
5.597270911145815,-0.42472955839819293,0,0,0.9053202760475854,0.3941096621450814,-0.254645375874413,0,-0.8830817101206822
5.602506898901798,-0.4262360596676456,0,0,0.9046119728585287,0.396019767127009,-0.2547911118167316,0,-0.8821846934649588
5.60774288665778,-0.42768250464857244,0,0,0.9039290211169924,0.3979263041182101,-0.2549402870368316,0,-0.8812832158485713
5.612978874413764,-0.4290700476781631,0,0,0.9032712185082943,0.3998293230451326,-0.2550929316224302,0,-0.8803772536075346
5.618214862169746,-0.4303997883040279,0,0,0.9026383673586271,0.40172887386388045,-0.2552490756241993,0,-0.8794667823727342
5.62345084992573,-0.4316727730860921,0,0,0.902030274977599,0.4036250065547906,-0.2554087490638365,0,-0.8785517770656953
5.6286868376817125,-0.43288999730189837,0,0,0.9014467539660689,0.4055177711171429,-0.2555719819420436,0,-0.8776322118942537
5.633922825437695,-0.4340524065592568,0,0,0.9008876224924602,0.40740721756400433,-0.25573880424641415,0,-0.8767080603481242
5.639158813193679,-0.43516089831995763,0,0,0.9003527045404859,0.40929339591719394,-0.25590924595923153,0,-0.8757792951943706
5.644394800949661,-0.4362163233380727,0,0,0.8998418301309481,0.4111763562023605,-0.25608333706517666,0,-0.8748458884727714
5.649630788705645,-0.4372194870161813,0,0,0.899354835520056,0.41305614844416955,-0.25626110755894754,0,-0.8739078114910803
5.654866776461628,-0.43817115068266044,0,0,0.8988915633764917,0.41493282266158377,-0.2564425874527914,0,-0.8729650348201856
5.660102764217611,-0.43907203279301504,0,0,0.8984518629392503,0.41680642886323654,-0.2566278067839489,0,-0.87201752828916
5.665338751973593,-0.43992281005802913,0,0,0.8980355901581225,0.4186770170428809,-0.2568167956220111,0,-0.8710652609802076
5.6705747397295765,-0.4407241185013675,0,0,0.8976426078184974,0.4205446371749181,-0.25700958407619173,0,-0.8701082012235027
5.675810727485559,-0.44147655444907896,0,0,0.8972727856520386,0.4224093392099798,-0.2572062023025105,0,-0.8691463165919234
5.681046715241543,-0.442180675453305,0,0,0.8969260004346284,0.42427117307057505,-0.25740668051089355,0,-0.8681795738956779
5.686282702997525,-0.4428370011523342,0,0,0.8966021360728555,0.42613018864677454,-0.25761104897218534,0,-0.8672079391768244
5.691518690753509,-0.4434460140690013,0,0,0.896301083680208,0.42798643579193746,-0.25781933802507656,0,-0.8662313777036855
5.696754678509492,-0.44400816034927976,0,0,0.89602274164401,0.4298399643184618,-0.25803157808294436,0,-0.8652498539651587
5.701990666265474,-0.44452385044278137,0,0,0.8957670156840581,0.4316908239935553,-0.2582477996406073,0,-0.8642633316649214
5.707226654021458,-0.4449934597267355,0,0,0.8955338189038033,0.43353906453501273,-0.258468033280992,0,-0.8632717737155329
5.7124626417774405,-0.4454173290748939,0,0,0.8953230718348476,0.43538473560699037,-0.25869230968171253,0,-0.8622751422324384
5.717698629533424,-0.4457957653726742,0,0,0.8951347024754385,0.4372278868157726,-0.25892065962156136,0,-0.8612733985278713
5.722934617289407,-0.4461290419797303,0,0,0.8949686463235726,0.4390685677055092,-0.2591531139869093,0,-0.8602665031046602
5.728170605045389,-0.44641739914102085,0,0,0.8948248464052428,0.44090682775392515,-0.2593897037780156,0,-0.8592544156499423
5.733406592801372,-0.4466610443473166,0,0,0.8947032532983012,0.4427427163679798,-0.25963046011524377,0,-0.858237095028786
5.7386425805573555,-0.44686015264598367,0,0,0.8946038251523454,0.4445762828794724,-0.25987541424518307,0,-0.857214499277728
5.743878568313338,-0.44701486690275255,0,0,0.8945265277049721,0.4464075765405742,-0.2601245975466733,0,-0.8561865855982286
5.749114556069322,-0.44712529801507933,0,0,0.8944713342946919,0.44823664651928335,-0.2603780415367296,0,-0.8551533103500472
5.754350543825304,-0.44719152507758514,0,0,0.8944382258707326,0.45006354189477643,-0.2606357778763648,0,-0.854114629044551
5.759586531581287,-0.4472135954999579,0,0,0.8944271909999159,0.4518883116526559,-0.2608978383763065,0,-0.853070496337954
5.764822519337271,-0.44719152507758514,0,0,0.8944382258707326,0.45371100468006764,-0.2611642550026039,0,-0.8520208660244997
5.770058507093253,-0.4471252980150794,0,0,0.8944713342946919,0.45553166976067827,-0.26143505988212284,0,-0.8509656910295967
5.775294494849237,-0.4470148669027526,0,0,0.8945265277049722,0.457350355569496,-0.26171028530792095,0,-0.8499049234029076
5.7805304826052195,-0.4468601526459836,0,0,0.8946038251523454,0.45916711066751137,-0.2619899637445008,0,-0.8488385143114116
5.785766470361202,-0.44666104434731674,0,0,0.8947032532983014,0.4609819834961487,-0.26227412783293413,0,-0.8477664140324446
5.791002458117185,-0.4464173991410209,0,0,0.8948248464052428,0.46279502237149833,-0.2625628103958507,0,-0.8466885719467323
5.796238445873168,-0.4461290419797303,0,0,0.8949686463235726,0.46460627547831534,-0.2628560444422851,0,-0.8456049365314295
5.801474433629151,-0.4457957653726741,0,0,0.8951347024754384,0.4664157908637573,-0.26315386317237344,0,-0.8445154553531815
5.806710421385135,-0.4454173290748939,0,0,0.8953230718348476,0.46822361643084215,-0.2634562999818922,0,-0.8434200750612204
5.811946409141117,-0.4449934597267356,0,0,0.8955338189038035,0.47002979993159355,-0.2637633884666284,0,-0.8423187413805231
5.8171823968971,-0.4445238504427814,0,0,0.8957670156840581,0.471834388959851,-0.2640751624265717,0,-0.8412113991050428
5.8224183846530835,-0.44400816034927987,0,0,0.8960227416440101,0.4736374309437129,-0.264391655869917,0,-0.8400979920910435
5.827654372409066,-0.4434460140690012,0,0,0.896301083680208,0.47543897313757666,-0.2647129030168629,0,-0.8389784632505602
5.83289036016505,-0.44283700115233404,0,0,0.8966021360728557,0.477239062613749,-0.2650389383031952,0,-0.8378527545450127
5.838126347921032,-0.442180675453305,0,0,0.8969260004346283,0.47903774625357864,-0.26536979638363667,0,-0.8367208069790062
5.843362335677016,-0.4414765544490789,0,0,0.8972727856520387,0.48083507073807835,-0.2657055121349479,0,-0.8355825605943509
5.848598323432998,-0.4407241185013678,0,0,0.8976426078184973,0.4826310825379866,-0.2660461206587603,0,-0.8344379544643421
5.853834311188981,-0.4399228100580294,0,0,0.8980355901581223,0.48442582790322397,-0.26639165728411845,0,-0.8332869266883387
5.859070298944964,-0.43907203279301515,0,0,0.8984518629392503,0.4862193528516869,-0.26674215756971176,0,-0.8321294143866937
5.8643062867009474,-0.43817115068266055,0,0,0.8988915633764917,0.4880117031573276,-0.26709765730576734,0,-0.8309653536960822
5.86954227445693,-0.43721948701618124,0,0,0.8993548355200561,0.4898029243374504,-0.26745819251557745,0,-0.8297946797652913
5.874778262212914,-0.43621632333807275,0,0,0.899841830130948,0.49159306163916144,-0.2678237994566296,0,-0.8286173267515292
5.880014249968895,-0.4351608983199577,0,0,0.9003527045404858,0.4933821600248907,-0.26819451462130506,0,-0.8274332278173362
5.885250237724879,-0.434052406559257,0,0,0.9008876224924603,0.49517026415690996,-0.26857037473710804,0,-0.8262423151281622
5.890486225480862,-0.43288999730189875,0,0,0.9014467539660688,0.4969574183807458,-0.2689514167663817,0,-0.8250445198507173
5.895722213236845,-0.4316727730860923,0,0,0.9020302749775992,0.4987436667073993,-0.2693376779054658,0,-0.8238397721521767
5.900958200992829,-0.4303997883040281,0,0,0.9026383673586271,0.5005290527942491,-0.2697291955832421,0,-0.8226280012003656
5.9061941887488105,-0.4290700476781633,0,0,0.9032712185082944,0.5023136199245243,-0.2701260074590104,0,-0.8214091351650377
5.911430176504794,-0.42768250464857277,0,0,0.903929021116992,0.5040974109852078,-0.27052815141962955,0,-0.8201831012203852
5.916666164260777,-0.42623605966764533,0,0,0.9046119728585287,0.5058804684432123,-0.2709356655758511,0,-0.8189498255489445
5.92190215201676,-0.42472955839819265,0,0,0.9053202760475854,0.5076628343196781,-0.2713485882577664,0,-0.8177092333470548
5.927138139772743,-0.42316178981084623,0,0,0.9060541372589614,0.5094445501621843,-0.2717669580092746,0,-0.8164612488320772
5.9323741275287265,-0.4215314841763898,0,0,0.9068137669047873,0.5112256570146838,-0.2721908135814709,0,-0.8152057952515804
5.937610115284708,-0.41983731094847604,0,0,0.9075993787655172,0.5130061953849155,-0.2726201939248446,0,-0.813942794894748
5.942846103040692,-0.41807787653192624,0,0,0.9084111894701404,0.5147862052090428,-0.2730551381801543,0,-0.8126721691062702
5.9480820907966745,-0.41625172193163545,0,0,0.9092494179205993,0.5165657258132136,-0.27349568566784105,0,-0.8113938383030435
5.953318078552658,-0.41435732027682837,0,0,0.9101142846549578,0.5183447958717273,-0.27394187587581753,0,-0.810107721994017
5.958554066308641,-0.41239307421523136,0,0,0.9110060111433462,0.5201234533614244,-0.2743937484454477,0,-0.8088137388035903
5.963790054064624,-0.41035731317147844,0,0,0.9119248190101447,0.5219017355118892,-0.274851343155516,0,-0.8075118064990051
5.969026041820607,-0.4082482904638629,0,0,0.912870929175277,0.5236796787509853,-0.2753146999039462,0,-0.8062018420222474
5.97426202957659,-0.40606418027332747,0,0,0.9138445609068045,0.525457318645194,-0.2757838586870104,0,-0.8048837615270333
5.979498017332573,-0.4038030744583878,0,0,0.9148459307762994,0.527234689834139,-0.27625885957572255,0,-0.8035574804215441
5.984734005088556,-0.4014629792094974,0,0,0.9158752515076684,0.529011825958608,-0.27673974268907386,0,-0.802222913417664
5.989969992844539,-0.39904181153617857,0,0,0.9169327307092517,0.5307887595812765,-0.27722654816371617,0,-0.8008799745875786
5.995205980600522,-0.3965373955801094,0,0,0.91801856947806,0.532565522099228,-0.2777193161196451,0,-0.7995285774287328
6.000441968356505,-0.3939474587472208,0,0,0.9191329608639909,0.5343421436472321,-0.27821808662136344,0,-0.7981686349382745
6.005677956112487,-0.3912696276517851,0,0,0.9202760881807337,0.5361186529905834,-0.2787228996339326,0,-0.7968000596983006
6.010913943868471,-0.3885014238654175,0,0,0.9214481231488528,0.5378950774061255,-0.27923379497322537,0,-0.7954227639734164
6.0161499316244536,-0.3856402594639369,0,0,0.9226492238551917,0.5396714425498672,-0.2797508122495868,0,-0.7940366598223547
6.021385919380437,-0.38268343236508945,0,0,0.923879532511287,0.5414477723093493,-0.2802739908039857,0,-0.7926416592256872
6.02662190713642,-0.37962812145031094,0,0,0.9251391729918845,0.543224088638609,-0.2808033696355834,0,-0.7912376742319938
6.031857894892402,-0.3764713814639002,0,0,0.9264282481329369,0.5450004113732531,-0.28133898731947665,0,-0.7898246171252428
6.037093882648386,-0.37321013768338074,0,0,0.9277468367665568,0.5467767580227051,-0.28188088191315414,0,-0.7884024006166157
6.042329870404369,-0.3698411803552619,0,0,0.9290949904683733,0.548553143536204,-0.2824290908499527,0,-0.7869709380645628
6.047565858160352,-0.3663611588910361,0,0,0.9304727299905232,0.5503295800385135,-0.2829836508175004,0,-0.7855301437275546
6.052801845916335,-0.36276657581909805,0,0,0.9318800413510778,0.5521060765305693,-0.2835445976187606,0,-0.7840799330548106
6.0580378336723175,-0.3590537804892249,0,0,0.9333168715481338,0.553882638549418,-0.28411196601285776,0,-0.7826202230212581
6.0632738214283,-0.3552189625275523,0,0,0.9347831238639523,0.5556592677807081,-0.2846857895323165,0,-0.7811509325141774
6.068509809184284,-0.35125814504149727,0,0,0.9362786527215103,0.5574359616157047,-0.2852661002727048,0,-0.7796719827804367
6.073745796940266,-0.34716717757595944,0,0,0.9378032580525311,0.5592127126431762,-0.28585292864985573,0,-0.7781832979450028
6.07898178469625,-0.3429417288243535,0,0,0.9393566791325666,0.5609895080645447,-0.2864463031188682,0,-0.7766848056135985
6.084217772452233,-0.33857727910073393,0,0,0.9409385878349042,0.5627663290182332,-0.28704624984785454,0,-0.7751764375751011
6.089453760208215,-0.33406911258244637,0,0,0.942548581251055,0.5645431497961206,-0.2876527923378943,0,-0.7736581306226201
6.094689747964199,-0.32941230933653887,0,0,0.9441861736212664,0.5663199369312173,-0.28826595097875135,0,-0.7721298275164212
6.0999257357201815,-0.3246017371475791,0,0,0.9458507875139577,0.5680966481309025,-0.2888857425275304,0,-0.770591478117135
6.105161723476165,-0.31963204316978033,0,0,0.9475417441881447,0.56987323102405,-0.2895121794944342,0,-0.7690430407243748
6.110397711232148,-0.314497645432411,0,0,0.9492582530678726,0.5716496216826678,-0.290145269415942,0,-0.7674844836644016
6.115633698988131,-0.3091927242345839,0,0,0.9509994002523853,0.5734257428688887,-0.29078501399082457,0,-0.7659157871813448
6.120869686744113,-0.3037112134737675,0,0,0.9527641359803022,0.5752015019454239,-0.29143140804805917,0,-0.7643369457005557
6.126105674500097,-0.2980467919619035,0,0,0.9545512609604669,0.5769767883711544,-0.2920844383074794,0,-0.7627479705508972
6.131341662256079,-0.2921928747941049,0,0,0.9563594114764368,0.5787514706818969,-0.29274408188318435,0,-0.7611488932567088
6.136577650012063,-0.2861426048474831,0,0,0.9581870431659454,0.5805253928278981,-0.293410304465483,0,-0.7595397695417185
6.1418136377680455,-0.2798888445023918,0,0,0.9600324133710881,0.5822983697015354,-0.294083058098116,0,-0.7579206842292895
6.147049625524029,-0.2734241676949089,0,0,0.9618935619497336,0.5840701816375549,-0.2947622784419229,0,-0.7562917572799535
6.152285613280012,-0.2667408524285122,0,0,0.9637682904338111,0.5858405675985482,-0.2954478813813052,0,-0.7546531512841573
6.157521601035994,-0.25983087389452425,0,0,0.9656541394159752,0.5876092166627175,-0.2961397587820134,0,-0.7530050808338271
6.162757588791978,-0.252685898375466,0,0,0.9675483640429473,0.5893757572978796,-0.2968377731422338,0,-0.7513478243433669
6.1679935765479605,-0.2452972781332623,0,0,0.9694479074918946,0.5911397437181903,-0.2975417507852172,0,-0.7496817390976386
6.173229564303944,-0.23765604751540254,0,0,0.9713493723060497,0.592900638352328,-0.2982514731078204,0,-0.7480072805998729
6.178465552059926,-0.22975292054736246,0,0,0.9732489894677299,0.5946577890637417,-0.29896666520526366,0,-0.7463250277204071
6.183701539815909,-0.22157829031857046,0,0,0.9751425850917901,0.5964103991918293,-0.29968698090653834,0,-0.7446357157771625
6.188937527571892,-0.21312223051282528,0,0,0.9770255446308648,0.5981574876255321,-0.30041198282620774,0,-0.7429402806228356
6.194173515327876,-0.2043744994819994,0,0,0.9788927744965136,0.5998978348101703,-0.3011411153830144,0,-0.741239918255853
6.199409503083858,-0.19532454731468088,0,0,0.9807386610184768,0.6016299085412483,-0.301873667712159,0,-0.7395361667225331
6.204645490839842,-0.18596152640884783,0,0,0.9825570266888796,0.6033517601253008,-0.30260872176128517,0,-0.7378310206732314
6.2098814785958245,-0.1762743061198083,0,0,0.9843410836706857,0.6050608761126126,-0.3033450781725873,0,-0.7361270948323424
6.215117466351807,-0.16625149212109366,0,0,0.9860833845915414,0.6067539617158094,-0.30408114800804037,0,-0.734427862603457
6.220353454107791,-0.1558814511863095,0,0,0.9877757706969988,0.6084266161305748,-0.30481479042587717,0,-0.732738013427396
6.225589441863773,-0.145152342173083,0,0,0.9894093175029575,0.610072831093348,-0.30554306197574116,0,-0.7310640040654688
6.230825429619757,-0.13405215406515722,0,0,0.990974278167951,0.6116841891879586,-0.30626181576849115,0,-0.7294149387691866
6.23606141737574,-0.1225687520034334,0,0,0.9924600249039357,0.6132485288892138,-0.3069650340146663,0,-0.7278040324892341
6.241297405131722,-0.1106899323087896,0,0,0.9938549888617932,0.6147476109021264,-0.30764366121095443,0,-0.7262511635838164
6.246533392887705,-0.09840348756619444,0,0,0.9951465990670972,0.6161527899485599,-0.30828344005055525,0,-0.7247875964923802
6.2517693806436885,-0.08569728289608418,0,0,0.996321221145183,0.6174163728208438,-0.30886059046722203,0,-0.7234653815000353
6.257005368399671,-0.07255934458108963,0,0,0.9973640967640467,0.6184526478986229,-0.3093323244111399,0,-0.7223779034422241
6.262241356155655,-0.05897796223676372,0,0,0.9982592849407407,0.6190906032505665,-0.3096132049175277,0,-0.7217108065614279
6.267477343911637,-0.044941805707501226,0,0,0.9989896066024657,0.6189327267259851,-0.3095045461707684,0,-0.7218928006893847
6.27271333166762,-0.030440057823408525,0,0,0.9995365940673245,0.6167946139102481,-0.3084142175023548,0,-0.724185801223497
6.277949319423603,-0.015462564061190804,0,0,0.9998804474099159,0.6068542916500075,-0.3034313051862582,0,-0.7346137160024523
