x,y
-1.455868971792506628e-03,-9.939254057570625633e-01
-1.852761426194848588e-03,-9.919544711905867729e-01
-2.518618574008075692e-03,-9.900520010959508177e-01
-3.445848068864173098e-03,-9.882732901469222231e-01
-4.440612169817426645e-03,-9.865277860255067255e-01
-5.301481923242016073e-03,-9.847052434416649902e-01
-6.270685745403123575e-03,-9.829443906917115781e-01
-7.367535266641072646e-03,-9.812565414225310478e-01
-8.354627053725355648e-03,-9.795028423851797061e-01
-9.408853659431401853e-03,-9.777850323886055905e-01
-1.058150797769009943e-02,-9.761506090793148349e-01
-1.166694477553697172e-02,-9.744548836875820408e-01
-1.288290701073677158e-02,-9.728473408281702595e-01
-1.403814235820225603e-02,-9.711981770504256595e-01
-1.524532069621621112e-02,-9.695840275336498060e-01
-1.649495961308729275e-02,-9.680045421512941672e-01
-1.770919107300123266e-02,-9.663956915789806423e-01
-1.902386609153249725e-02,-9.648693158762962074e-01
-2.025460597899681262e-02,-9.632730585249639210e-01
-2.160064289254740033e-02,-9.617729064690204721e-01
-2.287781660647801238e-02,-9.602145946938138721e-01
-2.423778414030012748e-02,-9.587268963005809441e-01
-2.555935161718557447e-02,-9.572061215174678672e-01
-2.693440220063733626e-02,-9.557323528466015183e-01
-2.829083439934168553e-02,-9.542422273788067066e-01
-2.968306950481710768e-02,-9.527846816288009224e-01
-3.106736980893018418e-02,-9.513200749752006580e-01
-3.247789888392824120e-02,-9.498802257015392936e-01
-3.388478670206020865e-02,-9.484371188894530347e-01
-3.531406667724754089e-02,-9.470158810645952219e-01
-3.673947045544227741e-02,-9.455910080871871015e-01
-3.818752361134584300e-02,-9.441889024349783277e-01
-3.962825125368792112e-02,-9.427795387845626651e-01
-4.109480931973404083e-02,-9.413968003272999985e-01
-4.255088194953022401e-02,-9.400032920132078695e-01
-4.403292698937511657e-02,-9.386372839006599245e-01
-4.550677263373320569e-02,-9.372625696760873426e-01
-4.699925458705352804e-02,-9.359082274957567504e-01
-4.848967620241367849e-02,-9.345514932986194179e-01
-4.999147937632626715e-02,-9.332076497182082431e-01
-5.149741494185465507e-02,-9.318681477501894461e-01
-5.300754792215663092e-02,-9.305336992737657242e-01
-5.452804036806394028e-02,-9.292107302230708799e-01
-5.604562682433199966e-02,-9.278846444835960883e-01
-5.757980286126915259e-02,-9.265775454708408132e-01
-5.910407116775039799e-02,-9.252588648356122603e-01
-6.065112614151819265e-02,-9.239670011920869674e-01
-6.218748670170828191e-02,-9.226622581402295076e-01
-6.374041340714281523e-02,-9.213773955838054919e-01
-6.529224374860817526e-02,-9.200910904902971366e-01
-6.684595207020115060e-02,-9.188073447609773625e-01
-6.841248302958910510e-02,-9.175389840253989071e-01
-6.996675395535524589e-02,-9.162559437575530374e-01
-7.154415981300826788e-02,-9.150011964279702870e-01
-7.310190358645135555e-02,-9.137220778492135542e-01
-7.468940344009417087e-02,-9.124801646061868610e-01
-7.626108150813459829e-02,-9.112181874856657426e-01
-7.784743901513876962e-02,-9.099748912070103612e-01
-7.943255123167190790e-02,-9.087298299782848865e-01
-8.101704260889612541e-02,-9.074841460949811811e-01
-8.261477828893235009e-02,-9.062553259702202935e-01
-8.419751780649023520e-02,-9.050073214477232231e-01
-8.580719017001341153e-02,-9.037941820355729350e-01
-8.739940446282715159e-02,-9.025582357826689162e-01
-8.900700960251992089e-02,-9.013425742953576902e-01
-9.061033111724070555e-02,-9.001210513431739946e-01
-9.221490926799570664e-02,-8.989012369797638735e-01
-9.382946650754196705e-02,-8.976946040105031610e-01
-9.543560448261288742e-02,-8.964768654081286536e-01
-9.705626549695466065e-02,-8.952785656532847858e-01
-9.867035866308390690e-02,-8.940713744632630133e-01
-1.002904047683089023e-01,-8.928723163537932717e-01
-1.019119809965992607e-01,-8.916751583286892657e-01
-1.035304449242750169e-01,-8.904737954571149139e-01
-1.051598942781494517e-01,-8.892873669445976459e-01
-1.067853382399873152e-01,-8.880954947159018786e-01
-1.084136450580448358e-01,-8.869076568185060294e-01
-1.100457915634535239e-01,-8.857249848837391859e-01
-1.116730046505593210e-01,-8.845355193612076672e-01
-1.133114434955435623e-01,-8.833615640465068974e-01
-1.149463522111821567e-01,-8.821826528141373247e-01
-1.165818592530638992e-01,-8.810047095411543960e-01
-1.182232696836436198e-01,-8.798348992404969593e-01
-1.198567541275391279e-01,-8.786540781675969969e-01
-1.215038090075386684e-01,-8.774922456507977531e-01
-1.231434305913589322e-01,-8.763198978934539918e-01
-1.247882796140820233e-01,-8.751549163058250924e-01
-1.264361844087952824e-01,-8.739942406449106027e-01
-1.280763150318786903e-01,-8.728226739781327348e-01
-1.297308976086234689e-01,-8.716715533455537956e-01
-1.313749324612460967e-01,-8.705054025810126106e-01
-1.330270660075575095e-01,-8.693508332250241555e-01
-1.346788280285741712e-01,-8.681956533999730663e-01
-1.363261325890741671e-01,-8.670341832915431368e-01
-1.379851711289546978e-01,-8.658894783839494735e-01
-1.396353962581955432e-01,-8.647321288565157360e-01
-1.412932492366666404e-01,-8.635858080191484154e-01
-1.429485090098624733e-01,-8.624356457325480507e-01
-1.446014707118277731e-01,-8.612822143353782156e-01
-1.462635335563337857e-01,-8.601419050338330319e-01
-1.479201243288606193e-01,-8.589936961225452805e-01
-1.495802027310277060e-01,-8.578505936381758401e-01
-1.512408098254441335e-01,-8.567081893634722611e-01
-1.528989740832991939e-01,-8.555622208902621262e-01
-1.545629091258807486e-01,-8.544246619263918818e-01
-1.562250114520765953e-01,-8.532844356857587353e-01
-1.578862230764514485e-01,-8.521429665574762335e-01
-1.595518602766028693e-01,-8.510079160410365384e-01
-1.612129229527030361e-01,-8.498661503083465574e-01
-1.628796151236125700e-01,-8.487326340987124684e-01
-1.645464353173727856e-01,-8.475992924006461315e-01
-1.662082560002866305e-01,-8.464586894354156899e-01
-1.678782048847906883e-01,-8.453299833524406948e-01
-1.695415697959184731e-01,-8.441915742103889286e-01
-1.712104007601910061e-01,-8.430612248324916846e-01
-1.728792620605596186e-01,-8.419308885274877641e-01
-1.745431828274492392e-01,-8.407933312507718249e-01
-1.762167786403257830e-01,-8.396700203221714176e-01
-1.778820271477095094e-01,-8.385343682579657898e-01
-1.795523543168762726e-01,-8.374062414714816827e-01
-1.812226749702969264e-01,-8.362780627990035187e-01
-1.828884654897069695e-01,-8.351432298057430703e-01
-1.845632274684883001e-01,-8.340216589894718924e-01
-1.862315868991283041e-01,-8.328905974492033515e-01
-1.879028798640952069e-01,-8.317639086983568131e-01
-1.895742689741349296e-01,-8.306373135425361154e-01
-1.912431597827749519e-01,-8.295070398094651631e-01
-1.929166532557785863e-01,-8.283836047825455795e-01
-1.945878235121467070e-01,-8.272567069676145524e-01
-1.962583618162656585e-01,-8.261288864141345112e-01
-1.979317169141416310e-01,-8.250052250545615307e-01
-1.996031149740799815e-01,-8.238786497527168518e-01
-2.012751148003173729e-01,-8.227530048130060614e-01
-2.029485521100623524e-01,-8.216294732893675290e-01
-2.046176620008370028e-01,-8.204995139173931751e-01
-2.062929172952107926e-01,-8.193786942157186282e-01
-2.079653081080607979e-01,-8.182535865891454874e-01
-2.096365887848317400e-01,-8.171268675861237396e-01
-2.113117937183118245e-01,-8.160059628912732510e-01
-2.129805502821514318e-01,-8.148754719656483569e-01
-2.146559630620906434e-01,-8.137548934954380586e-01
-2.163283097753865292e-01,-8.126297203208525666e-01
-2.179992337719616480e-01,-8.115024614604164910e-01
-2.196750602947452613e-01,-8.103824776802602825e-01
-2.213444394866264653e-01,-8.092529126638905446e-01
-2.230191154161218214e-01,-8.081312392255725063e-01
-2.246910709753749125e-01,-8.070054848961734084e-01
-2.263613651481613254e-01,-8.058772838211626377e-01
-2.280365554222722468e-01,-8.047563486099205132e-01
-2.297070451931804980e-01,-8.036284350838442947e-01
-2.313803759285975314e-01,-8.025047584995950167e-01
-2.330520114574159141e-01,-8.013785326274932563e-01
-2.347219933706847506e-01,-8.002498615484526789e-01
-2.363956759320298973e-01,-7.991266833807040282e-01
-2.380668662160133064e-01,-7.979998090733078087e-01
-2.397376464182393030e-01,-7.968723379982047827e-01
-2.414096782983184142e-01,-7.957467092064293146e-01
-2.430798595782022176e-01,-7.946183242124651436e-01
-2.447510043875120722e-01,-7.934913843466666616e-01
-2.464225158021529916e-01,-7.923649811833967105e-01
-2.480906566355631226e-01,-7.912335981065020674e-01
-2.497627298768541060e-01,-7.901080327450917817e-01
-2.514315519538075638e-01,-7.889776385316641383e-01
-2.531012258353734223e-01,-7.878485140024502620e-01
-2.547726900067012745e-01,-7.867220302137319932e-01
-2.564381275021134776e-01,-7.855866584301032240e-01
-2.581099222393922754e-01,-7.844606755602950843e-01
-2.597770856514399207e-01,-7.833278364897259261e-01
-2.614451144805442495e-01,-7.821962771295523087e-01
-2.631147767945103966e-01,-7.810671243676996500e-01
-2.647797645399052047e-01,-7.799310995327355389e-01
-2.664500981168588800e-01,-7.788029492728498759e-01
-2.681153569797861680e-01,-7.776673123935086140e-01
-2.697815836462203465e-01,-7.765331003823353617e-01
-2.714491439420176899e-01,-7.754008456132315263e-01
-2.731136158532912472e-01,-7.742640677512404590e-01
-2.747807971162180007e-01,-7.731312693776165590e-01
-2.764452811284872635e-01,-7.719945056105359527e-01
-2.781096272376379352e-01,-7.708575411582556658e-01
-2.797747726936624657e-01,-7.697217380007681520e-01
-2.814383660597458703e-01,-7.685836714756656418e-01
-2.831022533960825815e-01,-7.674460420993874932e-01
-2.847657781933420895e-01,-7.663078779730825296e-01
-2.864270220962721880e-01,-7.651663799247641062e-01
-2.880906694103919641e-01,-7.640283900292268449e-01
-2.897530265925607473e-01,-7.628885106702537611e-01
-2.914135746311752317e-01,-7.617460118561749649e-01
-2.930758793866905521e-01,-7.606060636607901992e-01
-2.947340917452343501e-01,-7.594601622792347406e-01
-2.963959078813916403e-01,-7.583195029623979178e-01
-2.980554523661453903e-01,-7.571755316754323895e-01
-2.997138220967546784e-01,-7.560298689141230488e-01
-3.013746628139973849e-01,-7.548877805752011172e-01
-3.030300839005153901e-01,-7.537378504779388422e-01
-3.046896127809746169e-01,-7.525938664231441866e-01
-3.063459879987532886e-01,-7.514453110956973436e-01
-3.080020992283604708e-01,-7.502963804032082296e-01
-3.096598375517615742e-01,-7.491497933574915447e-01
-3.113136777174195235e-01,-7.479975980440610739e-01
-3.129708226019316530e-01,-7.468501607566550016e-01
-3.146239915672734422e-01,-7.456969961875757891e-01
-3.162776499813073072e-01,-7.445445352731729916e-01
-3.179320010836986787e-01,-7.433930663711638687e-01
-3.195840379927116226e-01,-7.422382881929259213e-01
-3.212374558293781823e-01,-7.410854872831923457e-01
-3.228887276448127452e-01,-7.399296142069946569e-01
-3.245396551005266250e-01,-7.387732487544484972e-01
-3.261905515149773338e-01,-7.376168340162457815e-01
-3.278403566442640305e-01,-7.364588650078675025e-01
-3.294900068509673541e-01,-7.353006788232914204e-01
-3.311391855500692705e-01,-7.341418216934275653e-01
-3.327863969907684516e-01,-7.329801676995513215e-01
-3.344347101555152357e-01,-7.318200788153764735e-01
-3.360812849744285180e-01,-7.306575171748607156e-01
-3.377276954637050688e-01,-7.294947271792691090e-01
-3.393745964651312397e-01,-7.283326302723694967e-01
-3.410180453482130614e-01,-7.271656584888918085e-01
-3.426638349051891463e-01,-7.260019919552412881e-01
-3.443063879301564989e-01,-7.248337549234499244e-01
-3.459499818175340580e-01,-7.236669856622807151e-01
-3.475932194785769647e-01,-7.224997118333920110e-01
-3.492338464062971215e-01,-7.213287777561568914e-01
-3.508770782490515106e-01,-7.201614959480102662e-01
-3.525156856834991137e-01,-7.189877311171982699e-01
-3.541564472592260149e-01,-7.178169854140529216e-01
-3.557951492278287886e-01,-7.166433525667043059e-01
-3.574330619355771677e-01,-7.154686220189130363e-01
-3.590721217993585457e-01,-7.142954890489479070e-01
-3.607081153067293600e-01,-7.131180892257289461e-01
-3.623457862628424175e-01,-7.119430221102908130e-01
-3.639804439125814972e-01,-7.107637650460298939e-01
-3.656153498319337225e-01,-7.095848526599849437e-01
-3.672498584791480392e-01,-7.084053868128915576e-01
-3.688829714594867859e-01,-7.072239939831757027e-01
-3.705164979418804627e-01,-7.060431710200073541e-01
-3.721483366703243201e-01,-7.048600196965463249e-01
-3.737795682273743481e-01,-7.036760296427825301e-01
-3.754100147001301346e-01,-7.024909585523384514e-01
-3.770394927525831386e-01,-7.013045524334853287e-01
-3.786688845351603439e-01,-7.001180290496954450e-01
-3.802977669448257547e-01,-6.989308086104655260e-01
-3.819248301370556375e-01,-6.977410965069185123e-01
-3.835521452713664403e-01,-6.965517304068571391e-01
-3.851769912666179740e-01,-6.953589883214935652e-01
-3.868029259156454680e-01,-6.941677346470416232e-01
-3.884274247542990333e-01,-6.929745197772502197e-01
-3.900508797236837966e-01,-6.917798875509870715e-01
-3.916750286934199687e-01,-6.905861970297977326e-01
-3.932956705010760556e-01,-6.893877499813719778e-01
-3.949181231978825535e-01,-6.881917577240055373e-01
-3.965375347686735941e-01,-6.869916475762830599e-01
-3.981575698436905508e-01,-6.857923815868808282e-01
-3.997766321199299755e-01,-6.845918002493877053e-01
-4.013942605533536989e-01,-6.833892905548052399e-01
-4.030127330868460978e-01,-6.821879143187290495e-01
-4.046280087583201124e-01,-6.809822455623704140e-01
-4.062448717738096349e-01,-6.797787056097021052e-01
-4.078585107395893972e-01,-6.785708449015097621e-01
-4.094725847890581250e-01,-6.773635671412044923e-01
-4.110857756359010406e-01,-6.761551080008358916e-01
-4.126976096833762098e-01,-6.749448427793659500e-01
-4.143099718302450940e-01,-6.737352781843060079e-01
-4.159200897349320525e-01,-6.725227312790958978e-01
-4.175303261511040809e-01,-6.713103397732355093e-01
-4.191385648815302289e-01,-6.700953002711154127e-01
-4.207466433161468622e-01,-6.688800474403145957e-01
-4.223535494013217484e-01,-6.676632438260422520e-01
-4.239598736578766847e-01,-6.664456738714525930e-01
-4.255654830523197263e-01,-6.652271604672672645e-01
-4.271701712803144813e-01,-6.640074365502713905e-01
-4.287736339071631653e-01,-6.627860999854933155e-01
-4.303763434446018499e-01,-6.615637773077753803e-01
-4.319776915982114773e-01,-6.603396687821058153e-01
-4.335786781734116691e-01,-6.591150889619806774e-01
-4.351789071927906760e-01,-6.578895175492038838e-01
-4.367778863418935731e-01,-6.566623166662560740e-01
-4.383768913149680424e-01,-6.554351496843863201e-01
-4.399735492768025447e-01,-6.542049302335074534e-01
-4.415704838142743838e-01,-6.529750713264094175e-01
-4.431651374006264077e-01,-6.517422541697260874e-01
-4.447599149541021646e-01,-6.505095997791729978e-01
-4.463530955415414003e-01,-6.492748796416175638e-01
-4.479457888492636153e-01,-6.480395312365905269e-01
-4.495382623780791453e-01,-6.468038993082640964e-01
-4.511286780868228874e-01,-6.455656213094043139e-01
-4.527195032487870696e-01,-6.443278678984455388e-01
-4.543074966230176148e-01,-6.430864838016573382e-01
-4.558960985677264488e-01,-6.418458793373050808e-01
-4.574823342750007349e-01,-6.406022497770071933e-01
-4.590684786678876361e-01,-6.393585045626831720e-01
-4.606534666722192917e-01,-6.381132852131697897e-01
-4.622376021239431587e-01,-6.368669824626301823e-01
-4.638212772104163828e-01,-6.356200937656079075e-01
-4.654032744582397574e-01,-6.343710787840102228e-01
-4.669850140789134074e-01,-6.331217358557854613e-01
-4.685647995662337029e-01,-6.318699240162358732e-01
-4.701444218712501066e-01,-6.306179051692867299e-01
-4.717219656052797916e-01,-6.293632685986486619e-01
-4.732993206251820406e-01,-6.281083945661265489e-01
-4.748754615094017417e-01,-6.268519956981831731e-01
-4.764510667813320333e-01,-6.255949261178271881e-01
-4.780254816601583467e-01,-6.243363650622435479e-01
-4.795989998516142494e-01,-6.230766844804065396e-01
-4.811713097250465698e-01,-6.218154946636044178e-01
-4.827425194845507694e-01,-6.205529359117991639e-01
-4.843127429619266122e-01,-6.192891493865829711e-01
-4.858816172176663173e-01,-6.180236894280549675e-01
-4.874497743667233207e-01,-6.167573398088187497e-01
-4.890167417797858795e-01,-6.154895187106855792e-01
-4.905834262052976569e-01,-6.142213475419797675e-01
-4.921483750881622266e-01,-6.129510353866596262e-01
-4.937130623395691309e-01,-6.116804013231086357e-01
-4.952758768989048432e-01,-6.104074642254082583e-01
-4.968381678936396595e-01,-6.091338853593724068e-01
-4.983989156026201184e-01,-6.078584149418398974e-01
-4.999587858236477222e-01,-6.065818724170800591e-01
-5.015174404189026713e-01,-6.053038450093268796e-01
-5.030749917909280722e-01,-6.040244741295525133e-01
-5.046316572228789488e-01,-6.027440246243991329e-01
-5.061873596152751675e-01,-6.014624057374298172e-01
-5.077424800655970794e-01,-6.001800802766871223e-01
-5.092961012417573929e-01,-5.988959394395150238e-01
-5.108489711536906563e-01,-5.976108895420829681e-01
-5.124003083763071231e-01,-5.963239900385975956e-01
-5.139508542676021197e-01,-5.950361369715758686e-01
-5.154998061233255768e-01,-5.937463670886398148e-01
-5.170479950978285055e-01,-5.924556819976519728e-01
-5.185946787757914622e-01,-5.911631930024954240e-01
-5.201406154766428092e-01,-5.898698113327388581e-01
-5.216852121052441005e-01,-5.885748289169540071e-01
-5.232292392763208122e-01,-5.872791681586372325e-01
-5.247720315332244923e-01,-5.859820366100592093e-01
-5.263141561036133176e-01,-5.846841118029151296e-01
-5.278545505176314157e-01,-5.833841336294290914e-01
-5.293941970693698540e-01,-5.820832701551107435e-01
-5.309324097118147678e-01,-5.807807113248327768e-01
-5.324695353110402429e-01,-5.794768699280171687e-01
-5.340055982409077640e-01,-5.781717768661911450e-01
-5.355401845253255910e-01,-5.768649476211864524e-01
-5.370741050781787651e-01,-5.755573372326742154e-01
-5.386061342232281168e-01,-5.742475110280044204e-01
-5.401379158507322309e-01,-5.729373954808475444e-01
-5.416678762991072871e-01,-5.716251534190744943e-01
-5.431977676009200895e-01,-5.703128307798165375e-01
-5.447256123798852601e-01,-5.689981263046509641e-01
-5.462531015819617197e-01,-5.676830085514115165e-01
-5.477787832211966634e-01,-5.663657947782496649e-01
-5.493036696366214722e-01,-5.650476599685563261e-01
-5.508271932562253115e-01,-5.637279509262359545e-01
-5.523494602411344045e-01,-5.624067918865176541e-01
-5.538708303425431412e-01,-5.610846007164658200e-01
-5.553904616826891294e-01,-5.597604109205732703e-01
-5.569096821654205831e-01,-5.584357499051620932e-01
-5.584266620576224804e-01,-5.571085234429945521e-01
-5.599434281264409341e-01,-5.557810525789983469e-01
-5.614580953888325121e-01,-5.544511880722727826e-01
-5.629723372057514608e-01,-5.531208385234051006e-01
-5.644851804971723341e-01,-5.517888996713520289e-01
-5.659973284798559545e-01,-5.504561706363475526e-01
-5.675081163335657930e-01,-5.491219013487808054e-01
-5.690175940543097388e-01,-5.477861486722512829e-01
-5.705261790613282979e-01,-5.464493890861906733e-01
-5.720329587630026413e-01,-5.451105936825162424e-01
-5.735393549364347088e-01,-5.437713674586842627e-01
-5.750434096683341156e-01,-5.424295114434093401e-01
-5.765475243374619252e-01,-5.410877226134302997e-01
-5.780489406096105398e-01,-5.397429152899552163e-01
-5.795503964247653572e-01,-5.383981518767795293e-01
-5.810495430321434007e-01,-5.370508157638439473e-01
-5.825483150830850221e-01,-5.357030618762240737e-01
-5.840452017318167321e-01,-5.343532159544298610e-01
-5.855412669607062970e-01,-5.330024580067628248e-01
-5.870359022486842937e-01,-5.316501198029428554e-01
-5.885292384513926001e-01,-5.302963453800944027e-01
-5.900217132036977841e-01,-5.289416225629758328e-01
-5.915126138194881644e-01,-5.275851663137314240e-01
-5.930031333726760723e-01,-5.262282923301366822e-01
-5.944914093509514608e-01,-5.248689568988444965e-01
-5.959797986124153457e-01,-5.235097459009661058e-01
-5.974652658735436495e-01,-5.221473416957488345e-01
-5.989510650161803396e-01,-5.207852995736378388e-01
-6.004340549086566448e-01,-5.194202000744796432e-01
-6.019171020086393487e-01,-5.180551619694614418e-01
-6.033977606276935690e-01,-5.166875352812138056e-01
-6.048780424973112524e-01,-5.153194990246354745e-01
-6.063563668912431703e-01,-5.139493502739082009e-01
-6.078338703764383233e-01,-5.125783138269963679e-01
-6.093098572373318866e-01,-5.112056477174996560e-01
-6.107845691891102824e-01,-5.098316091397924188e-01
-6.122582148689866832e-01,-5.084564299788383313e-01
-6.137301221139894736e-01,-5.070793873964010157e-01
-6.152014226410977837e-01,-5.057016991213194590e-01
-6.166705119512987388e-01,-5.043216506947102440e-01
-6.181394630465721907e-01,-5.029414568991837919e-01
-6.196057211080592264e-01,-5.015584007911287889e-01
-6.210723182017647837e-01,-5.001757047514503451e-01
-6.225357315825642557e-01,-4.987896390941887192e-01
-6.239998252930618605e-01,-4.974042915532590481e-01
-6.254605249480743590e-01,-4.960153666577007958e-01
-6.269217883543634073e-01,-4.946270340391548115e-01
-6.283800823357171828e-01,-4.932355841734232249e-01
-6.298385068892443650e-01,-4.918442696784411927e-01
-6.312943844165730400e-01,-4.904502919631977820e-01
-6.327499626494536011e-01,-4.890559999528060198e-01
-6.342034241673003558e-01,-4.876595032625304915e-01
-6.356561703396405028e-01,-4.862622607062686009e-01
-6.371073037753139934e-01,-4.848633446419011173e-01
-6.385573649307461075e-01,-4.834633157679900650e-01
-6.400060969110065168e-01,-4.820619138088924616e-01
-6.414532742880810767e-01,-4.806589042431511638e-01
-6.428995123120683219e-01,-4.792549292083703727e-01
-6.443438027573317184e-01,-4.778489479453377209e-01
-6.457875273462964083e-01,-4.764423887759723364e-01
-6.472289289131978318e-01,-4.750334460073644127e-01
-6.486701188066857915e-01,-4.736242900101008124e-01
-6.501086307823473742e-01,-4.722123971323809455e-01
-6.515472628878871131e-01,-4.708006299571517728e-01
-6.529828858210963149e-01,-4.693857995800670979e-01
-6.544189351616682693e-01,-4.679714051956741505e-01
-6.558516708921374727e-01,-4.665536511518021956e-01
-6.572851105513444203e-01,-4.651366118193784316e-01
-6.587149622402892479e-01,-4.637159491747298024e-01
-6.601457633051410756e-01,-4.622962454189070147e-01
-6.615727354672309435e-01,-4.608726904846320860e-01
-6.630008669684513967e-01,-4.594503010622690287e-01
-6.644249655051890358e-01,-4.580238714075227646e-01
-6.658503858543241005e-01,-4.565987647824505946e-01
-6.672716265895392018e-01,-4.551694877398625438e-01
-6.686940554112360546e-01,-4.537413952122913985e-01
-6.701126922302842459e-01,-4.523095347272890754e-01
-6.715321089213527328e-01,-4.508784482626289059e-01
-6.729481351823682900e-01,-4.494440070417505817e-01
-6.743645182660097381e-01,-4.480099178912329005e-01
-6.757779274147844850e-01,-4.465728987569211883e-01
-6.771912544821642177e-01,-4.451357974071507018e-01
-6.786020400784300577e-01,-4.436962033217675128e-01
-6.800122877281863376e-01,-4.422560794423623376e-01
-6.814204434726643944e-01,-4.408139135321256230e-01
-6.828275872482693076e-01,-4.393707559212972624e-01
-6.842331070105205360e-01,-4.379260215001365975e-01
-6.856373796354388039e-01,-4.364800697038502819e-01
-6.870399991825187902e-01,-4.350325186213790940e-01
-6.884414998494519100e-01,-4.335838799214736805e-01
-6.898411174953004155e-01,-4.321334244311801909e-01
-6.912399035545032655e-01,-4.306821643707990366e-01
-6.926366105293428888e-01,-4.292289041964293395e-01
-6.940328758559713984e-01,-4.277752187628044434e-01
-6.954265045025717074e-01,-4.263190080652100589e-01
-6.968200875833839847e-01,-4.248627510826854525e-01
-6.982105416987050006e-01,-4.234035105790723841e-01
-6.996014682330283785e-01,-4.219447160156079568e-01
-7.009886856923213116e-01,-4.204823998456834744e-01
-7.023769833429708287e-01,-4.190211032175208961e-01
-7.037608988490631212e-01,-4.175556630559938420e-01
-7.051465973035768720e-01,-4.160919014649428482e-01
-7.065271422756683739e-01,-4.146232864336337198e-01
-7.079102733104115641e-01,-4.131570986069866835e-01
-7.092873757679565294e-01,-4.116852551803654725e-01
-7.106679733152472256e-01,-4.102166815136082390e-01
-7.120415577566907572e-01,-4.087415534172816334e-01
-7.134196579751110878e-01,-4.072706360197817510e-01
-7.147898441624023214e-01,-4.057923490384988119e-01
-7.161652865993058947e-01,-4.043189468652754193e-01
-7.175326283469487532e-01,-4.028380275593567705e-01
-7.189048170943355132e-01,-4.013615976296785459e-01
-7.202693110058152604e-01,-3.998780526752788722e-01
-7.216382059066699384e-01,-3.983985706622991674e-01
-7.229998492064924065e-01,-3.969124072240350354e-01
-7.243652746292940092e-01,-3.954297244993447147e-01
-7.257241985409431662e-01,-3.939410727588001926e-01
-7.270858285268957388e-01,-3.924549043433074313e-01
-7.284423130653620015e-01,-3.909640294662033444e-01
-7.298000499760993742e-01,-3.894743013634742734e-01
-7.311541452376546513e-01,-3.879812560778543862e-01
-7.325079860297171175e-01,-3.864879802758123817e-01
-7.338603966010319724e-01,-3.849934088158701861e-01
-7.352107191051298063e-01,-3.834969608381630368e-01
-7.365608535431654724e-01,-3.820003329835715555e-01
-7.379083076537511499e-01,-3.805013039286836429e-01
-7.392549293091750240e-01,-3.790015200003390428e-01
-7.405995156657790846e-01,-3.774999201539832594e-01
-7.419425683239534441e-01,-3.759969432367378794e-01
-7.432842890819993942e-01,-3.744927840688559995e-01
-7.446237135154100129e-01,-3.729865746740665955e-01
-7.459625718638219771e-01,-3.714798683721238781e-01
-7.472983056909850985e-01,-3.699703842847805180e-01
-7.486343059111608689e-01,-3.684611437745768381e-01
-7.499662834504460251e-01,-3.669483398901041693e-01
-7.512994309773199930e-01,-3.654365788559584827e-01
-7.526279809870074500e-01,-3.639207579318259334e-01
-7.539578845808766472e-01,-3.624061399100491632e-01
-7.552844038775898827e-01,-3.608885415581374323e-01
-7.566102551052736880e-01,-3.593703605742685214e-01
-7.579356921008300052e-01,-3.578518168728597182e-01
-7.592569783437065345e-01,-3.563296724912705105e-01
-7.605806126218551677e-01,-3.548095571995940611e-01
-7.618969376807631644e-01,-3.532831239315792904e-01
-7.632187024173798795e-01,-3.517613834712761678e-01
-7.645300023125194411e-01,-3.502306233996159701e-01
-7.658489372154259067e-01,-3.487064368073289899e-01
-7.671568032361090195e-01,-3.471727338783951455e-01
-7.684722141135157392e-01,-3.456455132159549359e-01
-7.697783143081334822e-01,-3.441103062318978667e-01
-7.710884554158460302e-01,-3.425785658504131304e-01
-7.723928864668377914e-01,-3.410419403802715799e-01
-7.736979339610573492e-01,-3.395058440251491616e-01
-7.750016717454936144e-01,-3.379686303146615112e-01
-7.763017635618423284e-01,-3.364283484480308228e-01
-7.776043240770018627e-01,-3.348901370494822283e-01
-7.788987532442798178e-01,-3.333450997381572911e-01
-7.801999794509983932e-01,-3.318057594375000696e-01
-7.814913615028680205e-01,-3.302581709901724061e-01
-7.827884196340235690e-01,-3.287153321184682619e-01
-7.840768562005845377e-01,-3.271652842257355975e-01
-7.853695539507377088e-01,-3.256187966622257068e-01
-7.866550676124376418e-01,-3.240663139433654916e-01
-7.879420794901973446e-01,-3.225150816007171239e-01
-7.892267908165806478e-01,-3.209619315725034117e-01
-7.905085263446234300e-01,-3.194063420725119506e-01
-7.917924514795989799e-01,-3.178525441259183459e-01
-7.930716940573224738e-01,-3.162949120411460147e-01
-7.943509987919505910e-01,-3.147373263197880688e-01
-7.956273629918336754e-01,-3.131773381634972986e-01
-7.969019115209639015e-01,-3.116158628168729794e-01
-7.981754292390238481e-01,-3.100535494460704422e-01
-7.994450786516272833e-01,-3.084880754451651552e-01
-8.007159162786261497e-01,-3.069235754030266716e-01
-8.019830178230398232e-01,-3.053560257615726692e-01
-8.032500134375694101e-01,-3.037883959257218769e-01
-8.045173055300035569e-01,-3.022210044866805445e-01
-8.057777023902710223e-01,-3.006480882907767715e-01
-8.070422195609222582e-01,-2.990784722771845927e-01
-8.082973618113865610e-01,-2.975013524383501307e-01
-8.095591476711156975e-01,-2.959295502291260926e-01
-8.108102381325568153e-01,-2.943491924026928608e-01
-8.120680491737001239e-01,-2.927742108139482768e-01
-8.133189835983477556e-01,-2.911937294734985859e-01
-8.145699598484170689e-01,-2.896132876870436967e-01
-8.158222711685158002e-01,-2.880338971210877341e-01
-8.170655813051871386e-01,-2.864474462635070440e-01
-8.183179400837017337e-01,-2.848680933288672557e-01
-8.195540846052516981e-01,-2.832760232706306169e-01
-8.208031691848670652e-01,-2.816941040510809735e-01
-8.220386511160563403e-01,-2.801015141478155890e-01
-8.232793691046119688e-01,-2.785130302355346421e-01
-8.245159510697260830e-01,-2.769212943133941285e-01
-8.257487665968870072e-01,-2.753266665122935941e-01
-8.269868056193753203e-01,-2.737360636136812464e-01
-8.282134721730753935e-01,-2.721367107336030711e-01
-8.294495182189983717e-01,-2.705445798733315810e-01
-8.306735263902054189e-01,-2.689431797479186481e-01
-8.319033815004986954e-01,-2.673462858326351443e-01
-8.331250453453389326e-01,-2.657430729288636773e-01
-8.343457228935750036e-01,-2.641391171282106987e-01
-8.355699703795140820e-01,-2.625378750180194509e-01
-8.367874405825052042e-01,-2.609315141133357607e-01
-8.380072562951924597e-01,-2.593269332170566321e-01
-8.392222481550074553e-01,-2.577187013672631588e-01
-8.404352267907653218e-01,-2.561089517210679567e-01
-8.416478548360939449e-01,-2.544989280252943353e-01
-8.428553627336022869e-01,-2.528850250295312518e-01
-8.440660870370986224e-01,-2.512735358114779327e-01
-8.452747513330943763e-01,-2.496605197026503242e-01
-8.464769958686471085e-01,-2.480427490634412035e-01
-8.476834120246504733e-01,-2.464280730645954376e-01
-8.488780389789455372e-01,-2.448046315776582771e-01
-8.500824550200132279e-01,-2.431884694365877009e-01
-8.512772134499360099e-01,-2.415651054920557872e-01
-8.524734138628548008e-01,-2.399428204366485240e-01
-8.536724146063101593e-01,-2.383225872992663363e-01
-8.548567742849034756e-01,-2.366916723840133130e-01
-8.560552054729865246e-01,-2.350710447483298493e-01
-8.572352226330638425e-01,-2.334369340714781138e-01
-8.584265630772838218e-01,-2.318111176236454518e-01
-8.596101030386351649e-01,-2.301795566035906015e-01
-8.607897005340559016e-01,-2.285451896339982802e-01
-8.619777275090012569e-01,-2.269168929444848049e-01
-8.631480932257654670e-01,-2.252758950787575598e-01
-8.643352876203247437e-01,-2.236470332211061562e-01
-8.655038913926276223e-01,-2.220047410955580947e-01
-8.666774089009926518e-01,-2.203659933683713157e-01
-8.678515844373384525e-01,-2.187276802077925686e-01
-8.690153239399656115e-01,-2.170819971082716682e-01
-8.701906069804873356e-01,-2.154445145330650124e-01
-8.713529663948138548e-01,-2.137978532100688056e-01
-8.725185165491929906e-01,-2.121534784432561327e-01
-8.736803091329883308e-01,-2.105063805162410151e-01
-8.748367474981328940e-01,-2.088555283873460566e-01
-8.759991979909501625e-01,-2.072089162043979360e-01
-8.771557994295080540e-01,-2.055582150966073218e-01
-8.783076220540206869e-01,-2.039042029392220678e-01
-8.794631371761899574e-01,-2.022527432441216522e-01
-8.806090032407321022e-01,-2.005945064804450506e-01
-8.817608573201098920e-01,-1.989404379101573361e-01
-8.829121160365864807e-01,-1.972859676491706682e-01
-8.840491292375034504e-01,-1.956217407698286892e-01
-8.851996189846491614e-01,-1.939667793585446720e-01
-8.863327301073051778e-01,-1.922998008385894408e-01
-8.874757182652168730e-01,-1.906396257127254690e-01
-8.886172772536703457e-01,-1.889784209456486508e-01
-8.897423747888152379e-01,-1.873061164506381326e-01
-8.908884890862929229e-01,-1.856480802428112087e-01
-8.920094206895324840e-01,-1.839728875544504039e-01
-8.931425598848660163e-01,-1.823060147730463376e-01
-8.942725351651164001e-01,-1.806369090039888214e-01
-8.953865494053945273e-01,-1.789571918846095400e-01
-8.965250787197882598e-01,-1.772939092259661342e-01
-8.976383517095880560e-01,-1.756136599913404317e-01
-8.987602334399071857e-01,-1.739392242080891327e-01
-8.998796026283260030e-01,-1.722629871060368800e-01
-9.009875610979075633e-01,-1.705792711237706372e-01
-9.021098077963608519e-01,-1.689050541313634191e-01
-9.032187960204253185e-01,-1.672220216692376638e-01
-9.043254701744725121e-01,-1.655374887423410601e-01
-9.054373848660766111e-01,-1.638563205799115630e-01
-9.065411582625459985e-01,-1.621698365494717298e-01
-9.076441308649755291e-01,-1.604829452484071439e-01
-9.087497870639655861e-01,-1.587977420662691208e-01
-9.098383871017647895e-01,-1.571013611656510711e-01
-9.109445194897957121e-01,-1.554164248330773268e-01
-9.120454820289191078e-01,-1.537280533667111648e-01
-9.131265320754531345e-01,-1.520270153702471538e-01
-9.142300445099622586e-01,-1.503404018656126218e-01
-9.153099119781985538e-01,-1.486384487366096685e-01
-9.163992841584889248e-01,-1.469425899436096750e-01
-9.174948175086173885e-01,-1.452506783380479727e-01
-9.185593293079286070e-01,-1.435391345553120312e-01
-9.196580200877186861e-01,-1.418494018754809516e-01
-9.207315393301207518e-01,-1.401434374448816411e-01
-9.218005305586577380e-01,-1.384347598925819989e-01
-9.228908149559039709e-01,-1.367394610589245385e-01
-9.239531329027229622e-01,-1.350266084816668655e-01
-9.250309554815266955e-01,-1.333236372560920868e-01
-9.261002962152559137e-01,-1.316150505309108543e-01
-9.271570945880310832e-01,-1.298988015946979935e-01
-9.282319906225200423e-01,-1.281939186638624828e-01
-9.292939333455434436e-01,-1.264808749477822625e-01
-9.303434434245401174e-01,-1.247600872576871273e-01
-9.314135392240294742e-01,-1.230520058961848823e-01
-9.324716168899130908e-01,-1.213365444583048708e-01
-9.335150533798493022e-01,-1.196123107914231626e-01
-9.345796590326653774e-01,-1.179009431251591272e-01
-9.356252662705184520e-01,-1.161777299327690499e-01
-9.366686108623890616e-01,-1.144534697866738948e-01
-9.377299927659924483e-01,-1.127400330895807073e-01
-9.387536574073548357e-01,-1.110036953043838509e-01
-9.398056609696023855e-01,-1.092846225291719958e-01
-9.408536236693082477e-01,-1.075628407827525918e-01
-9.418657677728485833e-01,-1.058199003165758989e-01
-9.429280107356891039e-01,-1.041070958764609006e-01
-9.439535100914101529e-01,-1.023718410612554225e-01
-9.449674408259224334e-01,-1.006300351235618340e-01
-9.460212066014662691e-01,-9.891179884977108205e-02
-9.470378044131420037e-01,-9.717150951847880469e-02
-9.480591550820166580e-01,-9.543421058190092177e-02
-9.490925395254136143e-01,-9.370363992618560567e-02
-9.501059893366414766e-01,-9.196156893171684998e-02
-9.511213340639800284e-01,-9.022100931854655503e-02
-9.521480435810281140e-01,-8.848670378626925792e-02
-9.531570718834609934e-01,-8.674185740322440386e-02
-9.541627939917222134e-01,-8.499580832888388449e-02
-9.551878945530614118e-01,-8.326062344279830385e-02
-9.561755682471060336e-01,-8.150356371803904598e-02
-9.571872262325794578e-01,-7.976042281007264534e-02
-9.582127735618156672e-01,-7.802523372070648000e-02
-9.591775369316266620e-01,-7.625549084600723171e-02
-9.601967805407922718e-01,-7.451721389255121231e-02
-9.612023934804972969e-01,-7.277035934286034402e-02
-9.621624695097525937e-01,-7.099839515326158979e-02
-9.631912960442249316e-01,-6.926581970058358351e-02
-9.641742267551890455e-01,-6.750610227448315681e-02
-9.651309267219865262e-01,-6.573238535635707314e-02
-9.661506512294208981e-01,-6.399429669180187186e-02
-9.671306000866484176e-01,-6.223334247214485498e-02
-9.680839432230406993e-01,-6.045755632500552507e-02
-9.690902403645839103e-01,-5.871153827698723932e-02
-9.700727111197912089e-01,-5.695217090318793751e-02
-9.710069114745405461e-01,-5.516610598290530576e-02
-9.720137499029286587e-01,-5.342045476115677566e-02
-9.730007824383060111e-01,-5.166332580953841153e-02
-9.739085553040939258e-01,-4.986368511583944008e-02
-9.749221474986523583e-01,-4.812257464529689360e-02
-9.758982308733831212e-01,-4.635904992251801277e-02
-9.767942647013597712e-01,-4.455402952459153881e-02
-9.778163822672653049e-01,-4.281831723418990515e-02
-9.787700702127646313e-01,-4.104258146981299565e-02
-9.796656376234823549e-01,-3.923784799477089691e-02
-9.806847193229855097e-01,-3.750092627478952834e-02
-9.816277834546051073e-01,-3.572008422770289737e-02
-9.825251262622618498e-01,-3.391620750623119962e-02
-9.835154161406308715e-01,-3.216430650692335413e-02
-9.844738641009123103e-01,-3.039296503448847900e-02
-9.853753169959381664e-01,-2.859015032400726714e-02
-9.863273208642437950e-01,-2.681964216390398878e-02
-9.873130155057505686e-01,-2.506394090919338707e-02
-9.881812205576196995e-01,-2.324488120973653912e-02
-9.891205167134784482e-01,-2.146767378101345838e-02
-9.901554063617671320e-01,-1.973891431165850086e-02
-9.909799909316264754e-01,-1.789967031223152830e-02
-9.918949764401263636e-01,-1.611007936988523986e-02
-9.929589999318245708e-01,-1.439817627350586417e-02
-9.937857694928153851e-01,-1.256552320533738457e-02
-9.946470316542092016e-01,-1.075782814400087946e-02
-9.957647910708287142e-01,-9.080517174372380873e-03
-9.966497171944315170e-01,-7.290595587464058711e-03
-9.972714655072842937e-01,-5.373756467923626427e-03
-9.986378183643933593e-01,-3.929691144080734236e-03
-9.999290494214360114e-01,-2.381957136052855264e-03
-1.000107406774391139e+00,-3.780424776285672139e-04
-1.000368184389929471e+00,1.618657248726648127e-03
-1.000784998651534474e+00,3.568833596436947128e-03
-1.002133120486476070e+00,5.067274693187863097e-03
-1.003240461703472475e+00,6.692669736804748339e-03
-1.003908798558389215e+00,8.594270128747753118e-03
-1.004852368125654039e+00,1.036040150099173766e-02
-1.005951576902548661e+00,1.204992754905237842e-02
-1.006700645194318344e+00,1.391847794742175418e-02
-1.007536575060944850e+00,1.574720210362177616e-02
-1.008538699208555434e+00,1.749606041550800031e-02
-1.009403019180632244e+00,1.930916897422165629e-02
-1.010189054347642834e+00,2.116390424796682143e-02
-1.011136639814177229e+00,2.294290396294448517e-02
-1.012063438083568467e+00,2.472711556735182614e-02
-1.012829944846339592e+00,2.659131126118441726e-02
-1.013727134850385792e+00,2.839571296402843004e-02
-1.014678709725205907e+00,3.017102161000599289e-02
-1.015459697162541142e+00,3.202764191882369327e-02
-1.016305234104625921e+00,3.385644331425274184e-02
-1.017196303511186173e+00,3.566398515465254299e-02
-1.018062583075008076e+00,3.747920983456272392e-02
-1.018868962288062674e+00,3.932575937579225328e-02
-1.019722795032475426e+00,4.115160927292142029e-02
-1.020642868988119956e+00,4.294356628639727641e-02
-1.021417417634925551e+00,4.480396434980095377e-02
-1.022248497666851108e+00,4.664028245481784130e-02
-1.023138478728764067e+00,4.844835429600638510e-02
-1.023950160788628772e+00,5.029123568857205712e-02
-1.024760372705260991e+00,5.213685614045941025e-02
-1.025608557495696793e+00,5.396495385726208377e-02
-1.026469822765684992e+00,5.578654481605255233e-02
-1.027257658875441848e+00,5.764177169950289448e-02
-1.028071157536646352e+00,5.948567634060348414e-02
-1.028920995865397314e+00,6.131338885007104472e-02
-1.029740060071479224e+00,6.315396029278878831e-02
-1.030523145431387011e+00,6.501109854137186728e-02
-1.031347475725853835e+00,6.685045651846664716e-02
-1.032206881198115989e+00,6.867345715788331084e-02
-1.032962647428337544e+00,7.054196636183503177e-02
-1.033763422787605135e+00,7.239170067418040921e-02
-1.034587293181657319e+00,7.423108176001709524e-02
-1.035393143217557821e+00,7.607763063941272441e-02
-1.036167697811216204e+00,7.793844302442257121e-02
-1.036960356599019528e+00,7.979155043634665601e-02
-1.037779858596013183e+00,8.163306467175228398e-02
-1.038559627692163367e+00,8.349136506367935140e-02
-1.039324694663794402e+00,8.535608350495073327e-02
-1.040119323149065966e+00,8.720846677324942120e-02
-1.040938856793631073e+00,8.904984754232350697e-02
-1.041677831232560081e+00,9.092507921011978855e-02
-1.042449128386464308e+00,9.278729802182192343e-02
-1.043237216310899829e+00,9.464238307110002524e-02
-1.044021577445740867e+00,9.649868661474549081e-02
-1.044768360682391428e+00,9.837084643470524192e-02
-1.045528600800151420e+00,1.002375427810434094e-01
-1.046307366911630066e+00,1.020966505094686588e-01
-1.047077084503622357e+00,1.039590559373679557e-01
-1.047811069441072274e+00,1.058362483994692849e-01
-1.048566210725550896e+00,1.077050768674550768e-01
-1.049340726033047844e+00,1.095659070342047958e-01
-1.050083097455911219e+00,1.114394241635926625e-01
-1.050815826810498788e+00,1.133171530831132146e-01
-1.051562514770870704e+00,1.151893316613175344e-01
-1.052319896900464791e+00,1.170572476660034639e-01
-1.053056008461238813e+00,1.189332612995349925e-01
-1.053777084379194040e+00,1.208154549858197341e-01
-1.054510413986544215e+00,1.226929495635113443e-01
-1.055264648875883671e+00,1.245621326096794101e-01
-1.055982341439756889e+00,1.264454210972139614e-01
-1.056693366360120123e+00,1.283314756470348705e-01
-1.057420614609678289e+00,1.302113171189810958e-01
-1.058157555720931731e+00,1.320873653452278029e-01
-1.058867791470167852e+00,1.339734198037423052e-01
-1.059570081312937395e+00,1.358627202214811036e-01
-1.060281113056126268e+00,1.377487578990730932e-01
-1.061006471981679189e+00,1.396293462728005197e-01
-1.061711395236448752e+00,1.415175356921929695e-01
-1.062398586300399739e+00,1.434123968326977694e-01
-1.063100554316253721e+00,1.453018409591528837e-01
-1.063812147860212054e+00,1.471876590216294189e-01
-1.064508062902542296e+00,1.490791013535986698e-01
-1.065187673051741779e+00,1.509767020090009848e-01
-1.065874281408479618e+00,1.528717661337937184e-01
-1.066568357909378095e+00,1.547641233974144659e-01
-1.067268558465949591e+00,1.566540902838853278e-01
-1.067930658282486789e+00,1.585578533766210385e-01
-1.068602118910624510e+00,1.604583530022824500e-01
-1.069284915322479934e+00,1.623548041612691284e-01
-1.069974906434284057e+00,1.642486366957503219e-01
-1.070629783897821374e+00,1.661548237423176588e-01
-1.071288886199809554e+00,1.680596364691308020e-01
-1.071953767585710482e+00,1.699624398757011434e-01
-1.072626915966523153e+00,1.718623423625901259e-01
-1.073287470632401819e+00,1.737665195749537872e-01
-1.073928978720729122e+00,1.756773310043683034e-01
-1.074579352643117325e+00,1.775851496444272037e-01
-1.075236861608923844e+00,1.794905145676461977e-01
-1.075899060918107164e+00,1.813942461553199048e-01
-1.076527086375242748e+00,1.833095378374059170e-01
-1.077161490373689023e+00,1.852227197821190996e-01
-1.077800497385895229e+00,1.871343730773527281e-01
-1.078447429842625205e+00,1.890433614478534419e-01
-1.079081861813898646e+00,1.909564476258356347e-01
-1.079698181515687860e+00,1.928755364678314543e-01
-1.080322519942158221e+00,1.947920332018517331e-01
-1.080951333766398292e+00,1.967070616748462786e-01
-1.081584128133727507e+00,1.986207814088649659e-01
-1.082194351808777322e+00,2.005417367916594862e-01
-1.082800434576157933e+00,2.024640802138179541e-01
-1.083410394045835945e+00,2.043852015426338986e-01
-1.084027268085908213e+00,2.063041138962766752e-01
-1.084647490140763892e+00,2.082219252485673633e-01
-1.085234422566777379e+00,2.101502064857244390e-01
-1.085828946258891259e+00,2.120761603835181752e-01
-1.086426466915683120e+00,2.140011843375344558e-01
-1.087027221485935780e+00,2.159252041265695421e-01
-1.087629445676533191e+00,2.178487077277983519e-01
-1.088203865087380651e+00,2.197807490574116285e-01
-1.088782699275960830e+00,2.217114766882308241e-01
-1.089366417599721526e+00,2.236407328390686566e-01
-1.089952932232949312e+00,2.255691388884298321e-01
-1.090536865499322383e+00,2.274982805638337546e-01
-1.091098586138557813e+00,2.294340548458767282e-01
-1.091662855991098136e+00,2.313690877977860050e-01
-1.092229746713526461e+00,2.333033559051336525e-01
-1.092800446224235777e+00,2.352365032448866244e-01
-1.093373574217128219e+00,2.371689217357703938e-01
-1.093918051444659367e+00,2.391096181960593869e-01
-1.094466884524684547e+00,2.410490867094598755e-01
-1.095017602084395802e+00,2.429880207467625675e-01
-1.095570434422133310e+00,2.449263536925254392e-01
-1.096127167981137074e+00,2.468635692181366803e-01
-1.096662923816076551e+00,2.488066456077923372e-01
-1.097194380283961213e+00,2.507509481112681349e-01
-1.097728391945374415e+00,2.526945501597342991e-01
-1.098263746596780166e+00,2.546377824721757221e-01
-1.098800687247932562e+00,2.565805776079061462e-01
-1.099333189710266279e+00,2.585245422761836553e-01
-1.099846402644506949e+00,2.604737386752524197e-01
-1.100361999631541687e+00,2.624223068545161186e-01
-1.100879451509547247e+00,2.643703831829213868e-01
-1.101397846983668494e+00,2.663182085003601429e-01
-1.101917315699336264e+00,2.682657480906432412e-01
-1.102422552968177927e+00,2.702169815719915880e-01
-1.102919530453276398e+00,2.721703812497127672e-01
-1.103417779918520081e+00,2.741234572012985482e-01
-1.103917245518682311e+00,2.760762224734216175e-01
-1.104417281616279833e+00,2.780288416856175893e-01
-1.104917926093863745e+00,2.799813050807528625e-01
-1.105400815274796500e+00,2.819382096152792672e-01
-1.105879825390213345e+00,2.838960929516021747e-01
-1.106359453724678144e+00,2.858538250229174515e-01
-1.106839688262149624e+00,2.878114084777578241e-01
-1.107320145211099671e+00,2.897689373471400986e-01
-1.107800831621152726e+00,2.917264098826075625e-01
-1.108265966608226627e+00,2.936876045713737726e-01
-1.108725497328079568e+00,2.956501512690238864e-01
-1.109185424890577476e+00,2.976126050492521879e-01
-1.109645351423193871e+00,2.995750590708469718e-01
-1.110105176291989570e+00,3.015375369136397699e-01
-1.110565049219459199e+00,3.035000034345344821e-01
-1.111016566137815520e+00,3.054643728503732558e-01
-1.111455376587224153e+00,3.074316560534592346e-01
-1.111894639494746873e+00,3.093988383704979750e-01
-1.112333396477624081e+00,3.113661335980260625e-01
-1.112771691064028845e+00,3.133335318606361719e-01
-1.113209622423593226e+00,3.153010110295675905e-01
-1.113647045288860937e+00,3.172686033245358805e-01
-1.114068848704322656e+00,3.192395855024608986e-01
-1.114486617437715932e+00,3.212114443464895719e-01
-1.114903512358236704e+00,3.231834881663683268e-01
-1.115319522121497320e+00,3.251557188197686243e-01
-1.115734843796326148e+00,3.271280944780551314e-01
-1.116149095552246173e+00,3.291006952194609481e-01
-1.116563102920904660e+00,3.310733472621131268e-01
-1.116961365635853243e+00,3.330492206024980861e-01
-1.117355846712914547e+00,3.350258700104909448e-01
-1.117748950485222492e+00,3.370027936742624464e-01
-1.118141109590744753e+00,3.389799048607785581e-01
-1.118532050671231959e+00,3.409572574529748934e-01
-1.118921260711126742e+00,3.429349513806539407e-01
-1.119309750831407824e+00,3.449127868892403193e-01
-1.119691142898910252e+00,3.468919832238206991e-01
-1.120060665655704168e+00,3.488734501376630770e-01
-1.120429186371557861e+00,3.508551033346636316e-01
-1.120796483029679713e+00,3.528369840997982454e-01
-1.121161431373818296e+00,3.548192986114081515e-01
-1.121525042172770048e+00,3.568018585089180461e-01
-1.121887305949595515e+00,3.587846653137416464e-01
-1.122247037793651314e+00,3.607679331228512143e-01
-1.122600626297984183e+00,3.627522885029699218e-01
-1.122943347812441761e+00,3.647385663350127261e-01
-1.123284045300888323e+00,3.667251924758967996e-01
-1.123622891187273876e+00,3.687121347873414390e-01
-1.123960185469257134e+00,3.706993412189101278e-01
-1.124295038761176091e+00,3.726869607688162445e-01
-1.124627659327005702e+00,3.746749546681547027e-01
-1.124958582284177888e+00,3.766632318533439938e-01
-1.125287087824101917e+00,3.786519103875767844e-01
-1.125604780928000759e+00,3.806423321230606449e-01
-1.125916829144330666e+00,3.826336588050777698e-01
-1.126226792071003402e+00,3.846253116830578578e-01
-1.126533824255916194e+00,3.866174181210134675e-01
-1.126838984692822176e+00,3.886098117279652708e-01
-1.127142051827507485e+00,3.906025255845319011e-01
-1.127441711538726077e+00,3.925957545035531071e-01
-1.127739366354865602e+00,3.945892830991890587e-01
-1.128035026257292239e+00,3.965831093850340494e-01
-1.128326591097665865e+00,3.985775347709542560e-01
-1.128605292874963473e+00,4.005738018821711766e-01
-1.128882664477643960e+00,4.025702541887050123e-01
-1.129156585579194516e+00,4.045671831890461090e-01
-1.129427963904581667e+00,4.065644584256613570e-01
-1.129697183181102238e+00,4.085620261097248629e-01
-1.129963110012808469e+00,4.105600353996073926e-01
-1.130226012780540135e+00,4.125584439870829123e-01
-1.130486636931736344e+00,4.145571509751117545e-01
-1.130744172584219776e+00,4.165562591737787534e-01
-1.130998167504531970e+00,4.185558196019832367e-01
-1.131248753596007184e+00,4.205558050977543649e-01
-1.131488720425376959e+00,4.225570982104895901e-01
-1.131725057673506063e+00,4.245588228416565801e-01
-1.131959030404855682e+00,4.265608243646585862e-01
-1.132190581343000435e+00,4.285631086514975485e-01
-1.132417660061426412e+00,4.305659050398923382e-01
-1.132642239692106090e+00,4.325689819049970963e-01
-1.132864310760919313e+00,4.345723393041777127e-01
-1.133082134399156837e+00,4.365761634144486036e-01
-1.133296944677616436e+00,4.385803114821396065e-01
-1.133509145089175663e+00,4.405847380027305138e-01
-1.133717404480395263e+00,4.425895787017005700e-01
-1.133922084552295928e+00,4.445947867934723630e-01
-1.134124376967913461e+00,4.466002374024664601e-01
-1.134315936586767881e+00,4.486067426017377180e-01
-1.134503761889414930e+00,4.506136000749115800e-01
-1.134688957553833033e+00,4.526207012313975819e-01
-1.134871088190994470e+00,4.546280842624320639e-01
-1.135048604070136857e+00,4.566358802167024278e-01
-1.135223346621409002e+00,4.586439182705635553e-01
-1.135395307417378152e+00,4.606521978888912794e-01
-1.135562279448786516e+00,4.626608985990532386e-01
-1.135726263767170785e+00,4.646698437787084024e-01
-1.135887384079734996e+00,4.666790215646121620e-01
-1.136043921397400736e+00,4.686885623754581953e-01
-1.136196858373490715e+00,4.706983788570182070e-01
-1.136346853627226317e+00,4.727084172898551317e-01
-1.136492709623912578e+00,4.747187615963132656e-01
-1.136634326390190575e+00,4.767294077178140799e-01
-1.136772928335777477e+00,4.787402635036724363e-01
-1.136907870698375067e+00,4.807513698561695636e-01
-1.137038173848789135e+00,4.827627811841724292e-01
-1.137160805009054476e+00,4.847746744096524396e-01
-1.137280793800182765e+00,4.867867283086028118e-01
-1.137395393880532790e+00,4.887990962519273008e-01
-1.137506957576770894e+00,4.908116330194018939e-01
-1.137615478586896822e+00,4.928243373457785181e-01
-1.137718996655983306e+00,4.948373058531453927e-01
-1.137818883481440446e+00,4.968504560495735078e-01
-1.137915668986244633e+00,4.988637582158956807e-01
-1.138007973429029152e+00,5.008772720827762148e-01
-1.138095979706816863e+00,5.028909769226782567e-01
-1.138180830644671016e+00,5.049048169124653596e-01
-1.138261750834812069e+00,5.069188204191915625e-01
-1.138337688917448576e+00,5.089330169758985445e-01
-1.138410422271561417e+00,5.109473307257597074e-01
-1.138479801120069856e+00,5.129617648343016700e-01
-1.138543499368386280e+00,5.149763863650433926e-01
-1.138603948131853505e+00,5.169911060945167058e-01
-1.138661143059057634e+00,5.190059222771385983e-01
-1.138712944703527796e+00,5.210208850043147599e-01
-1.138760957802695373e+00,5.230359395576236192e-01
-1.138805677586915088e+00,5.250510705176582027e-01
-1.138845603643618087e+00,5.270663035345259928e-01
-1.138881045820137494e+00,5.290816187315119379e-01
-1.138913159801286712e+00,5.310969894779744571e-01
-1.138941099565629944e+00,5.331124243124077955e-01
-1.138963851217873691e+00,5.351279233059164087e-01
-1.138983244348849677e+00,5.371434562894242815e-01
-1.138999099975952278e+00,5.391590224137098319e-01
-1.139009056960748278e+00,5.411746260507354078e-01
-1.139015629595702572e+00,5.431902415256419925e-01
-1.139018815730499012e+00,5.452058667992697449e-01
-1.139016389276414243e+00,5.472214938269210904e-01
-1.139010056920989111e+00,5.492371102137063588e-01
-1.139000317330397749e+00,5.512527137139447975e-01
-1.138985616889188757e+00,5.532682885945450213e-01
-1.138966309914319686e+00,5.552838228399525899e-01
-1.138943579303222542e+00,5.572993211589678531e-01
-1.138916550160742114e+00,5.593147684114991858e-01
-1.138884213481868191e+00,5.613301363440211800e-01
-1.138848441001573120e+00,5.633454450629302723e-01
-1.138809040142814144e+00,5.653606884166240132e-01
-1.138763632866559128e+00,5.673758050950808984e-01
-1.138714781750437943e+00,5.693908391300681604e-01
-1.138662486854244538e+00,5.714057884191492409e-01
-1.138604472588232053e+00,5.734205818445943237e-01
-1.138542519757876459e+00,5.754352557833457560e-01
-1.138477119732754561e+00,5.774498215233526688e-01
-1.138406675310072114e+00,5.794642186504331827e-01
-1.138331610954449902e+00,5.814784470770256730e-01
-1.138253099844934946e+00,5.834925439261565705e-01
-1.138170220637942265e+00,5.855064677676476981e-01
-1.138082047768155025e+00,5.875201655742274820e-01
-1.137990432301253074e+00,5.895337085912700781e-01
-1.137895123859507640e+00,5.915470825017025147e-01
-1.137793857841853606e+00,5.935601651854878202e-01
-1.137689156952856440e+00,5.955730701218795442e-01
-1.137581023246042156e+00,5.975857953678821444e-01
-1.137467102700352006e+00,5.995982019648569139e-01
-1.137349347040706116e+00,6.016103855404062450e-01
-1.137228170224432233e+00,6.036223668796342201e-01
-1.137101876374374765e+00,6.056340348606179536e-01
-1.136969259638947793e+00,6.076452919146890785e-01
-1.136831657995249323e+00,6.096562159329527164e-01
-1.136689335159758674e+00,6.116668134592556649e-01
-1.136541805847027131e+00,6.136770342624476848e-01
-1.136390818155941895e+00,6.156869973496665871e-01
-1.136235947355155096e+00,6.176966672821038173e-01
-1.136075254583427618e+00,6.197058794476388854e-01
-1.135911127485854655e+00,6.217148121822527740e-01
-1.135743570113613155e+00,6.237234638444256740e-01
-1.135570000540119029e+00,6.257316052252642757e-01
-1.135392820421720073e+00,6.277394289226505553e-01
-1.135212237215892817e+00,6.297469506513959647e-01
-1.135026294951630321e+00,6.317539842028442321e-01
-1.134836157135717727e+00,6.337606225649529135e-01
-1.134642645939508698e+00,6.357669388122969556e-01
-1.134444413781153793e+00,6.377727957896688338e-01
-1.134241325331899031e+00,6.397781652112032313e-01
-1.134032862501803463e+00,6.417829779421945213e-01
-1.133817040676697196e+00,6.437870186458943822e-01
-1.133595828217212054e+00,6.457904704174616262e-01
-1.133371255050717785e+00,6.477935469977523786e-01
-1.133143121310472790e+00,6.497962235065375403e-01
-1.132909078574834361e+00,6.517982177547899658e-01
-1.132671714655719697e+00,6.537998189108694680e-01
-1.132431035370608408e+00,6.558010259673612286e-01
-1.132184644711499821e+00,6.578015383630695379e-01
-1.131934628892145467e+00,6.598015987248360137e-01
-1.131681339188784774e+00,6.618012481906100364e-01
-1.131422925395944024e+00,6.638002430665281839e-01
-1.131158458377220510e+00,6.657984413572429760e-01
-1.130886827604478784e+00,6.677956809980266639e-01
-1.130609855943226272e+00,6.697921891751054124e-01
-1.130328260146592267e+00,6.717880487898287845e-01
-1.130043438647484688e+00,6.737834502884817445e-01
-1.129754535771348989e+00,6.757782669042231571e-01
-1.129460582542783031e+00,6.777723444488963356e-01
-1.129163452398915801e+00,6.797659500897471618e-01
-1.128862760424663270e+00,6.817590237308599477e-01
-1.128556619721137855e+00,6.837512671620747939e-01
-1.128245456619480613e+00,6.857427261620407943e-01
-1.127926191849353721e+00,6.877329090292886304e-01
-1.127600477068463558e+00,6.897220465518817401e-01
-1.127271608161951821e+00,6.917106628797313750e-01
-1.126939641347774357e+00,6.936987659279318930e-01
-1.126602384022854508e+00,6.956859789761644652e-01
-1.126261615290629736e+00,6.976725908969947376e-01
-1.125917802777494314e+00,6.996586792534802424e-01
-1.125569164373052100e+00,7.016439272141202776e-01
-1.125212289475185035e+00,7.036277020356764833e-01
-1.124848857595158735e+00,7.056102935027578349e-01
-1.124480601353491371e+00,7.075919961905368094e-01
-1.124108181270382589e+00,7.095729190376257600e-01
-1.123732809556251988e+00,7.115532846416001700e-01
-1.123353411670646729e+00,7.135328844614320376e-01
-1.122969589861212425e+00,7.155116300383707051e-01
-1.122582111011033446e+00,7.174896604915753651e-01
-1.122185753925672547e+00,7.194659332306506672e-01
-1.121781911221156447e+00,7.214406896447719264e-01
-1.121374988944221940e+00,7.234148135665818824e-01
-1.120964737563680202e+00,7.253882501647632708e-01
-1.120549617504524864e+00,7.273606677292386857e-01
-1.120131710976889794e+00,7.293324955863030867e-01
-1.119710788159989034e+00,7.313036835997839269e-01
-1.119278077702084095e+00,7.332723143039214797e-01
-1.118840217798479086e+00,7.352398068884405946e-01
-1.118399144844541837e+00,7.372065841639811046e-01
-1.117952904403675118e+00,7.391721954025658459e-01
-1.117503995820799734e+00,7.411371972681908282e-01
-1.117052369082106145e+00,7.431015775676982349e-01
-1.116593400107303680e+00,7.450642548529958775e-01
-1.116125239017853099e+00,7.470247565666368050e-01
-1.115653186327538737e+00,7.489843286917485798e-01
-1.115176438886028132e+00,7.509427643121584506e-01
-1.114696839040792309e+00,7.529005017375565156e-01
-1.114214581600260212e+00,7.548575869659308601e-01
-1.113726420426296215e+00,7.568132085942949061e-01
-1.113227653694733421e+00,7.587661478813586546e-01
-1.112724997702823293e+00,7.607180937835265055e-01
-1.112218050795853452e+00,7.626689302799536385e-01
-1.111708182395385380e+00,7.646190037895852498e-01
-1.111195634959729395e+00,7.665683749111824596e-01
-1.110675221150447811e+00,7.685156601942018106e-01
-1.110145890641451416e+00,7.704605388486595041e-01
-1.109613136562151103e+00,7.724044855481014826e-01
-1.109076378547797281e+00,7.743473311508977108e-01
-1.108536764621607773e+00,7.762893841445898113e-01
-1.107994309237765762e+00,7.782306442086756038e-01
-1.107438869751414146e+00,7.801682304284057734e-01
-1.106879174475567940e+00,7.821045909182553491e-01
-1.106316920004776216e+00,7.840402112046134242e-01
-1.105750835453767955e+00,7.859747154003667857e-01
-1.105180740049033217e+00,7.879080385990090418e-01
-1.104603040202186470e+00,7.898391010723242456e-01
-1.104016509109634558e+00,7.917675044221835767e-01
-1.103427470699221313e+00,7.936951421924667294e-01
-1.102836332727397117e+00,7.956221377932394256e-01
-1.102240816118730482e+00,7.975477852612568030e-01
-1.101635199122497966e+00,7.994702670585989157e-01
-1.101023821914083545e+00,8.013909375430231519e-01
-1.100408703636073682e+00,8.033104134366817473e-01
-1.099791443486058728e+00,8.052292005189042312e-01
-1.099172036519203921e+00,8.071472953579377219e-01
-1.098536609298430111e+00,8.090601441364293489e-01
-1.097899250839126539e+00,8.109723492292066904e-01
-1.097259991072157437e+00,8.128839206122872030e-01
-1.096617055078578318e+00,8.147942585966095885e-01
-1.095966497276298357e+00,8.167019948202700608e-01
-1.095306988842406515e+00,8.186066750632255973e-01
-1.094644162284593047e+00,8.205102028921545942e-01
-1.093979329357883445e+00,8.224130297880946072e-01
-1.093311408962261311e+00,8.243147757063655767e-01
-1.092629455623695289e+00,8.262115326097710932e-01
-1.091945157530392896e+00,8.281074470287775879e-01
-1.091258608813332698e+00,8.300025483615248723e-01
-1.090567438649324261e+00,8.318959674290065109e-01
-1.089867755329387622e+00,8.337862523267128845e-01
-1.089161298302055103e+00,8.356740226175083386e-01
-1.088452591980737960e+00,8.375609490166251447e-01
-1.087741620127000708e+00,8.394470208269951828e-01
-1.087019328508597171e+00,8.413287867064010994e-01
-1.086291959552576181e+00,8.432085966929081522e-01
-1.085562386891739228e+00,8.450875540597712066e-01
-1.084829263159107438e+00,8.469651290369505370e-01
-1.084086611407036216e+00,8.488389410568060178e-01
-1.083337716968768127e+00,8.507102815716800492e-01
-1.082586157940880867e+00,8.525805534615499282e-01
-1.081831488201727698e+00,8.544495683096504646e-01
-1.081066886837640961e+00,8.563145444708089027e-01
-1.080296723954728755e+00,8.581772315346501978e-01
-1.079524565946087256e+00,8.600390924426798422e-01
-1.078748996366102553e+00,8.618995351103128089e-01
-1.077961188205058818e+00,8.637548248203639201e-01
-1.077170686810048794e+00,8.656089728493314706e-01
-1.076378181850438542e+00,8.674622656193144987e-01
-1.075577902584981205e+00,8.693121986335320406e-01
-1.074769695267117298e+00,8.711586977843169821e-01
-1.073958349457920125e+00,8.730038200513160485e-01
-1.073144109271301661e+00,8.748476631833430606e-01
-1.072320637889186523e+00,8.766874034803164850e-01
-1.071491448778921107e+00,8.785245750416602606e-01
-1.070660150695598833e+00,8.803607928583554454e-01
-1.069823200509568917e+00,8.821944399373110590e-01
-1.068976973475142866e+00,8.840238239119178054e-01
-1.068128227756452997e+00,8.858520437497277022e-01
-1.067276104524617741e+00,8.876786921012295162e-01
-1.066414476331041250e+00,8.895008666482504545e-01
-1.065547762464629455e+00,8.913206373140343253e-01
-1.064678685129859081e+00,8.931392801759959754e-01
-1.063803568661622290e+00,8.949550106165061747e-01
-1.062918848427571339e+00,8.967660954598359879e-01
-1.062032698555299248e+00,8.985764808791174563e-01
-1.061143919498332977e+00,9.003855711919804827e-01
-1.060241447472549225e+00,9.021878759511584578e-01
-1.059338086516322663e+00,9.039897349803908133e-01
-1.058433625429656244e+00,9.057910423791942778e-01
-1.057515301476058545e+00,9.075853171803863750e-01
-1.056594881406993647e+00,9.093785221436924138e-01
-1.055672668295388528e+00,9.111708059323436748e-01
-1.054740206605661701e+00,9.129577667337205327e-01
-1.053803058153602201e+00,9.147422865517893520e-01
-1.052863118900098760e+00,9.165253378347389956e-01
-1.051916011894094449e+00,9.183045817019195312e-01
-1.050961967548911913e+00,9.200801260099285006e-01
-1.050005207123946516e+00,9.218542069360434743e-01
-1.049042617653622500e+00,9.236251289246645291e-01
-1.048071989440199303e+00,9.253916619907532892e-01
-1.047099249308226065e+00,9.271570303756526688e-01
-1.046118827063585277e+00,9.289181431116446674e-01
-1.045133085025377939e+00,9.306762859177519775e-01
-1.044145645719311677e+00,9.324334759715052767e-01
-1.043146824839635833e+00,9.341842197349374821e-01
-1.042145129353251098e+00,9.359333230543634974e-01
-1.041141991360741592e+00,9.376816000262029327e-01
-1.040127035224388985e+00,9.394230279579569576e-01
-1.039108349791580954e+00,9.411622914228475745e-01
-1.038086908931056929e+00,9.428999383290773695e-01
-1.037057017938321613e+00,9.446325854680626133e-01
-1.036023139237123525e+00,9.463628608893428495e-01
-1.034984238614510943e+00,9.480901199723018591e-01
-1.033938090212973115e+00,9.498130046019235273e-01
-1.032889043402460905e+00,9.515341260362308873e-01
-1.031834834090587627e+00,9.532520700306704731e-01
-1.030770643203788639e+00,9.549638690722439538e-01
-1.029704390519013968e+00,9.566743836028980263e-01
-1.028633058104004627e+00,9.583817184517166021e-01
-1.027554762607729932e+00,9.600846672674461235e-01
-1.026474552021272357e+00,9.617863990521292594e-01
-1.025383051921331834e+00,9.634809142576021834e-01
-1.024289342678526005e+00,9.651740043589539519e-01
-1.023192323881502164e+00,9.668649501607646801e-01
-1.022086117924320581e+00,9.685499005325857169e-01
-1.020978281253254405e+00,9.702337810421844955e-01
-1.019860653837539433e+00,9.719111762830449086e-01
-1.018739616898517664e+00,9.735862971977429225e-01
-1.017615816882038171e+00,9.752595664731283920e-01
-1.016482842014066579e+00,9.769266339052008474e-01
-1.015347342105086037e+00,9.785919861679318599e-01
-1.014203768037897024e+00,9.802517949465533453e-01
-1.013055622234730668e+00,9.819084536298186006e-01
-1.011903746152175820e+00,9.835625212501762915e-01
-1.010744925004224415e+00,9.852117271124481990e-01
-1.009582438117899938e+00,9.868583547089015973e-01
-1.008413379627805417e+00,9.885003045927772680e-01
-1.007237444005718130e+00,9.901373548714748063e-01
-1.006058309749727542e+00,9.917721012103077882e-01
-1.004872635318727614e+00,9.934021110803629151e-01
-1.003682488382270144e+00,9.950288586554292269e-01
-1.002488215286107653e+00,9.966525701536848025e-01
-1.001286079790277839e+00,9.982704788198164536e-01
-1.000081094357119671e+00,9.998862586740319136e-01
-9.988670870494884557e-01,1.001495278394015420e+00
-9.976504747778568438e-01,1.003102326868847483e+00
-9.964280815274968450e-01,1.004704981671649344e+00
-9.952004337450144345e-01,1.006303616336377882e+00
-9.939699125586385353e-01,1.007900038996022651e+00
-9.927304681063255920e-01,1.009489546025161388e+00
-9.914899640841092765e-01,1.011078225074026227e+00
-9.902380791246430114e-01,1.012657953108878628e+00
-9.889847615826194982e-01,1.014236542999467972e+00
-9.877244157245469447e-01,1.015809526062383172e+00
-9.864601545999767129e-01,1.017379364389238372e+00
-9.851911713256132908e-01,1.018945387762255184e+00
-9.839159520307667606e-01,1.020506337345603809e+00
-9.826381628707447913e-01,1.022065186464997888e+00
-9.813519608675155270e-01,1.023617099150354814e+00
-9.800641114617812955e-01,1.025167648121019015e+00
-9.787664878955115721e-01,1.026710013328054449e+00
-9.774663878831841846e-01,1.028250304910913515e+00
-9.761587885236957529e-01,1.029784228952528524e+00
-9.748484316582358700e-01,1.031315804167260097e+00
-9.735312192234361062e-01,1.032841484296946444e+00
-9.722101687153822391e-01,1.034363844095409268e+00
-9.708836837678431753e-01,1.035881470805164906e+00
-9.695519777767346303e-01,1.037394517357818513e+00
-9.682158751015350617e-01,1.038903685288700585e+00
-9.668737912200384699e-01,1.040407532427608750e+00
-9.655274021928320627e-01,1.041907530690839856e+00
-9.641755604350387143e-01,1.043402608381008401e+00
-9.628188923114952003e-01,1.044893316201086053e+00
-9.614572559026700604e-01,1.046379475667138514e+00
-9.600903209642585034e-01,1.047860774784949767e+00
-9.587188406815368991e-01,1.049337852030484131e+00
-9.573415872714593489e-01,1.050809562343931525e+00
-9.559600400791909980e-01,1.052277225175251019e+00
-9.545720733863441998e-01,1.053738836156950853e+00
-9.531804717874113875e-01,1.055196973397454441e+00
-9.517824565119982205e-01,1.056648975977338534e+00
-9.503811980118189728e-01,1.058097837449099687e+00
-9.489731648350624438e-01,1.059540127563962431e+00
-9.475622809177852712e-01,1.060979619331325452e+00
-9.461442652964401345e-01,1.062412096172289822e+00
-9.447238004964475522e-01,1.063842136079502732e+00
-9.432958426171568211e-01,1.065264702245714012e+00
-9.418658542607343254e-01,1.066685220325254146e+00
-9.404279989842759813e-01,1.068097781972135119e+00
-9.389885568898199697e-01,1.069508720819495995e+00
-9.375408536854117347e-01,1.070911187801005360e+00
-9.360920398237060347e-01,1.072312502913622678e+00
-9.346345426935809275e-01,1.073704788917989372e+00
-9.331764436403626739e-01,1.075096441382927814e+00
-9.317089152139987895e-01,1.076478149933995043e+00
-9.302412170219188647e-01,1.077859677620035761e+00
-9.287637033041111767e-01,1.079230702735175296e+00
-9.272857976499415678e-01,1.080601305160517667e+00
-9.257992816100339972e-01,1.081962561499405728e+00
-9.243114886363568150e-01,1.083322424429771447e+00
-9.228161464232994549e-01,1.084673976893872016e+00
-9.213185030809535325e-01,1.086022983360701577e+00
-9.198145164785700434e-01,1.087364908513408945e+00
-9.183070681349709830e-01,1.088702949048404145e+00
-9.167946241099955706e-01,1.090035335096361413e+00
-9.152774242906682733e-01,1.091362307901651008e+00
-9.137567145291689563e-01,1.092685254639945480e+00
-9.122298246414282108e-01,1.094001065736145861e+00
-9.107008436149570674e-01,1.095314448857313883e+00
-9.091645341162541971e-01,1.096619247809189401e+00
-9.076263093211922595e-01,1.097921792504059635e+00
-9.060811972565077088e-01,1.099216141722778595e+00
-9.045327654045934862e-01,1.100506535849491652e+00
-9.029787629964324269e-01,1.101790198891608563e+00
-9.014205710608580446e-01,1.103068790340895333e+00
-8.998585343197992303e-01,1.104342674046246309e+00
-8.982912847269342027e-01,1.105610146695238161e+00
-8.967209786454330978e-01,1.106873830478609433e+00
-8.951449830367390614e-01,1.108130406686165914e+00
-8.935657692406023811e-01,1.109382940912592153e+00
-8.919820759496239759e-01,1.110629788519420291e+00
-8.903931383623832074e-01,1.111869964130425270e+00
-8.888010096597432907e-01,1.113106023247677934e+00
-8.872021624678463336e-01,1.114333396809085164e+00
-8.856015096902173367e-01,1.115558412684541700e+00
-8.839949090344451088e-01,1.116775614752509638e+00
-8.823851786403369424e-01,1.117988678334315367e+00
-8.807723058527838766e-01,1.119197551833074344e+00
-8.791529263191357746e-01,1.120397705210055772e+00
-8.775324383640115133e-01,1.121596355450027893e+00
-8.759029633884809485e-01,1.122782765794890780e+00
-8.742723837575664403e-01,1.123967655504038543e+00
-8.726371105154532293e-01,1.125146051205686337e+00
-8.709977766252289255e-01,1.126318799468477128e+00
-8.693570883141408245e-01,1.127489650672110155e+00
-8.677074167721903208e-01,1.128647811180713445e+00
-8.660568519172235913e-01,1.129804699614920693e+00
-8.644002920221937059e-01,1.130952978255820529e+00
-8.627405110859484028e-01,1.132096604818504382e+00
-8.610791268521009734e-01,1.133237901656310553e+00
-8.594101058268861504e-01,1.134367997572913511e+00
-8.577396304971570684e-01,1.135495947206117018e+00
-8.560635674779596416e-01,1.136615560333026131e+00
-8.543836579459171965e-01,1.137729409770675160e+00
-8.527019089749295899e-01,1.138840480695890944e+00
-8.510142169861598660e-01,1.139942487737234611e+00
-8.493233391263685927e-01,1.141039615927349704e+00
-8.476292232202891075e-01,1.142131723801372178e+00
-8.459295260428173480e-01,1.143215138637515116e+00
-8.442279865916063608e-01,1.144295657584536441e+00
-8.425227432235972147e-01,1.145370294594709737e+00
-8.408114504959116609e-01,1.146435299478476999e+00
-8.390987605284543349e-01,1.147498053196988055e+00
-8.373810289181203848e-01,1.148552632411922403e+00
-8.356599768420512886e-01,1.149601791805181294e+00
-8.339378639492557310e-01,1.150649205463009750e+00
-8.322070020304378479e-01,1.151682100486351334e+00
-8.304751946633595061e-01,1.152713409793155286e+00
-8.287417953934054227e-01,1.153742036483536459e+00
-8.270008630002753103e-01,1.154757862464253604e+00
-8.252587975384052532e-01,1.155771747710127473e+00
-8.235131391862484662e-01,1.156779425906852454e+00
-8.217626267910413951e-01,1.157778654223433845e+00
-8.200106564027082046e-01,1.158775327670798605e+00
-8.182539909573990355e-01,1.159763680763055360e+00
-8.164931715874911289e-01,1.160744635366003585e+00
-8.147309272911289479e-01,1.161723028560081028e+00
-8.129646084324424482e-01,1.162694003652810615e+00
-8.111929622987785748e-01,1.163655267497627044e+00
-8.094202424447848321e-01,1.164614549308204738e+00
-8.076447881981200227e-01,1.165568728679540200e+00
-8.058626995906319479e-01,1.166510492130380605e+00
-8.040797352951654098e-01,1.167450595241751321e+00
-8.022949539801083052e-01,1.168387235744870578e+00
-8.005029762658686376e-01,1.169310041043237103e+00
-7.987101710453896608e-01,1.170231238163011112e+00
-7.969156836074590133e-01,1.171149151481873041e+00
-7.951145299449610127e-01,1.172053910340556726e+00
-7.933120632024895924e-01,1.172956058081419561e+00
-7.915078173351681734e-01,1.173854643109411455e+00
-7.896980763691383576e-01,1.174742086630649940e+00
-7.878857317029788199e-01,1.175624223248937117e+00
-7.860718504880794821e-01,1.176503194842063227e+00
-7.842543527313911023e-01,1.177374631325285970e+00
-7.824320793343991776e-01,1.178236070742130437e+00
-7.806088428320608896e-01,1.179095468300187743e+00
-7.787841169178112422e-01,1.179951683770628090e+00
-7.769520339031990019e-01,1.180792058704718706e+00
-7.751193359588863796e-01,1.181631090271612949e+00
-7.732859402109738545e-01,1.182468597426098667e+00
-7.714461504270735404e-01,1.183291935835967701e+00
-7.696042094835381375e-01,1.184110475995402867e+00
-7.677610613599770151e-01,1.184926296562006209e+00
-7.659150205497712305e-01,1.185735531448971480e+00
-7.640644383202360723e-01,1.186534342234188300e+00
-7.622117132207961721e-01,1.187328173392674602e+00
-7.603576546765967725e-01,1.188118879718658816e+00
-7.585008611239121290e-01,1.188903133041855797e+00
-7.566387564317514913e-01,1.189674705668191557e+00
-7.547759619687428589e-01,1.190444608803749471e+00
-7.529122896510676011e-01,1.191212387218794522e+00
-7.510428483529872912e-01,1.191965980074724207e+00
-7.491712578569654779e-01,1.192714245690019270e+00
-7.472983701763272757e-01,1.193459262426738610e+00
-7.454235465756683388e-01,1.194199388249248539e+00
-7.435448507025946840e-01,1.194929611510925360e+00
-7.416629954227248467e-01,1.195651677233629417e+00
-7.397800124230007324e-01,1.196370793537590460e+00
-7.378960589435639150e-01,1.197087360249034838e+00
-7.360068248726872042e-01,1.197789882414518337e+00
-7.341154841900662253e-01,1.198486717020888381e+00
-7.322231311111884189e-01,1.199180804139620360e+00
-7.303290530588595342e-01,1.199870170902645805e+00
-7.284314945940751906e-01,1.200549830796942441e+00
-7.265307747668999783e-01,1.201220667841880196e+00
-7.246283422127324236e-01,1.201886631674449646e+00
-7.227249337174246335e-01,1.202549793991704918e+00
-7.208198607951844528e-01,1.203208159052616244e+00
-7.189095143310598734e-01,1.203851063842524161e+00
-7.169981924748852764e-01,1.204491063393680728e+00
-7.150857805415856694e-01,1.205127804156983062e+00
-7.131715548445567432e-01,1.205759067240863569e+00
-7.112543800994751697e-01,1.206381269719679183e+00
-7.093341536399325742e-01,1.206994040921964384e+00
-7.074124365438739792e-01,1.207602117104451089e+00
-7.054898390070656333e-01,1.208207401257208602e+00
-7.035659914385948843e-01,1.208808707115792247e+00
-7.016375881083420918e-01,1.209395191371877676e+00
-6.997075888087377349e-01,1.209976442523272411e+00
-6.977763240753784846e-01,1.210553482150993343e+00
-6.958436475956830680e-01,1.211125769752844361e+00
-6.939098429957556435e-01,1.211694223757576516e+00
-6.919724624935741364e-01,1.212250374541652409e+00
-6.900328563064707099e-01,1.212798712754545871e+00
-6.880922702489274956e-01,1.213343575429621346e+00
-6.861503984203113360e-01,1.213883845735585387e+00
-6.842070766941514837e-01,1.214418869369876086e+00
-6.822617796293446446e-01,1.214946613640013773e+00
-6.803132929253734584e-01,1.215462518443950923e+00
-6.783634486612220016e-01,1.215973260706623149e+00
-6.764127254411614887e-01,1.216480633639814624e+00
-6.744607713324223264e-01,1.216983260101170305e+00
-6.725072525372803867e-01,1.217479760279133627e+00
-6.705514496233918598e-01,1.217967145447376165e+00
-6.685933724687230795e-01,1.218445363032417683e+00
-6.666339179046703034e-01,1.218917897246026394e+00
-6.646736025360437949e-01,1.219386843166034406e+00
-6.627121761809139366e-01,1.219851132790816139e+00
-6.607492954758957815e-01,1.220309227172811317e+00
-6.587846144511551039e-01,1.220759470308035999e+00
-6.568175891382315168e-01,1.221199435784631637e+00
-6.548491442395678597e-01,1.221632999447256784e+00
-6.528798700435807234e-01,1.222062771319366137e+00
-6.509096557161851981e-01,1.222488228375251618e+00
-6.489379705471656212e-01,1.222906811851395936e+00
-6.469653351851455403e-01,1.223320874347740395e+00
-6.449908986144582412e-01,1.223726274207143971e+00
-6.430141685589170208e-01,1.224120348707979034e+00
-6.410366464939485365e-01,1.224510412674957083e+00
-6.390583387579611419e-01,1.224896488702363673e+00
-6.370786076694426869e-01,1.225275201019870863e+00
-6.350980544693182184e-01,1.225649569949961437e+00
-6.331167178596014411e-01,1.226019782256098756e+00
-6.311339640499902259e-01,1.226382336435153819e+00
-6.291491174369939765e-01,1.226733217747455029e+00
-6.271633939765690613e-01,1.227079125404403781e+00
-6.251765336212170565e-01,1.227418454346006271e+00
-6.231887491401580936e-01,1.227752306758908230e+00
-6.212002559500403587e-01,1.228081914892758197e+00
-6.192107515979110577e-01,1.228405381483207881e+00
-6.172202596782124795e-01,1.228722695568363665e+00
-6.152290598189003035e-01,1.229035530102704721e+00
-6.132368203130426076e-01,1.229341694920278893e+00
-6.112427019272580475e-01,1.229635356361378884e+00
-6.092479066197774573e-01,1.229924378997955037e+00
-6.072523879419232662e-01,1.230208392040987864e+00
-6.052558138316367353e-01,1.230484879219437833e+00
-6.032586319143039555e-01,1.230756918700194991e+00
-6.012608434743426100e-01,1.231024498780969312e+00
-5.992619707542394814e-01,1.231283855776455605e+00
-5.972625132174752549e-01,1.231538630759256847e+00
-5.952624796691849962e-01,1.231788866506511537e+00
-5.932615083385643917e-01,1.232031501904408355e+00
-5.912596927165224558e-01,1.232267003120590676e+00
-5.892569352146515005e-01,1.232494398992617146e+00
-5.872533764425578173e-01,1.232714649870126911e+00
-5.852491573888932708e-01,1.232928776591345033e+00
-5.832444527982311167e-01,1.233138307756536989e+00
-5.812391193855503957e-01,1.233341768087471424e+00
-5.792330912896086481e-01,1.233538234701751168e+00
-5.772266143461470822e-01,1.233730045513841578e+00
-5.752196327318301883e-01,1.233916547530109709e+00
-5.732119345601484062e-01,1.234095156401432192e+00
-5.712038262364775854e-01,1.234269054935232868e+00
-5.691953107360343544e-01,1.234438235005686613e+00
-5.671861053418880694e-01,1.234599020223948962e+00
-5.651765129300263535e-01,1.234754834855987804e+00
-5.631665541964284705e-01,1.234905883636021384e+00
-5.611560388777716568e-01,1.235049363097005415e+00
-5.591450038876117912e-01,1.235185261056278572e+00
-5.571335481599282158e-01,1.235314840114780877e+00
-5.551216716680776875e-01,1.235437767669937958e+00
-5.531094004917038731e-01,1.235554002317164723e+00
-5.510968626392306335e-01,1.235665506515495782e+00
-5.490840141266082330e-01,1.235771332162256986e+00
-5.470707807107131337e-01,1.235869526866919754e+00
-5.450573238213708427e-01,1.235962968403258699e+00
-5.430436464230136151e-01,1.236051633715661069e+00
-5.410296097204204679e-01,1.236131722398462474e+00
-5.390153935601110780e-01,1.236207042602302630e+00
-5.370010018532356266e-01,1.236277591824385347e+00
-5.349863537471859498e-01,1.236340450483852660e+00
-5.329715401833918786e-01,1.236397615923899407e+00
-5.309565957370060429e-01,1.236450004042914719e+00
-5.289414840296852161e-01,1.236495644039589559e+00
-5.269262361842572684e-01,1.236534647254963426e+00
-5.249109023611983060e-01,1.236568874728578793e+00
-5.228954744460566628e-01,1.236597309234823028e+00
-5.208799558140730923e-01,1.236618169349627649e+00
-5.188643960723243742e-01,1.236634263383383114e+00
-5.168487990562552481e-01,1.236645527090230345e+00
-5.148331725993658958e-01,1.236648290304289466e+00
-5.128175495792695049e-01,1.236646305297627979e+00
-5.108019340006010323e-01,1.236639574269177810e+00
-5.087863568052878316e-01,1.236625194699932484e+00
-5.067708314035388462e-01,1.236605212560963007e+00
-5.047553572707215164e-01,1.236580511894018741e+00
-5.027399728700314707e-01,1.236549144399180067e+00
-5.007247033100457045e-01,1.236511274724499287e+00
-4.987095278982524582e-01,1.236468722294826295e+00
-4.966944768354341622e-01,1.236420478989455507e+00
-4.946796177439188869e-01,1.236364859106992009e+00
-4.926648944511118344e-01,1.236304600485197192e+00
-4.906503137995194552e-01,1.236239615867717356e+00
-4.886360152991116590e-01,1.236166410742265631e+00
-4.866218927469474487e-01,1.236088619052226445e+00
-4.846079495588348496e-01,1.236006247520883061e+00
-4.825943222444609160e-01,1.235916451969291563e+00
-4.805809434082559672e-01,1.235821327611782872e+00
-4.785677820361638468e-01,1.235721684816540655e+00
-4.765549481322651215e-01,1.235615581670529428e+00
-4.745424495092577244e-01,1.235503351915739012e+00
-4.725302044036356897e-01,1.235386672915474326e+00
-4.705182835134276154e-01,1.235264474168253468e+00
-4.685067806172211191e-01,1.235135604856724356e+00
-4.664958169266995580e-01,1.234998620644133016e+00
-4.644851863117377411e-01,1.234856766026807717e+00
-4.624751226833289652e-01,1.234707098303076789e+00
-4.604653959753529091e-01,1.234553018128149438e+00
-4.584560086351694430e-01,1.234394536129147735e+00
-4.564472147193202045e-01,1.234228689193918038e+00
-4.544388335225623687e-01,1.234057959723947828e+00
-4.524308216923829673e-01,1.233882922523598324e+00
-4.504233799453362108e-01,1.233701440198036625e+00
-4.484164510444435536e-01,1.233514403952289840e+00
-4.464099185206210074e-01,1.233323160977833455e+00
-4.444039210838308107e-01,1.233126355271949359e+00
-4.423985407771580669e-01,1.232923378659701363e+00
-4.403935807344635522e-01,1.232716302843338552e+00
-4.383891106601596199e-01,1.232504505951250495e+00
-4.363853488304629824e-01,1.232286119607741037e+00
-4.343825314952012850e-01,1.232059309231945621e+00
-4.323803991169932748e-01,1.231826449204190821e+00
-4.303791357516351113e-01,1.231586234415401604e+00
-4.283783632711491429e-01,1.231341992137358954e+00
-4.263780768325923787e-01,1.231093782952762838e+00
-4.243786083791207253e-01,1.230839059365612220e+00
-4.223797268015310746e-01,1.230579793445069070e+00
-4.203813457101342466e-01,1.230316689328074142e+00
-4.183837242283840463e-01,1.230047864816677938e+00
-4.163867839572463203e-01,1.229774043507148473e+00
-4.143903374335606848e-01,1.229496642129965567e+00
-4.123949481952811635e-01,1.229211755060312550e+00
-4.104012213203431236e-01,1.228915434696804532e+00
-4.084080174815766795e-01,1.228615624674411766e+00
-4.064154807571918604e-01,1.228311395148797835e+00
-4.044238531004478165e-01,1.228001277603505192e+00
-4.024327791992521886e-01,1.227687634088021618e+00
-4.004422992343789067e-01,1.227370226287682220e+00
-3.984528110314327631e-01,1.227046662847126157e+00
-3.964638769679706409e-01,1.226719723474835488e+00
-3.944754879605748554e-01,1.226389471067342640e+00
-3.924897801270896269e-01,1.226043462570910458e+00
-3.905046990090231818e-01,1.225693889294917183e+00
-3.885201977783462879e-01,1.225341030055403735e+00
-3.865366794238000447e-01,1.224982682264206924e+00
-3.845538465327018041e-01,1.224620572629613990e+00
-3.825715893840795356e-01,1.224255319258896524e+00
-3.805902359821615732e-01,1.223885188337480168e+00
-3.786095238684644704e-01,1.223511647989984796e+00
-3.766315260765216166e-01,1.223124012081937551e+00
-3.746545008737969251e-01,1.222731418717157625e+00
-3.726783124341850884e-01,1.222334642512547642e+00
-3.707027083703612336e-01,1.221934966845800608e+00
-3.687279041421638315e-01,1.221531350118481907e+00
-3.667539722390420476e-01,1.221123494274374721e+00
-3.647805432583410279e-01,1.220713211221370775e+00
-3.628096239174780080e-01,1.220291088723704620e+00
-3.608405870419895134e-01,1.219860218131303409e+00
-3.588721009732447897e-01,1.219426842222471885e+00
-3.569043104895988638e-01,1.218990311794265313e+00
-3.549374830517835755e-01,1.218549465317934288e+00
-3.529712022022590823e-01,1.218106190705104952e+00
-3.510055379113257712e-01,1.217660183869252233e+00
-3.490439694625039335e-01,1.217196501727400904e+00
-3.470829887161767102e-01,1.216730339329122446e+00
-3.451226064180002995e-01,1.216261660924164101e+00
-3.431632275806887344e-01,1.215788805796090832e+00
-3.412043727576988816e-01,1.215313788592688793e+00
-3.392460547684850170e-01,1.214836558191937366e+00
-3.372916040460630094e-01,1.214343776755741233e+00
-3.353384568127309451e-01,1.213845810562211414e+00
-3.333857970648157476e-01,1.213345932531014082e+00
-3.314341151367558580e-01,1.212842250236346286e+00
-3.294829174355001777e-01,1.212336698870184470e+00
-3.275321892048820294e-01,1.211829335572150557e+00
-3.255865323640758646e-01,1.211302859169653967e+00
-3.236413606322696701e-01,1.210774595921452645e+00
-3.216966506518100233e-01,1.210244632705927303e+00
-3.197528026137029245e-01,1.209711516389327723e+00
-3.178093106205303608e-01,1.209177105066232549e+00
-3.158688225298128538e-01,1.208631971109588532e+00
-3.139313191542054127e-01,1.208076238375454858e+00
-3.119942380442120022e-01,1.207519037453368860e+00
-3.100575549146873389e-01,1.206960453082444040e+00
-3.081216098805844572e-01,1.206399315820082530e+00
-3.061875079947878331e-01,1.205831938850944862e+00
-3.042575667441122511e-01,1.205250488142097565e+00
-3.023282352547383423e-01,1.204667017314730249e+00
-3.003992270819881849e-01,1.204082479521122462e+00
-2.984705413505057692e-01,1.203496877650007235e+00
-2.965441061989948501e-01,1.202903996677960441e+00
-2.946221599008320702e-01,1.202296641444417613e+00
-2.927003708048869224e-01,1.201688788770667982e+00
-2.907790764116204851e-01,1.201079374335194183e+00
-2.888579001097611454e-01,1.200469587743973943e+00
-2.869404879303009137e-01,1.199848166719548859e+00
-2.850263608532503934e-01,1.199216600623194351e+00
-2.831123826456065085e-01,1.198584583764770617e+00
-2.811986157018022126e-01,1.197951927233088965e+00
-2.792849110305570259e-01,1.197319082363844656e+00
-2.773780452271419339e-01,1.196665949364952075e+00
-2.754716508840723277e-01,1.196011412268224827e+00
-2.735654036930317834e-01,1.195356446766299374e+00
-2.716591312997179708e-01,1.194701554635662966e+00
-2.697565677527463124e-01,1.194036075704201227e+00
-2.678579752917841228e-01,1.193359241370168577e+00
-2.659593050240405265e-01,1.192682625219669390e+00
-2.640606115558943312e-01,1.192006074174812413e+00
-2.621630399470882278e-01,1.191326447626094964e+00
-2.602723897443917078e-01,1.190627734665293147e+00
-2.583813916342297401e-01,1.189929963678764135e+00
-2.564902267455143048e-01,1.189232644934073990e+00
-2.545988777701741479e-01,1.188535825994263107e+00
-2.527158758897393165e-01,1.187816756224189918e+00
-2.508326197527797619e-01,1.187098352389071687e+00
-2.489491437791810924e-01,1.186380524798770653e+00
-2.470649457726094012e-01,1.185664594582682252e+00
-2.451895350401845086e-01,1.184925978034568450e+00
-2.433140881756849783e-01,1.184187427250453561e+00
-2.414379892706546016e-01,1.183450534615437366e+00
-2.395613654943462845e-01,1.182714981404518140e+00
-2.376942794730799724e-01,1.181955544570640670e+00
-2.358263705263370091e-01,1.181198132554587277e+00
-2.339579466972421529e-01,1.180441991905539556e+00
-2.320902296694034861e-01,1.179684176769327575e+00
-2.302308591030822194e-01,1.178906041039195163e+00
-2.283708068865352991e-01,1.178129534185705651e+00
-2.265096150679757059e-01,1.177355762115387172e+00
-2.246519782402917609e-01,1.176573600718287649e+00
-2.228005209873188397e-01,1.175776817032026411e+00
-2.209474996028182592e-01,1.174983678020764755e+00
-2.190936352507620311e-01,1.174192514966466483e+00
-2.172475517619180119e-01,1.173383477252229357e+00
-2.154031078689523926e-01,1.172570592921959420e+00
-2.135577709753117559e-01,1.171759738551296337e+00
-2.117126575290176338e-01,1.170948448526442753e+00
-2.098770654655445211e-01,1.170115771468152710e+00
-2.080404147505335311e-01,1.169285428149694939e+00
-2.062016521487583520e-01,1.168459770656184116e+00
-2.043700331431277661e-01,1.167618491926300184e+00
-2.025419920590763867e-01,1.166769360607069705e+00
-2.007116100282028692e-01,1.165925289219302163e+00
-1.988826626442792844e-01,1.165078182809698104e+00
-1.970631330930263381e-01,1.164210962875428246e+00
-1.952414570538617555e-01,1.163348266778440276e+00
-1.934185137445634806e-01,1.162488249952865260e+00
-1.916047169127388095e-01,1.161609207866599602e+00
-1.897919491082774024e-01,1.160727950021375410e+00
-1.879774859289659317e-01,1.159850179223729016e+00
-1.861674840713564427e-01,1.158963413835809142e+00
-1.843637994633017252e-01,1.158063711677039143e+00
-1.825573493607735853e-01,1.157169566146739825e+00
-1.807521969770660153e-01,1.156272926697391679e+00
-1.789577493402881858e-01,1.155354934124680932e+00
-1.771592086910183383e-01,1.154444983722075602e+00
-1.753596426214469595e-01,1.153537108349475426e+00
-1.735736878383427051e-01,1.152602697457529635e+00
-1.717837852545068267e-01,1.151675879982742012e+00
-1.699920128857810020e-01,1.150752684364451328e+00
-1.682127004991313679e-01,1.149805742895352090e+00
-1.664318222051082152e-01,1.148861709418793398e+00
-1.646485978636649805e-01,1.147922098249020584e+00
-1.628758446320781872e-01,1.146962963720380424e+00
-1.611040722085128052e-01,1.146001948375100721e+00
-1.593281100911184134e-01,1.145048682011560182e+00
-1.575639156517984196e-01,1.144073898450570725e+00
-1.558013058877711632e-01,1.143096163812728827e+00
-1.540323522189605554e-01,1.142129955347423120e+00
-1.522777498833943199e-01,1.141138046258235006e+00
-1.505223446058568393e-01,1.140147435076251270e+00
-1.487621470045126237e-01,1.139165387951302622e+00
-1.470182115166989434e-01,1.138154829487096453e+00
-1.452695909243246208e-01,1.137152290596976645e+00
-1.435182647856472482e-01,1.136154513579172853e+00
-1.417834827259960018e-01,1.135128243843187557e+00
-1.400438243286698248e-01,1.134110261282470944e+00
-1.383041497136404119e-01,1.133092381992841791e+00
-1.365764364908851891e-01,1.132054227273064040e+00
-1.348458859284055456e-01,1.131020841331399573e+00
-1.331164390757370031e-01,1.129985801453006866e+00
-1.313980977970287678e-01,1.128932244704783594e+00
-1.296761801987732776e-01,1.127884505239507895e+00
-1.279582505414416094e-01,1.126830498233089006e+00
-1.262493334873322215e-01,1.125761718731557615e+00
-1.245324837048028127e-01,1.124705695518504633e+00
-1.228305070534864429e-01,1.123625998699998796e+00
-1.211291621395043094e-01,1.122545173234928084e+00
-1.194207352777124365e-01,1.121475683451004235e+00
-1.177342947006229795e-01,1.120371769012170171e+00
-1.160371295379805934e-01,1.119284392070631240e+00
-1.143470732753805313e-01,1.118186110681355760e+00
-1.126661399941783770e-01,1.117073806088887844e+00
-1.109765817561963047e-01,1.115974703952356872e+00
-1.093061844735084137e-01,1.114846856099827477e+00
-1.076292017723406019e-01,1.113728622254358758e+00
-1.059545419202137934e-01,1.112606958362563292e+00
-1.042934465649196923e-01,1.111465240173648450e+00
-1.026257429180368053e-01,1.110333273910784513e+00
-1.009700959024120714e-01,1.109184000584505059e+00
-9.931546763176492265e-02,1.108033003049097243e+00
-9.765932886118958156e-02,1.106884246798496507e+00
-9.601817894069433756e-02,1.105714063341536546e+00
-9.437315210041358204e-02,1.104549362529722467e+00
-9.273479409316535971e-02,1.103375622098758946e+00
-9.110346666810363592e-02,1.102191857762380600e+00
-8.946568780119809605e-02,1.101017132888448602e+00
-8.784830558522359334e-02,1.099814397707371549e+00
-8.622287740730590067e-02,1.098622449117578670e+00
-8.460846235633856516e-02,1.097415804057833233e+00
-8.300135297320358763e-02,1.096199268964662021e+00
-8.138507374915344983e-02,1.094995320446524811e+00
-7.979284629269818574e-02,1.093759451552468454e+00
-7.818195202844292757e-02,1.092547932724027282e+00
-7.660122368986857500e-02,1.091297529559902557e+00
-7.500829723945159899e-02,1.090062481574664899e+00
-7.342754707336733577e-02,1.088812032153408937e+00
-7.185354439205066113e-02,1.087552955602326454e+00
-7.027347537707125114e-02,1.086301852782514565e+00
-6.871880576147641750e-02,1.085018980774626218e+00
-6.714152220256354442e-02,1.083764136709443715e+00
-6.560484028242140331e-02,1.082459858760470794e+00
-6.404202345534378005e-02,1.081186972167377469e+00
-6.251070562365687588e-02,1.079876807604631006e+00
-6.096458859737287350e-02,1.078583640815963252e+00
-5.943746727433396604e-02,1.077268575703445253e+00
-5.791031097830361823e-02,1.075953071294569297e+00
-5.638820623242656038e-02,1.074631791437567152e+00
-5.488074137214046105e-02,1.073293767559872602e+00
-5.336524381940280226e-02,1.071965128749260199e+00
-5.187756533391497948e-02,1.070605139438238096e+00
-5.037455513954503666e-02,1.069262437705664981e+00
-4.890200597973300145e-02,1.067886306225233062e+00
-4.741637272586972374e-02,1.066524455577615216e+00
-4.595566601014140773e-02,1.065136069950403552e+00
-4.448819260867462044e-02,1.063754724689458087e+00
-4.304031887834753461e-02,1.062353174208297224e+00
-4.159193946451431034e-02,1.060951879496208061e+00
-4.015793394131340899e-02,1.059536292391597634e+00
-3.872978389418437611e-02,1.058114445732589948e+00
-3.731070864873428650e-02,1.056684008007897857e+00
-3.590419409932730371e-02,1.055240803123973503e+00
-3.450111111147207560e-02,1.053794781620737808e+00
-3.311800720815791244e-02,1.052329124192023624e+00
-3.173193838538569678e-02,1.050866894814866948e+00
-3.037453096670354735e-02,1.049377271670169920e+00
-2.900639915638395308e-02,1.047898353735421395e+00
-2.767675929103760243e-02,1.046383488714781151e+00
-2.632823521350579135e-02,1.044886719199180858e+00
-2.501393520986685062e-02,1.043358526245816487e+00
-2.370235403641757568e-02,1.041828418731112649e+00
-2.240075116569024277e-02,1.040289396908917530e+00
-2.113689355431178779e-02,1.038720501831851939e+00
-1.984272291038773062e-02,1.037175224980707577e+00
-1.864043430951941790e-02,1.035558855663306188e+00
-1.736312613701097504e-02,1.034000627009967976e+00
-1.620176490110199555e-02,1.032353205302570132e+00
-1.496595995422855471e-02,1.030763515592486801e+00
-1.380450605754754423e-02,1.029116159210837100e+00
-1.266727577951698956e-02,1.027453842898386149e+00
-1.148934965810213121e-02,1.025818224283070679e+00
-1.045094172810775469e-02,1.024092760055201223e+00
-9.294977373892046937e-03,1.022446302664129059e+00
-8.266515505828167867e-03,1.020712802047395229e+00
-7.322223614725243898e-03,1.018936001862791763e+00
-6.221723189615434649e-03,1.017249099522699929e+00
-5.285366136714651428e-03,1.015469356991559602e+00
-4.453808169758314249e-03,1.013635258007519191e+00
-3.458402129484581221e-03,1.011892035903905418e+00
-2.555133693265726740e-03,1.010101792001202980e+00
-1.862993922055275519e-03,1.008208725510192583e+00
-1.475342834357909732e-03,1.006233720556789724e+00
4.480547277097013392e-04,1.006123726336552338e+00
1.631564537905649120e-03,1.007116107623463375e+00
2.170705882417611841e-03,1.009050346271308962e+00
2.867633148114647357e-03,1.010941081186099710e+00
3.931278118809342428e-03,1.012653219492018808e+00
4.808578410202735479e-03,1.014456442222927857e+00
5.667006803340953261e-03,1.016280135973570031e+00
6.718125551050406832e-03,1.017995153710848255e+00
7.695287899893456067e-03,1.019749982289140933e+00
8.723749767957336004e-03,1.021483482905874540e+00
9.827392468305926054e-03,1.023166045977547345e+00
1.089628921226353485e-02,1.024870370352488624e+00
1.201303283751033874e-02,1.026545388696182393e+00
1.317773165457973399e-02,1.028189522228931452e+00
1.432086600431517129e-02,1.029848542007921752e+00
1.549947364891534653e-02,1.031482594186614810e+00
1.671808365268215302e-02,1.033085617142219581e+00
1.792146629382535689e-02,1.034700713567219710e+00
1.918830068963179106e-02,1.036267128338143495e+00
2.041808615701720328e-02,1.037862225192147880e+00
2.171225680094126392e-02,1.039407502043292464e+00
2.297941863666075682e-02,1.040973616255422396e+00
2.428102150738794401e-02,1.042512638077617293e+00
2.559824758064182387e-02,1.044037931286606158e+00
2.691254758428088603e-02,1.045566124239970307e+00
2.826789146774500924e-02,1.047056968414365574e+00
2.959753133309165479e-02,1.048571833435006262e+00
3.098370942278157181e-02,1.050034142580293706e+00
3.233085187287457196e-02,1.051533464234054360e+00
3.374237771094344696e-02,1.052971588756586696e+00
3.510843278664876194e-02,1.054453699323453231e+00
3.654098227174625013e-02,1.055871084783210900e+00
3.792682955810065121e-02,1.057334705465349023e+00
3.937693798362056075e-02,1.058734190042309509e+00
4.078307549037692159e-02,1.060178328371684797e+00
4.224793160439971329e-02,1.061562323228180560e+00
4.367457850929018504e-02,1.062986204125953904e+00
4.515188015618539635e-02,1.064356806730659910e+00
4.659904953717311504e-02,1.065759824544164180e+00
4.808689952318438016e-02,1.067118892171961431e+00
4.955445098649560731e-02,1.068500576254814982e+00
5.105127994011109116e-02,1.069849775080691012e+00
5.253895842559892088e-02,1.071209764391713115e+00
5.404346624322144133e-02,1.072550603228678234e+00
5.555093110350749208e-02,1.073888627106372784e+00
5.706209884525555859e-02,1.075222414711751284e+00
5.858925514128602435e-02,1.076537919120627240e+00
6.010681917144219955e-02,1.077864273190041189e+00
6.165196233443732965e-02,1.079158557767955218e+00
6.318572843952920126e-02,1.080466130056711771e+00
6.473760703663919425e-02,1.081751928482083347e+00
6.628713914307818311e-02,1.083040789411099158e+00
6.784508642033303116e-02,1.084319122788158563e+00
6.940998181439128611e-02,1.085589320866124030e+00
7.097340557617250190e-02,1.086861185201631219e+00
7.255331555219757256e-02,1.088112716693792725e+00
7.412731823351431659e-02,1.089371793244875208e+00
7.571648154146598531e-02,1.090611560030328331e+00
7.730715542294631926e-02,1.091849455993810114e+00
7.889812447309842158e-02,1.093086550571494842e+00
8.050290058767543833e-02,1.094306050268850861e+00
8.209723527056894676e-02,1.095539051645438855e+00
8.371584273289008060e-02,1.096740116946443022e+00
8.532295211602508589e-02,1.097956652039614456e+00
8.694551134897499090e-02,1.099152366415316440e+00
8.857093952689260030e-02,1.100344315005109319e+00
9.019101389385114631e-02,1.101543203155195050e+00
9.183255469728650311e-02,1.102712834849946644e+00
9.345698391759543755e-02,1.103906144495631292e+00
9.510597858565085494e-02,1.105065053806226549e+00
9.674834192987762094e-02,1.106233557485219343e+00
9.839366589046280587e-02,1.107397704367848235e+00
1.000533159686377710e-01,1.108541522456659711e+00
1.017008207736107561e-01,1.109702704082377034e+00
1.033708420887620577e-01,1.110831107817401797e+00
1.050319374440560477e-01,1.111972826006316417e+00
1.066972334613214002e-01,1.113108333666747107e+00
1.083751878531780677e-01,1.114225126960569634e+00
1.100459742181661704e-01,1.115352547003237937e+00
1.117296641077398373e-01,1.116460377842829255e+00
1.134134504316245129e-01,1.117568315205261786e+00
1.150944911934439208e-01,1.118680441893817878e+00
1.167916563560862930e-01,1.119767818835356810e+00
1.184848093598491747e-01,1.120861382595611078e+00
1.201798918241871739e-01,1.121951726230338453e+00
1.218855471942434376e-01,1.123025687339882506e+00
1.235868921082255850e-01,1.124106512804953217e+00
1.252957619243248721e-01,1.125175183021741798e+00
1.270104728849403286e-01,1.126234645584775595e+00
1.287168910779479536e-01,1.127307443400233256e+00
1.304417114711854675e-01,1.128350309948642272e+00
1.321636290694409577e-01,1.129398049413918192e+00
1.338813038677675593e-01,1.130452594630608765e+00
1.356168311631421319e-01,1.131477616069885395e+00
1.373445443858968829e-01,1.132515770789662923e+00
1.390760925468673415e-01,1.133547395345364750e+00
1.408184369744787667e-01,1.134560802518148392e+00
1.425544250384727374e-01,1.135585037130053543e+00
1.442983732392686680e-01,1.136595461114190631e+00
1.460469938316428518e-01,1.137598000004310439e+00
1.477923203900785576e-01,1.138606234179602161e+00
1.495457155719038811e-01,1.139600166580364782e+00
1.513027638530231866e-01,1.140587841655159806e+00
1.530573917135342188e-01,1.141579819046477873e+00
1.548188326436224227e-01,1.142559444227043475e+00
1.565849281103383617e-01,1.143530845729068712e+00
1.583475378743651185e-01,1.144508580366910389e+00
1.601176685118362031e-01,1.145472485806218188e+00
1.618926732200208496e-01,1.146427522930770326e+00
1.636628157981578346e-01,1.147391552730799624e+00
1.654413849287861837e-01,1.148339831208540662e+00
1.672246092702295295e-01,1.149279442378313698e+00
1.690031335821841896e-01,1.150227913118495593e+00
1.707891504603931132e-01,1.151162046847374887e+00
1.725799321869227465e-01,1.152087173330729852e+00
1.743676888050361973e-01,1.153018118474070874e+00
1.761602644412020857e-01,1.153939579675372640e+00
1.779588050904720997e-01,1.154849530077978192e+00
1.797556801053162012e-01,1.155762753208290139e+00
1.815530041550814933e-01,1.156674988941738036e+00
1.833604621502235854e-01,1.157567085961988429e+00
1.851663231997529580e-01,1.158462415059528405e+00
1.869688547468023598e-01,1.159364434030598190e+00
1.887841611774281891e-01,1.160240419149431546e+00
1.905986243567399374e-01,1.161118189947078161e+00
1.924098513180351189e-01,1.162002616999058935e+00
1.942291848517980757e-01,1.162870116327647363e+00
1.960517216989469402e-01,1.163730998226087721e+00
1.978720607524996622e-01,1.164596512091265135e+00
1.996948417634733242e-01,1.165456775440953052e+00
2.015254735082783466e-01,1.166300307074734421e+00
2.033547037814690261e-01,1.167146867974387714e+00
2.051827448655204889e-01,1.167995999293618192e+00
2.070191304506397711e-01,1.168826842014432987e+00
2.088570574650972234e-01,1.169654353497449728e+00
2.106935221644267442e-01,1.170485109544912694e+00
2.125319504005152293e-01,1.171311391572955829e+00
2.143784612758195263e-01,1.172119569392811034e+00
2.162232774897619725e-01,1.172931610856686291e+00
2.180667772834326001e-01,1.173746632454577554e+00
2.199182703121724536e-01,1.174543212435342987e+00
2.217713374047420027e-01,1.175336244939540808e+00
2.236236430856827218e-01,1.176131051653821924e+00
2.254756824041431740e-01,1.176926454576566305e+00
2.273370649659898213e-01,1.177699766217644051e+00
2.291978266101900585e-01,1.178474570607654037e+00
2.310577411457859498e-01,1.179251407863814771e+00
2.329196663499097930e-01,1.180023307316609538e+00
2.347887709309595117e-01,1.180777763735170849e+00
2.366569082672477786e-01,1.181534613188526039e+00
2.385243281626152068e-01,1.182293229822160230e+00
2.403959282769516648e-01,1.183041350365902078e+00
2.422720980997798423e-01,1.183778062655867824e+00
2.441478755915149623e-01,1.184515772649836984e+00
2.460233224560143539e-01,1.185254323433952095e+00
2.479026237770090568e-01,1.185982883314870007e+00
2.497865017311421687e-01,1.186699654571833795e+00
2.516699759952917281e-01,1.187417486654264165e+00
2.535530174421428695e-01,1.188136453232829348e+00
2.554397836687111178e-01,1.188845485784548073e+00
2.573310449415214807e-01,1.189542543171171252e+00
2.592220928332114593e-01,1.190240179168582602e+00
2.611129768446737165e-01,1.190938259082198414e+00
2.630059042654953605e-01,1.191630687417656542e+00
2.649047339622528363e-01,1.192306855688832545e+00
2.668034212919709325e-01,1.192983423959524281e+00
2.687020840410307421e-01,1.193660061209171896e+00
2.706005355329675344e-01,1.194337290813452190e+00
2.725066531665558123e-01,1.194992619626917163e+00
2.744128715162321153e-01,1.195647669094999976e+00
2.763191969505325307e-01,1.196302406806527108e+00
2.782255779472854740e-01,1.196956982759624477e+00
2.801357036070742934e-01,1.197600443604665443e+00
2.820494394840059593e-01,1.198233194095213339e+00
2.839632192632360885e-01,1.198865811763269784e+00
2.858773434657842505e-01,1.199497386572375701e+00
2.877914887572421976e-01,1.200128897460006616e+00
2.897119635422329975e-01,1.200740858474807826e+00
2.916332383512486581e-01,1.201350334732638858e+00
2.935547610808316166e-01,1.201959028317116873e+00
2.954765501767767644e-01,1.202566880990866505e+00
2.973994640785836974e-01,1.203171122622849420e+00
2.993279977372701461e-01,1.203757224919804969e+00
3.012566834687527284e-01,1.204342826790920196e+00
3.031859787329762579e-01,1.204926417163679320e+00
3.051155779333605822e-01,1.205509001073544972e+00
3.070463663604166560e-01,1.206087588037829894e+00
3.089822936129414388e-01,1.206648786597829925e+00
3.109185575802768664e-01,1.207208820748190581e+00
3.128552572913658736e-01,1.207767347767539690e+00
3.147926956950659050e-01,1.208323306404444075e+00
3.167303984339908118e-01,1.208878342946130280e+00
3.186732080822453628e-01,1.209415208681779541e+00
3.206169998688419009e-01,1.209948529596349687e+00
3.225612183687642243e-01,1.210480290713796592e+00
3.245059512888117115e-01,1.211010170013225640e+00
3.264515321517427182e-01,1.211536926517717827e+00
3.283994405540769934e-01,1.212054917550569266e+00
3.303501772584958029e-01,1.212562248322658132e+00
3.323017951879076448e-01,1.213066177646298760e+00
3.342539095450132169e-01,1.213568177551296978e+00
3.362065734173014797e-01,1.214068039536388532e+00
3.381601464866109685e-01,1.214564335557561936e+00
3.401166850841229605e-01,1.215048725601278745e+00
3.420750030733359925e-01,1.215525956002030172e+00
3.440343101379621515e-01,1.215999108754956648e+00
3.459941544854915341e-01,1.216470026281521344e+00
3.479545378001280831e-01,1.216938700413056296e+00
3.499159957390927667e-01,1.217402856589308469e+00
3.518794342506741946e-01,1.217858469885320094e+00
3.538451351611722195e-01,1.218304314444923486e+00
3.558118435983774197e-01,1.218745694242039823e+00
3.577791520931202784e-01,1.219184384782711961e+00
3.597470251921972562e-01,1.219620540545073073e+00
3.617159192918493194e-01,1.220052066009716052e+00
3.636853754001134753e-01,1.220481013700357886e+00
3.656577326923533544e-01,1.220896378178651043e+00
3.676314478285312437e-01,1.221305287414915730e+00
3.696058639209082175e-01,1.221710790311871575e+00
3.715808548880327744e-01,1.222113486913358749e+00
3.735567629609502505e-01,1.222511664624506000e+00
3.755334480548757625e-01,1.222905958136689675e+00
3.775106847041539981e-01,1.223297479875883109e+00
3.794899838296423300e-01,1.223678388545520912e+00
3.814711073969195287e-01,1.224049741388984369e+00
3.834527651993636099e-01,1.224418229450746631e+00
3.854351976889933695e-01,1.224782536500276908e+00
3.874185133346395582e-01,1.225141996763832175e+00
3.894024085212463016e-01,1.225498240259101923e+00
3.913870180226663997e-01,1.225850494895904585e+00
3.933725826848254448e-01,1.226197318997987562e+00
3.953594731282107366e-01,1.226536379471980798e+00
3.973478875961731216e-01,1.226866479617204631e+00
3.993372809590398642e-01,1.227190625006237434e+00
4.013272281425734889e-01,1.227511339658911238e+00
4.033177298467813809e-01,1.227828609678403460e+00
4.053092400188371691e-01,1.228139488170549631e+00
4.073013240608991392e-01,1.228446649713874184e+00
4.092939605826691474e-01,1.228750218101194225e+00
4.112875187280994882e-01,1.229047680910749785e+00
4.132818318386195511e-01,1.229339995359668203e+00
4.152777882305190293e-01,1.229620905194634517e+00
4.172744701221828834e-01,1.229896621762468945e+00
4.192718281169071637e-01,1.230167378996958050e+00
4.212696930504520321e-01,1.230434370145269130e+00
4.232682438442018080e-01,1.230696196284305488e+00
4.252675333955612813e-01,1.230952304547601628e+00
4.272673173784499734e-01,1.231204515270304833e+00
4.292676904739413657e-01,1.231452034322321420e+00
4.312688587511981919e-01,1.231693029266154538e+00
4.332705053838492582e-01,1.231930000329205077e+00
4.352726433056499644e-01,1.232162813439581006e+00
4.372761529409079917e-01,1.232383485889963159e+00
4.392802593005210032e-01,1.232598666754565420e+00
4.412847897379399975e-01,1.232809882019674230e+00
4.432900332913962127e-01,1.233014226076594833e+00
4.452957487600237574e-01,1.233213851283719409e+00
4.473018740979670116e-01,1.233409327337182892e+00
4.493086046490970542e-01,1.233598511632094885e+00
4.513158497339437303e-01,1.233782123731179459e+00
4.533234793502587956e-01,1.233961482084138250e+00
4.553316092509969160e-01,1.234135184427362475e+00
4.573402856560346286e-01,1.234302421534815952e+00
4.593493181891198929e-01,1.234465307012919233e+00
4.613587509143812770e-01,1.234623225741781072e+00
4.633687499580474989e-01,1.234773750009569238e+00
4.653790738093668833e-01,1.234919831847035576e+00
4.673897189411825859e-01,1.235061474994120889e+00
4.694010267884760057e-01,1.235193362464834133e+00
4.714127446424846157e-01,1.235318801368662012e+00
4.734247281064481450e-01,1.235439934801634720e+00
4.754371200671468345e-01,1.235554113603502202e+00
4.774498151695573678e-01,1.235662753077834797e+00
4.794627476905850560e-01,1.235766910687577269e+00
4.814759936274294883e-01,1.235864885174351890e+00
4.834895420167102387e-01,1.235956373335410641e+00
4.855032907992706814e-01,1.236043314004933391e+00
4.875172681294624444e-01,1.236124883090684579e+00
4.895315320527880432e-01,1.236198997549179612e+00
4.915459574070641380e-01,1.236268506772228104e+00
4.935605406810747442e-01,1.236333404503620947e+00
4.955753734283144252e-01,1.236390036675816706e+00
4.975903295787154623e-01,1.236441927030281107e+00
4.996054027731369196e-01,1.236489157474866429e+00
5.016206378723503390e-01,1.236528978288212288e+00
5.036359738088866944e-01,1.236563089780922331e+00
5.056513845380157246e-01,1.236592501151716039e+00
5.076668830933356302e-01,1.236615387300011415e+00
5.096824434569048323e-01,1.236631587578402414e+00
5.116980352625427608e-01,1.236643055790344059e+00
5.137136552598063899e-01,1.236648906338000842e+00
5.157292812519350678e-01,1.236647090765769841e+00
5.177448945197974384e-01,1.236640519463940047e+00
5.197604910343320839e-01,1.236629190763880448e+00
5.217760218431537478e-01,1.236609347352649380e+00
5.237914947305961633e-01,1.236584667803102944e+00
5.258069061353844997e-01,1.236555216803864932e+00
5.278221943691646656e-01,1.236518182535092159e+00
5.298373637343422038e-01,1.236475353379477227e+00
5.318524266991897509e-01,1.236427746873587141e+00
5.338673250209575727e-01,1.236373497862368831e+00
5.358820273436810666e-01,1.236312504739170537e+00
5.378965784418019425e-01,1.236246736376283906e+00
5.399109395732447636e-01,1.236175270059678200e+00
5.419250118581223630e-01,1.236096125096539433e+00
5.439388884616374042e-01,1.236012214832032940e+00
5.459525655250504483e-01,1.235923542264759645e+00
5.479658465128800504e-01,1.235826290702703112e+00
5.499788876586589881e-01,1.235724284125752970e+00
5.519916855963934443e-01,1.235617534021475006e+00
5.540040658407263674e-01,1.235503148906648807e+00
5.560161130584859723e-01,1.235383116455611718e+00
5.580278725946987706e-01,1.235258340048122516e+00
5.600392020970746954e-01,1.235126765600936594e+00
5.620498751168945262e-01,1.234985574902701666e+00
5.640601878400590685e-01,1.234839340229557436e+00
5.660700658212229897e-01,1.234687193250909365e+00
5.680793592139001813e-01,1.234527538224550858e+00
5.700882675647844788e-01,1.234363138486731293e+00
5.720967656547071289e-01,1.234193746559374194e+00
5.741045443405856652e-01,1.234016036644288494e+00
5.761118979543243812e-01,1.233833632339529807e+00
5.781188236521903612e-01,1.233646542120041323e+00
5.801249973104692925e-01,1.233451540953110381e+00
5.821306518494639981e-01,1.233251313558065165e+00
5.841358406887250387e-01,1.233046457472464441e+00
5.861403022401482366e-01,1.232834579934378727e+00
5.881441199355779137e-01,1.232616730588343756e+00
5.901474232793655350e-01,1.232394202034975850e+00
5.921499074952135677e-01,1.232164392094488470e+00
5.941511015051309519e-01,1.231923630897646227e+00
5.961517099055601010e-01,1.231678054096226438e+00
5.981516462485532148e-01,1.231427030539062439e+00
6.001506309191447786e-01,1.231168550670702855e+00
6.021490255443857631e-01,1.230905567845810733e+00
6.041468068633751853e-01,1.230637933760205582e+00
6.061434916023951125e-01,1.230362240190564282e+00
6.081395569644924004e-01,1.230082125333198606e+00
6.101350018144996445e-01,1.229797601006430652e+00
6.121293510290549689e-01,1.229505489019893760e+00
6.141225907118809113e-01,1.229205967715524705e+00
6.161145339992554204e-01,1.228897891423187394e+00
6.181053283613252569e-01,1.228582461541546378e+00
6.200952467675454605e-01,1.228261574491036789e+00
6.220844684811676073e-01,1.227936391225475266e+00
6.240726611693703241e-01,1.227604957918679185e+00
6.260598533210035566e-01,1.227267595259197375e+00
6.280463277176405734e-01,1.226926032942761813e+00
6.300318360562976450e-01,1.226578880469916699e+00
6.320154580589367743e-01,1.226221151856813130e+00
6.339976634313900794e-01,1.225855634086339130e+00
6.359788530845453813e-01,1.225484627670613946e+00
6.379587578350318644e-01,1.225106832845577864e+00
6.399378843084493340e-01,1.224724992553720693e+00
6.419161413081494461e-01,1.224338654042292474e+00
6.438930015732479140e-01,1.223945235347484228e+00
6.458689092315218483e-01,1.223547082933853947e+00
6.478427800599789732e-01,1.223138933017284158e+00
6.498145922235691874e-01,1.222720944714547953e+00
6.517855749137766441e-01,1.222299078394044614e+00
6.537557322474236710e-01,1.221873359760308864e+00
6.557243565371566607e-01,1.221440605085984954e+00
6.576920905616460145e-01,1.221003835640084079e+00
6.596589324107700048e-01,1.220563060288983204e+00
6.616220672858735830e-01,1.220106048621263151e+00
6.635841884159437987e-01,1.219644718600271460e+00
6.655454327248007118e-01,1.219179665994850836e+00
6.675051865774193072e-01,1.218708366685047118e+00
6.694638957139809055e-01,1.218232756740026623e+00
6.714216465167415215e-01,1.217753217147399925e+00
6.733759248311159684e-01,1.217259713461338988e+00
6.753285723898444504e-01,1.216759802094294241e+00
6.772802587048332157e-01,1.216256142984321942e+00
6.792304788175276276e-01,1.215746830001646295e+00
6.811795524416744962e-01,1.215233157142688425e+00
6.831274849958171025e-01,1.214715187829552567e+00
6.850712266555052388e-01,1.214181683787703747e+00
6.870137170909220714e-01,1.213643652003207452e+00
6.889552879892503201e-01,1.213102306869084934e+00
6.908953866696788682e-01,1.212555703436531962e+00
6.928340167609587930e-01,1.212003926980393942e+00
6.947699870448356130e-01,1.211442906767732142e+00
6.967030500206498056e-01,1.210871920135824897e+00
6.986349270365173059e-01,1.210296941489064526e+00
7.005659201161708038e-01,1.209718997763431281e+00
7.024953956067225835e-01,1.209136003309224661e+00
7.044212968716297985e-01,1.208541378156787749e+00
7.063449084349724405e-01,1.207939321198969074e+00
7.082669303080239009e-01,1.207332204964799649e+00
7.101878491979489727e-01,1.206721614692822797e+00
7.121077715107404504e-01,1.206107898598605344e+00
7.140227061458848112e-01,1.205478793056625531e+00
7.159360019123215402e-01,1.204844721524443552e+00
7.178483157735776610e-01,1.204207687574559982e+00
7.197589416597945933e-01,1.203565607419755157e+00
7.216670935754024852e-01,1.202916259677111466e+00
7.235716675495256212e-01,1.202256444493036813e+00
7.254741484289025655e-01,1.201590618159910084e+00
7.273757980533092082e-01,1.200922426661747311e+00
7.292765178804849757e-01,1.200251589616809555e+00
7.311711235405846665e-01,1.199563691768107176e+00
7.330644763818899845e-01,1.198872340479469001e+00
7.349567544204894665e-01,1.198178048014499231e+00
7.368471018565816433e-01,1.197478519689649579e+00
7.387338552743667464e-01,1.196769388676820034e+00
7.406173999843895794e-01,1.196051741460130824e+00
7.424996318961314401e-01,1.195330660773823439e+00
7.443807726274863645e-01,1.194606744643596175e+00
7.462573192983410486e-01,1.193871005541074393e+00
7.481310198284958357e-01,1.193128042389839383e+00
7.500036714712391417e-01,1.192382434481708664e+00
7.518746486193178535e-01,1.191632632698807148e+00
7.537408423310340000e-01,1.190871047779788805e+00
7.556045074835628927e-01,1.190103252022539415e+00
7.574666121757229753e-01,1.189331679396203656e+00
7.593272206710802719e-01,1.188556518084956881e+00
7.611823761312653813e-01,1.187768384813829625e+00
7.630353989791910374e-01,1.186975251407641263e+00
7.648873716012005719e-01,1.186179671633098343e+00
7.667364404393407495e-01,1.185377372731840184e+00
7.685804893800584070e-01,1.184563598511270355e+00
7.704233863394367443e-01,1.183747212109996561e+00
7.722648132124326770e-01,1.182927513827892296e+00
7.741010325133956815e-01,1.182096257937681250e+00
7.759344282613083177e-01,1.181258750783195532e+00
7.777665425897757334e-01,1.180418444256935206e+00
7.795958990683007350e-01,1.179572194422939369e+00
7.814196450229811131e-01,1.178713876943761951e+00
7.832422268546418431e-01,1.177853091432577992e+00
7.850637469947654434e-01,1.176990067858434852e+00
7.868783817388057544e-01,1.176112657394815075e+00
7.886914651014568234e-01,1.175232042363785645e+00
7.905038097676161390e-01,1.174349905745498024e+00
7.923099501642651976e-01,1.173455149579321066e+00
7.941134859619766173e-01,1.172555142630804514e+00
7.959158070579154254e-01,1.171652703231502501e+00
7.977137086057833892e-01,1.170741517959898115e+00
7.995075385098787679e-01,1.169822316885538616e+00
8.012997659222702573e-01,1.168899994217190486e+00
8.030890748165585569e-01,1.167972049631686549e+00
8.048727010206561117e-01,1.167033201525584207e+00
8.066549817303985126e-01,1.166091802308308445e+00
8.084355304825636690e-01,1.165147151613979970e+00
8.102084467311005955e-01,1.164188232337943552e+00
8.119806019165782818e-01,1.163227908177416614e+00
8.137519363484395640e-01,1.162266073227496754e+00
8.155143870338407153e-01,1.161288053862370218e+00
8.172761282591712861e-01,1.160308756361549509e+00
8.190362639013654134e-01,1.159326578981471956e+00
8.207895485645465561e-01,1.158332225925909231e+00
8.225415189528801907e-01,1.157335552478544249e+00
8.242899805208453445e-01,1.156332743655877016e+00
8.260334641402317102e-01,1.155321300402491591e+00
8.277752091617068819e-01,1.154306863375149650e+00
8.295128390765525994e-01,1.153285419049376426e+00
8.312455039797687073e-01,1.152255549865722983e+00
8.329765827871568051e-01,1.151223017035349461e+00
8.347038788153346989e-01,1.150184200105233590e+00
8.364252773478902947e-01,1.149135608051863322e+00
8.381452965989262260e-01,1.148084757355767982e+00
8.398607036155489869e-01,1.147026401961303010e+00
8.415722581562924409e-01,1.145961818898092233e+00
8.432826944257963975e-01,1.144895444075159086e+00
8.449844931322212371e-01,1.143815334765900804e+00
8.466851785457623070e-01,1.142733473348244599e+00
8.483834026688585883e-01,1.141647760075091389e+00
8.500750707311863774e-01,1.140551853946039085e+00
8.517657681590424801e-01,1.139454448696718192e+00
8.534495820522846055e-01,1.138346520044125176e+00
8.551306601564888643e-01,1.137234435760079654e+00
8.568102876128490530e-01,1.136120160436160154e+00
8.584822915315740710e-01,1.134994482607115218e+00
8.601527668613033750e-01,1.133866532973911490e+00
8.618178165568112226e-01,1.132730606135982088e+00
8.634788690271276712e-01,1.131588826137648773e+00
8.651378371948753587e-01,1.130444019245340659e+00
8.667908573545641815e-01,1.129290649961920190e+00
8.684410689358172952e-01,1.128133256364489023e+00
8.700867789213913017e-01,1.126969496055423958e+00
8.717269769625203280e-01,1.125797954938707823e+00
8.733652100972122412e-01,1.124623669013094185e+00
8.749979214825982510e-01,1.123441721038633823e+00
8.766273964581281497e-01,1.122255310693771158e+00
8.782534916168606154e-01,1.121064293599547179e+00
8.798728711505083844e-01,1.119864140222566196e+00
8.814907937887829226e-01,1.118662026859994940e+00
8.831010480734257095e-01,1.117449657823699427e+00
8.847095581249377894e-01,1.116234977319886301e+00
8.863135834189884710e-01,1.115014387721062761e+00
8.879129790170513514e-01,1.113787730253878117e+00
8.895105466349721990e-01,1.112558697988498047e+00
8.910995492929522088e-01,1.111318606031482803e+00
8.926878964798993232e-01,1.110077676427578375e+00
8.942678571616480276e-01,1.108826088412176336e+00
8.958461404766394631e-01,1.107572383910975899e+00
8.974191240484484799e-01,1.106312043016711488e+00
8.989880535945227180e-01,1.105046652860970591e+00
9.005538401966570738e-01,1.103777379731992969e+00
9.021133130691364466e-01,1.102500353302989566e+00
9.036715050047102737e-01,1.101221761853703240e+00
9.052211682683791727e-01,1.099932851569396686e+00
9.067696001202937284e-01,1.098642457442683629e+00
9.083101743248461757e-01,1.097342706316282390e+00
9.098483991199085574e-01,1.096040161621412157e+00
9.113805990178160954e-01,1.094730544114755899e+00
9.129094005572058190e-01,1.093416952595098079e+00
9.144333828533010022e-01,1.092097778442642442e+00
9.159525397696542948e-01,1.090773045627945637e+00
9.174682588883162904e-01,1.089444381386778016e+00
9.189777096138711521e-01,1.088108600073030452e+00
9.204843313918417147e-01,1.086769626951410883e+00
9.219846627354579827e-01,1.085423615301048139e+00
9.234817004450855960e-01,1.084073935228500707e+00
9.249731645786579692e-01,1.082718109985693289e+00
9.264605399374525874e-01,1.081357789161648597e+00
9.279429941124667236e-01,1.079992121993804233e+00
9.294206329723690985e-01,1.078621231187800511e+00
9.308938215526175730e-01,1.077245577577384372e+00
9.323613499789816794e-01,1.075863869026316921e+00
9.338250206080764837e-01,1.074478091483447306e+00
9.352825177382018129e-01,1.073085805479080612e+00
9.367367713356071768e-01,1.071690145078008971e+00
9.381844745400157448e-01,1.070287678096499162e+00
9.396293863640565736e-01,1.068882346021456708e+00
9.410672416405144736e-01,1.067469784374576403e+00
9.425027272026820224e-01,1.066054822998500295e+00
9.439306850819725314e-01,1.064632256832289237e+00
9.453566720042536620e-01,1.063207721505447845e+00
9.467746876255982436e-01,1.061775244664483919e+00
9.481911159856016846e-01,1.060341203379175479e+00
9.495991491623578806e-01,1.058898913264312736e+00
9.510059717986306671e-01,1.057455446283406264e+00
9.524039870740436120e-01,1.056003443703522615e+00
9.538011698500145075e-01,1.054550643155157452e+00
9.551891365428615277e-01,1.053089032173457396e+00
9.565766340995116579e-01,1.051626978706252658e+00
9.579538875095895412e-01,1.050155268392804597e+00
9.593308030675284925e-01,1.048683243122598086e+00
9.606980338093845662e-01,1.047202217836793681e+00
9.620644502582516022e-01,1.045720442044536957e+00
9.634220407292308774e-01,1.044230576325811510e+00
9.647779442117158100e-01,1.042739175176503608e+00
9.661259807230732077e-01,1.041240660464162415e+00
9.674713020857743651e-01,1.039739707340734842e+00
9.688098805185516582e-01,1.038232738405072686e+00
9.701445602572017490e-01,1.036722315202588174e+00
9.714737859430602196e-01,1.035207089775676437e+00
9.727977742741674705e-01,1.033687286502578573e+00
9.741177618503952251e-01,1.032164004907987875e+00
9.754310187518637765e-01,1.030634919274483474e+00
9.767413256265389254e-01,1.029103301144382421e+00
9.780443872123685267e-01,1.027565521053364739e+00
9.793444872246952482e-01,1.026025229470506561e+00
9.806366644081292439e-01,1.024478304027169662e+00
9.819245138138633644e-01,1.022927755056505683e+00
9.832064099285416914e-01,1.021372289347640239e+00
9.844838989510341642e-01,1.019813193455884281e+00
9.857563364802774952e-01,1.018249975047940126e+00
9.870233313969323241e-01,1.016682339690962555e+00
9.882855926913086675e-01,1.015110889842256947e+00
9.895426540109685254e-01,1.013535282451788033e+00
9.907947262219045648e-01,1.011955702323754647e+00
9.920418507713396616e-01,1.010372228884753643e+00
9.932816659752347066e-01,1.008783010063298624e+00
9.945179444441520911e-01,1.007191045893508274e+00
9.957467264813085750e-01,1.005593280920979327e+00
9.969723067198772437e-01,1.003993060962528938e+00
9.981922233367152009e-01,1.002388519713467430e+00
9.994068112266919490e-01,1.000779939335499469e+00
1.000618390493656529e+00,9.991690965738337926e-01
1.001820525989485899e+00,9.975511879077025856e-01
1.003021041093431931e+00,9.959320800190134548e-01
1.004211659698576842e+00,9.943056782670778304e-01
1.005399878039795913e+00,9.926775234257766423e-01
1.006582989097129177e+00,9.910456552463798863e-01
1.007760242247611959e+00,9.894095539685002771e-01
1.008936084189964832e+00,9.877724366483361385e-01
1.010099257311893206e+00,9.861262959156220642e-01
1.011261076156722449e+00,9.844791981227113409e-01
1.012415847987963691e+00,9.828271547661150409e-01
1.013566208693590154e+00,9.811720345605366989e-01
1.014714096973913904e+00,9.795151970011574116e-01
1.015852163410721820e+00,9.778516027500503416e-01
1.016987663319701918e+00,9.761862504873196622e-01
1.018115545127343591e+00,9.745157364314126491e-01
1.019238651000167195e+00,9.728420013659488941e-01
1.020358530700342881e+00,9.711661052893936219e-01
1.021470968273454627e+00,9.694852687871787777e-01
1.022578509212472397e+00,9.678011929959283721e-01
1.023680915316154127e+00,9.661137591191858442e-01
1.024776353168223020e+00,9.644217856812939971e-01
1.025868531177024812e+00,9.627277064188296540e-01
1.026955652855572998e+00,9.610303894092676602e-01
1.028034314895850621e+00,9.593276720501195953e-01
1.029110404458267070e+00,9.576233302831854699e-01
1.030178962520272412e+00,9.559142562637519269e-01
1.031243761896859068e+00,9.542028363144982039e-01
1.032306382521499755e+00,9.524900701572227568e-01
1.033355429332012188e+00,9.507689487229152858e-01
1.034403226344472460e+00,9.490470669962935979e-01
1.035447330783900277e+00,9.473229462375590826e-01
1.036482781718535362e+00,9.455936138904043053e-01
1.037516360701361551e+00,9.438631600903102381e-01
1.038541021788979668e+00,9.421274141104516442e-01
1.039561356250285895e+00,9.403891181001902133e-01
1.040579828131524165e+00,9.386497293485294158e-01
1.041587967117415303e+00,9.369043498859296326e-01
1.042591024125009147e+00,9.351560265214354795e-01
1.043591710778277282e+00,9.334063452863956556e-01
1.044584947950089493e+00,9.316524358096004432e-01
1.045571836669315191e+00,9.298949350675976833e-01
1.046555678754655938e+00,9.281357284159086340e-01
1.047532883764216161e+00,9.263728286100311182e-01
1.048503511977639358e+00,9.246062955439421360e-01
1.049471658784687733e+00,9.228384045619067999e-01
1.050431142672469287e+00,9.210657964689644706e-01
1.051386117219166527e+00,9.192907533391846409e-01
1.052339212544497471e+00,9.175147016365902131e-01
1.053281063138794105e+00,9.157326621321757454e-01
1.054219696236441628e+00,9.139489235428069902e-01
1.055156844688501128e+00,9.121644037247378378e-01
1.056082666414623672e+00,9.103739912121501243e-01
1.057004341743892795e+00,9.085814311381086306e-01
1.057924294832976120e+00,9.067879862640845223e-01
1.058835731341823516e+00,9.049902159363906184e-01
1.059740192428489491e+00,9.031889085375878201e-01
1.060642669086704348e+00,9.013866061012159037e-01
1.061540125136936519e+00,8.995818138051623336e-01
1.062426974744246522e+00,8.977717707183013873e-01
1.063312177938337211e+00,8.959609221542357282e-01
1.064195464734984942e+00,8.941491413092541585e-01
1.065065202464502203e+00,8.923308146503783345e-01
1.065933086692480547e+00,8.905116024597033997e-01
1.066799800558892564e+00,8.886918317939189738e-01
1.067654942038433141e+00,8.868665995608024932e-01
1.068505716708060049e+00,8.850393237514767586e-01
1.069354186932497175e+00,8.832109757319464016e-01
1.070196350837267829e+00,8.813797200177139191e-01
1.071030446445359496e+00,8.795447709606477593e-01
1.071860454162477216e+00,8.777079679249891742e-01
1.072687348454814726e+00,8.758697632677858724e-01
1.073507712308829243e+00,8.740286366322349565e-01
1.074319058118026637e+00,8.721835143652354461e-01
1.075129011550004954e+00,8.703377812500894262e-01
1.075936801177145297e+00,8.684911001582203971e-01
1.076730514233089853e+00,8.666383274855775642e-01
1.077522323878633559e+00,8.647847379077934216e-01
1.078312473409735350e+00,8.629304396791429577e-01
1.079094035522088602e+00,8.610725170498375602e-01
1.079868514021259829e+00,8.592116198164615470e-01
1.080639480941490760e+00,8.573492642622804194e-01
1.081407283380896533e+00,8.554856039726858041e-01
1.082168675840153638e+00,8.536193179007955933e-01
1.082920327925480430e+00,8.517490833313084986e-01
1.083670660956801868e+00,8.498783197595021210e-01
1.084419555395070178e+00,8.480069792446277566e-01
1.085155195796328353e+00,8.461303955033693258e-01
1.085886896765870802e+00,8.442522666615734916e-01
1.086616188603257038e+00,8.423731999735081244e-01
1.087341290874843658e+00,8.404925137899372789e-01
1.088058461307621405e+00,8.386087962751413993e-01
1.088768070514394060e+00,8.367222086212164900e-01
1.089475375437676918e+00,8.348347564446124691e-01
1.090180406197856611e+00,8.329464556565017164e-01
1.090875249723681550e+00,8.310543829123995252e-01
1.091563835099117252e+00,8.291600229491159491e-01
1.092250002658659680e+00,8.272647839150134574e-01
1.092933185511183014e+00,8.253684665912792706e-01
1.093608599931539471e+00,8.234693832124326818e-01
1.094275872048666942e+00,8.215674091950069258e-01
1.094938957060831664e+00,8.196639711295783393e-01
1.095600193541094836e+00,8.177598910525375464e-01
1.096259701974986900e+00,8.158552108095817879e-01
1.096902924175619187e+00,8.139449700617478189e-01
1.097544193605022755e+00,8.120340729339327046e-01
1.098183453371992080e+00,8.101225015508515259e-01
1.098819107955355978e+00,8.082097285527721775e-01
1.099447608217729577e+00,8.062946113189795039e-01
1.100066663492191843e+00,8.043764015365427733e-01
1.100682173329702529e+00,8.024570515657499792e-01
1.101295763340108813e+00,8.005370876687760706e-01
1.101906897597657142e+00,7.986163396057729402e-01
1.102505571289150277e+00,7.966916796276877211e-01
1.103099379358574605e+00,7.947655061197633763e-01
1.103690088612804487e+00,7.928383785216935875e-01
1.104277269493316727e+00,7.909101735768303554e-01
1.104861192464810626e+00,7.889809827095974892e-01
1.105435299272291338e+00,7.870488460955818999e-01
1.106002505700395933e+00,7.851146722368835817e-01
1.106567184126596048e+00,7.831797582944417524e-01
1.107128904487775900e+00,7.812439823678132278e-01
1.107686188926309434e+00,7.793069259631788537e-01
1.108236116775094482e+00,7.773677781992158753e-01
1.108777415624523144e+00,7.754261928269278181e-01
1.109315010783231470e+00,7.734835795591172847e-01
1.109850314103837832e+00,7.715403339102703262e-01
1.110382482358438949e+00,7.695962261069128063e-01
1.110907541218551176e+00,7.676501904504301477e-01
1.111423972980721819e+00,7.657018462865723407e-01
1.111935675395818279e+00,7.637522517541976974e-01
1.112443429589316857e+00,7.618016260913609283e-01
1.112948754096118265e+00,7.598503701272827371e-01
1.113450896498225928e+00,7.578982914377109248e-01
1.113943533427100396e+00,7.559437986177247604e-01
1.114429290880574408e+00,7.539875807809713892e-01
1.114910995682296013e+00,7.520303585947393232e-01
1.115388391581028316e+00,7.500720816999663088e-01
1.115863224640425866e+00,7.481131826462059653e-01
1.116334966190149602e+00,7.461535352002236499e-01
1.116797834696799274e+00,7.441917771417950744e-01
1.117253274931131024e+00,7.422282801707001942e-01
1.117704683217202177e+00,7.402638492705304607e-01
1.118151304915427025e+00,7.382983250500364525e-01
1.118595237352102201e+00,7.363321930131957460e-01
1.119036310306039450e+00,7.343654157376544589e-01
1.119471444912319313e+00,7.323973164307246986e-01
1.119897922306208216e+00,7.304273315201879058e-01
1.120318779647664131e+00,7.284561296174419942e-01
1.120734389697004119e+00,7.264838146098511196e-01
1.121147127395617282e+00,7.245108984078832970e-01
1.121557051505648994e+00,7.225373942417377959e-01
1.121961898261409241e+00,7.205628418097598242e-01
1.122362582781336826e+00,7.185874437817114657e-01
1.122755807150672025e+00,7.166105476045866451e-01
1.123140710407373843e+00,7.146320108510093583e-01
1.123522084635260265e+00,7.126527926553672954e-01
1.123900538388642456e+00,7.106730132601034589e-01
1.124274387242979900e+00,7.086923580058023253e-01
1.124644320958623878e+00,7.067109694900404193e-01
1.125011161218204325e+00,7.047290059396503770e-01
1.125373280871992065e+00,7.027461727246220313e-01
1.125724162267048412e+00,7.007613243538539649e-01
1.126071124143003477e+00,6.987757844372853855e-01
1.126414092304034664e+00,6.967895490426772032e-01
1.126752322108938387e+00,6.948025024759475476e-01
1.127087483255085232e+00,6.928149367965364958e-01
1.127418989372271918e+00,6.908267562472532042e-01
1.127745283562636702e+00,6.888377144675730257e-01
1.128068161314545570e+00,6.868481171514708716e-01
1.128386144077143216e+00,6.848577299613785030e-01
1.128692898012519263e+00,6.828655807709689274e-01
1.128996442262799382e+00,6.808729417243585269e-01
1.129296836369080514e+00,6.788798235932885783e-01
1.129591651770060601e+00,6.768858722193518140e-01
1.129882976404394057e+00,6.748914100049012710e-01
1.130171101571146641e+00,6.728964819392920793e-01
1.130454056387065309e+00,6.709008129350670924e-01
1.130732992188813846e+00,6.689045802403176255e-01
1.131008481857884940e+00,6.669078690963570200e-01
1.131277516473362388e+00,6.649102766364315409e-01
1.131537811172036001e+00,6.629115285935148760e-01
1.131794431363835729e+00,6.609123045894647053e-01
1.132046848807190198e+00,6.589125436946148273e-01
1.132294185234791417e+00,6.569121492300963316e-01
1.132538228488075172e+00,6.549113513250216512e-01
1.132778562519396681e+00,6.529101022761364392e-01
1.133013220785433095e+00,6.509081803645272446e-01
1.133244545160619232e+00,6.489058722507315968e-01
1.133472529906886850e+00,6.469031790007551130e-01
1.133694521297444302e+00,6.448998123281776129e-01
1.133912990887413041e+00,6.428960608954049638e-01
1.134127759828365889e+00,6.408919092307469034e-01
1.134332227869997656e+00,6.388866783158079210e-01
1.134532543966112916e+00,6.368810305590200116e-01
1.134729462201378158e+00,6.348750457590982554e-01
1.134921560185341072e+00,6.328685920300434198e-01
1.135108961287290441e+00,6.308616958901089866e-01
1.135292974999264404e+00,6.288544866593960281e-01
1.135472740838011640e+00,6.268468904735323699e-01
1.135647166216678494e+00,6.248388243930009800e-01
1.135818175637958172e+00,6.228304657210521622e-01
1.135985529999222532e+00,6.208217968284654997e-01
1.136146885918946747e+00,6.188126375387095202e-01
1.136304799918893327e+00,6.168032068853530614e-01
1.136459268105642684e+00,6.147935065576293212e-01
1.136607872477714887e+00,6.127833635421008340e-01
1.136752609140730286e+00,6.107729406722053334e-01
1.136893837921939099e+00,6.087622674870555306e-01
1.137029630308654671e+00,6.067512183504130130e-01
1.137158024178329230e+00,6.047396861701119786e-01
1.137282634831819461e+00,6.027279151130989776e-01
1.137402746258966424e+00,6.007158685312958823e-01
1.137517749572411807e+00,5.987035248999615922e-01
1.137629325892162813e+00,5.966909892195035869e-01
1.137737048214771507e+00,5.946782413208614448e-01
1.137838990737149780e+00,5.926651930195174778e-01
1.137937496150002392e+00,5.906519753879464485e-01
1.138032562604996301e+00,5.886385903965933863e-01
1.138121657744683546e+00,5.866249319701563048e-01
1.138207067130974304e+00,5.846111161651745824e-01
1.138289031463508127e+00,5.825971560881667566e-01
1.138365693344587370e+00,5.805829859964745099e-01
1.138437993538415460e+00,5.785686566343388737e-01
1.138506846220714630e+00,5.765542063020930863e-01
1.138571074336248268e+00,5.745396013900931909e-01
1.138630264609246101e+00,5.725248436419092535e-01
1.138686008694626217e+00,5.705099883497511959e-01
1.138737812897403945e+00,5.684950256883473108e-01
1.138783905423208065e+00,5.664799249805867465e-01
1.138826557002837303e+00,5.644647501845379001e-01
1.138865767815296692e+00,5.624495034071604893e-01
1.138898978158253916e+00,5.604341485313641957e-01
1.138928566794904063e+00,5.584187395299318180e-01
1.138954724594120727e+00,5.564032819258570850e-01
1.138975583284999926e+00,5.543877613684589090e-01
1.138992152421130166e+00,5.523722029720052884e-01
1.139005304827881426e+00,5.503566191606414915e-01
1.139013860693361302e+00,5.483410088313750430e-01
1.139017468030987024e+00,5.463253850208111828e-01
1.139017677029549480e+00,5.443097586861498360e-01
1.139013990744753180e+00,5.422941335688273856e-01
1.139004708594693716e+00,5.402785271455846638e-01
1.138992050870697215e+00,5.382629406840587771e-01
1.138976019972779419e+00,5.362473762017812007e-01
1.138954110841861489e+00,5.342318667891861050e-01
1.138928678086593926e+00,5.322164009516859862e-01
1.138899900051521419e+00,5.302009789874680967e-01
1.138865954111534018e+00,5.281856363676058486e-01
1.138827853290743430e+00,5.261703698979919297e-01
1.138786439608800771e+00,5.241551685521612658e-01
1.138740561108467997e+00,5.221400622607992315e-01
1.138689914693935767e+00,5.201250715333521901e-01
1.138635992412287745e+00,5.181101664274511132e-01
1.138578298561055968e+00,5.160953638014337264e-01
1.138515244723460551e+00,5.140807224598085146e-01
1.138448956625402353e+00,5.120661863769635502e-01
1.138379438851859549e+00,5.100517572530108845e-01
1.138304270538756491e+00,5.080375308687665736e-01
1.138225775282796226e+00,5.060234333990950573e-01
1.138144097236994501e+00,5.040094614187464739e-01
1.138057464440436428e+00,5.019956955532999254e-01
1.137966936658392658e+00,4.999821027470877643e-01
1.137873277603926869e+00,4.979686528766550380e-01
1.137775344170312897e+00,4.959554049423807176e-01
1.137672974523898706e+00,4.939423789737536485e-01
1.137567529746126516e+00,4.919295122065038273e-01
1.137458473100752432e+00,4.899168361644207770e-01
1.137344468296413558e+00,4.879044350082258341e-01
1.137227449103525245e+00,4.858922080464296300e-01
1.137107426938453347e+00,4.838801561768353299e-01
1.136980605709288605e+00,4.818685230221360083e-01
1.136847877932956719e+00,4.798572708548290988e-01
1.136712322440606382e+00,4.778462064824864353e-01
1.136571895117278297e+00,4.758354756777444794e-01
1.136427864867783688e+00,4.738250013859081067e-01
1.136280852546013964e+00,4.718147425269924589e-01
1.136129625954927391e+00,4.698047950847869525e-01
1.135974327932478545e+00,4.677951593836677802e-01
1.135816123056877514e+00,4.657857506622381516e-01
1.135654336665612441e+00,4.637766256372879425e-01
1.135488046911880433e+00,4.617678690997842339e-01
1.135318930102774182e+00,4.597593494261018043e-01
1.135146837639489759e+00,4.577510809215545873e-01
1.134969848419634442e+00,4.557432382371752744e-01
1.134790116431048990e+00,4.537356405778278368e-01
1.134607650224692232e+00,4.517282884073393068e-01
1.134420605358058110e+00,4.497213573123235997e-01
1.134230772883862759e+00,4.477146891841632947e-01
1.134035033952523808e+00,4.457085934632527557e-01
1.133831675168829545e+00,4.437032497502266248e-01
1.133624816381572087e+00,4.416982652887784244e-01
1.133415294321616473e+00,4.396935572889690835e-01
1.133202212715110013e+00,4.376892233768553409e-01
1.132985294221025674e+00,4.356853019572072827e-01
1.132765811445789028e+00,4.336816601542449190e-01
1.132543327736470928e+00,4.316783480963355957e-01
1.132316713549710752e+00,4.296754995379595821e-01
1.132087638272735841e+00,4.276729317699825561e-01
1.131856087334591088e+00,4.256706474831431497e-01
1.131620156810710043e+00,4.236688745481673735e-01
1.131382035812587672e+00,4.216673619858170574e-01
1.131138797182952072e+00,4.196664708335601235e-01
1.130885601678618402e+00,4.176668083023160616e-01
1.130629677212351858e+00,4.156674943196573824e-01
1.130371410456658898e+00,4.136684810947668378e-01
1.130109630451560765e+00,4.116699242576440376e-01
1.129844884084894252e+00,4.096717590990859303e-01
1.129577912919919047e+00,4.076738898825148505e-01
1.129307938494966912e+00,4.056764234842624717e-01
1.129034805553469800e+00,4.036793871643682974e-01
1.128759569039186728e+00,4.016826398909942863e-01
1.128481803835952535e+00,3.996862419611837969e-01
1.128197691237581957e+00,3.976907478498968307e-01
1.127903613958357809e+00,3.956966879887410249e-01
1.127607895762391177e+00,3.937028703062899759e-01
1.127308582524932046e+00,3.917095892696454973e-01
1.127007314038964036e+00,3.897166035312791266e-01
1.126704100535447228e+00,3.877239120673526274e-01
1.126397528061156894e+00,3.857317344848344431e-01
1.126088988546666281e+00,3.837398613203718001e-01
1.125778659714603336e+00,3.817482656799363605e-01
1.125465601137200844e+00,3.797570970458444828e-01
1.125141040612418486e+00,3.777677823606139795e-01
1.124811915025564657e+00,3.757792067689912918e-01
1.124480173425590035e+00,3.737910654980743930e-01
1.124146169461683886e+00,3.718033035458098157e-01
1.123810533547242363e+00,3.698158164486001209e-01
1.123472694461635779e+00,3.678287022207522017e-01
1.123132577784612396e+00,3.658419769033354751e-01
1.122791124305415389e+00,3.638554808587348144e-01
1.122446835647414209e+00,3.618694791646628883e-01
1.122087107970884068e+00,3.598862105996666894e-01
1.121726321188416309e+00,3.579031348695634329e-01
1.121363930102474482e+00,3.559203512446788009e-01
1.120999198039404732e+00,3.539379970164317490e-01
1.120633190036837812e+00,3.519558782295471033e-01
1.120265893378715960e+00,3.499739974644122120e-01
1.119896375212680928e+00,3.479925297062772538e-01
1.119525138647994966e+00,3.460113909822234435e-01
1.119137288620381421e+00,3.440334297860303536e-01
1.118748343014813740e+00,3.420556837158310048e-01
1.118358245825350705e+00,3.400781647208647729e-01
1.117967111783392919e+00,3.381008503725411174e-01
1.117574325135959112e+00,3.361238635612864845e-01
1.117180468052999087e+00,3.341470899004816975e-01
1.116786104892048659e+00,3.321704169829488018e-01
1.116379077390123875e+00,3.301963371366746225e-01
1.115964927230758796e+00,3.282237150683386950e-01
1.115550384387823613e+00,3.262511755640723488e-01
1.115134730390667350e+00,3.242788698177620499e-01
1.114718168936871256e+00,3.223067556117891752e-01
1.114300999241236267e+00,3.203347699585514796e-01
1.113883025788295456e+00,3.183629544512301401e-01
1.113452575540150535e+00,3.163938498318651371e-01
1.113014974910477850e+00,3.144262970846025684e-01
1.112576956585399346e+00,3.124588372631132427e-01
1.112138333606018437e+00,3.104915121757957364e-01
1.111699385040164634e+00,3.085242597050856794e-01
1.111260062103512691e+00,3.065570907851374871e-01
1.110821467323847456e+00,3.045897614904332640e-01
1.110360526018819849e+00,3.026275458042736455e-01
1.109900783782382883e+00,3.006650485996103517e-01
1.109440876979069124e+00,2.987025899551748465e-01
1.108980950009552657e+00,2.967401360359739337e-01
1.108521022409307832e+00,2.947776822645914452e-01
1.108061858579790115e+00,2.928150496625980814e-01
1.107587120661902791e+00,2.908561571838442217e-01
1.107106446989956527e+00,2.888986815075262893e-01
1.106626179299231794e+00,2.869411061861060208e-01
1.106146220240368683e+00,2.849834551950450878e-01
1.105666591905903884e+00,2.830257231237300886e-01
1.105188096122711405e+00,2.810677139412876002e-01
1.104695349238652202e+00,2.791132776044450980e-01
1.104194704896407586e+00,2.771608141746468856e-01
1.103695155527707472e+00,2.752080703024229469e-01
1.103196267839489542e+00,2.732551573942356149e-01
1.102698058679529636e+00,2.713020711847280442e-01
1.102202026772779231e+00,2.693484308519733528e-01
1.101686369951822897e+00,2.673999096427749911e-01
1.101166959180120974e+00,2.654523546261748357e-01
1.100649318448317260e+00,2.635043283750535537e-01
1.100132775179722078e+00,2.615560111158742873e-01
1.099617348355250712e+00,2.596073980972123385e-01
1.099101249138544345e+00,2.576589950097333270e-01
1.098561973815707526e+00,2.557168484528027919e-01
1.098025159131860162e+00,2.537740185945124849e-01
1.097490847183656859e+00,2.518304988636406727e-01
1.096958105013585261e+00,2.498865488096091714e-01
1.096426984274281091e+00,2.479421551345408481e-01
1.095879449223487789e+00,2.460023795913933997e-01
1.095324655853304074e+00,2.440646083408088418e-01
1.094771993210547079e+00,2.421262271619847584e-01
1.094222662880979691e+00,2.401868988268920091e-01
1.093675987396289129e+00,2.382468220714806517e-01
1.093117642998655548e+00,2.363101461422003891e-01
1.092546548773208448e+00,2.343771149505374796e-01
1.091977718058670277e+00,2.324434177019857328e-01
1.091410974903363140e+00,2.305091065303440656e-01
1.090848537217792735e+00,2.285735388998723083e-01
1.090280536759076657e+00,2.266396519145595645e-01
1.089690816334405010e+00,2.247122216750288559e-01
1.089106755401064941e+00,2.227830687447453495e-01
1.088525360786969598e+00,2.208531125124946759e-01
1.087946542644019798e+00,2.189223801070014630e-01
1.087365067012739273e+00,2.169925285931542380e-01
1.086760137619064537e+00,2.150698221276010624e-01
1.086159383048811877e+00,2.131458023385654210e-01
1.085564559427699916e+00,2.112199409259050142e-01
1.084973483757995627e+00,2.092929299293115886e-01
1.084370378424261760e+00,2.073697570554889347e-01
1.083753017814411024e+00,2.054510025643356830e-01
1.083139182319127869e+00,2.035311194967336090e-01
1.082529286836277027e+00,2.016099777262559678e-01
1.081926771098003393e+00,1.996865100852686092e-01
1.081302530233267500e+00,1.977700686862594037e-01
1.080670221551713883e+00,1.958561867845967641e-01
1.080044951148786181e+00,1.939399958076917785e-01
1.079423786117905237e+00,1.920224732516926103e-01
1.078808171422846129e+00,1.901031565114164323e-01
1.078159816180235486e+00,1.881946621269464381e-01
1.077515782675953826e+00,1.862846989858749081e-01
1.076877900123982768e+00,1.843726675917373437e-01
1.076247878399322122e+00,1.824580361860370092e-01
1.075603772217889054e+00,1.805482004707783250e-01
1.074943171143308396e+00,1.786438989131086119e-01
1.074290208971633520e+00,1.767369703630594091e-01
1.073642356255212649e+00,1.748283006537911799e-01
1.073003405464328486e+00,1.729166259719726317e-01
1.072327647211148038e+00,1.710176824498694792e-01
1.071656371165985888e+00,1.691171229533426357e-01
1.070994735994866609e+00,1.672131804377668396e-01
1.070341600419392636e+00,1.653063177382951832e-01
1.069665034203049814e+00,1.634078153204174821e-01
1.068980652408582088e+00,1.615119303656588901e-01
1.068303600497457762e+00,1.596134276132100682e-01
1.067632697557234778e+00,1.577127335603743519e-01
1.066962319224693090e+00,1.558120300777880163e-01
1.066259784916440134e+00,1.539228179450794209e-01
1.065565708415541657e+00,1.520304606814588122e-01
1.064885531519074613e+00,1.501330654460559522e-01
1.064211578119899082e+00,1.482334976001415672e-01
1.063492427317709987e+00,1.463505264569770481e-01
1.062788472908342108e+00,1.444618306312787648e-01
1.062092149927159390e+00,1.425703171178269724e-01
1.061406623393750692e+00,1.406748457848142619e-01
1.060683991427558315e+00,1.387932730413715121e-01
1.059963175242108369e+00,1.369109568491118367e-01
1.059255432632121074e+00,1.350236681588782572e-01
1.058562105515353347e+00,1.331310610600190125e-01
1.057826459936566987e+00,1.312546830352837868e-01
1.057095759181383210e+00,1.293761637756926652e-01
1.056377258427571242e+00,1.274929722593986237e-01
1.055668087568880198e+00,1.256062323348305088e-01
1.054928546976851234e+00,1.237314415301763171e-01
1.054184389821402279e+00,1.218582517739837806e-01
1.053451060214051882e+00,1.199807571962914904e-01
1.052740323611060180e+00,1.180945985356859906e-01
1.051982828514024471e+00,1.162269535683586597e-01
1.051226078222253335e+00,1.143587760612195386e-01
1.050490069506129442e+00,1.124823511097385043e-01
1.049766218476295920e+00,1.106012345496412280e-01
1.048992561882627461e+00,1.087401989256926577e-01
1.048230489510467267e+00,1.068742318627505933e-01
1.047480831182884264e+00,1.050032357512129394e-01
1.046752043278736499e+00,1.031240220989731726e-01
1.045961142555227541e+00,1.012701271576311318e-01
1.045184504739000486e+00,9.941014763686233102e-02
1.044435261723783759e+00,9.753894665716383860e-02
1.043684324968124022e+00,9.566874397901338478e-02
1.042879332001992010e+00,9.382084124165032679e-02
1.042106224584193885e+00,9.195939154250985792e-02
1.041348471930655162e+00,9.009171247441671859e-02
1.040567941073514913e+00,8.823410635501631460e-02
1.039766046687960577e+00,8.638493298637310580e-02
1.038980466225191801e+00,8.452877423742720386e-02
1.038222771079970075e+00,8.266097974413087746e-02
1.037415523852503574e+00,8.081436304675645999e-02
1.036600227625033233e+00,7.897103240303161853e-02
1.035821483013092958e+00,7.711191566875989778e-02
1.035058363512025625e+00,7.524666809731420103e-02
1.034210228955977584e+00,7.341816434366378596e-02
1.033407413545165410e+00,7.156934456190561233e-02
1.032625250746980639e+00,6.971183988806993470e-02
1.031815966202124235e+00,6.786710883240262837e-02
1.030980994414639085e+00,6.603271352422809826e-02
1.030168493306568900e+00,6.418825610527729986e-02
1.029397124344837433e+00,6.232606703669216902e-02
1.028543174175315045e+00,6.050082320558388543e-02
1.027696818480813734e+00,5.867155891328474510e-02
1.026906137317249668e+00,5.681748731276297509e-02
1.026096532197010802e+00,5.497252695909424919e-02
1.025217962310560837e+00,5.315845056684925102e-02
1.024400168151864188e+00,5.131632897100580487e-02
1.023612567581322574e+00,4.946130401415236438e-02
1.022733187278805245e+00,4.764913530430907318e-02
1.021879015552862091e+00,4.582389092893063287e-02
1.021058501450256228e+00,4.398307218877428593e-02
1.020241881279116747e+00,4.214327744716210578e-02
1.019343197502418086e+00,4.033987170986703258e-02
1.018489364758005111e+00,3.851402181273758107e-02
1.017725850366379303e+00,3.664877426268635385e-02
1.016793668961769814e+00,3.486379342964741196e-02
1.015914270591683710e+00,3.305011851143128260e-02
1.015120026749471105e+00,3.119840361376104848e-02
1.014232279239775769e+00,2.939478854201334548e-02
1.013322796334960696e+00,2.759601144405792947e-02
1.012489170759348855e+00,2.576252589829827744e-02
1.011672285815145234e+00,2.392536841487223273e-02
1.010715361636491005e+00,2.215199508506674603e-02
1.009825888719349418e+00,2.034575192694745155e-02
1.009064536867268380e+00,1.847944499623830825e-02
1.008093174187720376e+00,1.671855182268708676e-02
1.007111322567081357e+00,1.495995140371110532e-02
1.006371921996139784e+00,1.308483940759783658e-02
1.005462889932580151e+00,1.129879693359076356e-02
1.004363681155685750e+00,9.609270885530506179e-03
1.003611668914400790e+00,7.748855360267608954e-03
1.002881893418357429e+00,5.899537849369255321e-03
1.001533771583415611e+00,4.401096752618266494e-03
1.000558249729415650e+00,2.721924229733504053e-03
1.000216048211015174e+00,7.355566094071528359e-04
1.000033336179151799e+00,-1.271085423417936486e-03
9.993549930582955598e-01,-3.070049751941673032e-03
9.980637620012524636e-01,-4.617783759969983082e-03
9.969945953367037594e-01,-6.225521913188264943e-03
9.963736624287475863e-01,-8.143124720366372304e-03
9.952678568450981089e-01,-9.826217202132002046e-03
9.942066826832914872e-01,-1.152814432048643138e-02
9.934488531217037233e-01,-1.339588428040043230e-02
9.924859556593769172e-01,-1.515925529201063438e-02
9.914325507080179456e-01,-1.687604831085866286e-02
9.906133965744871039e-01,-1.871736263420592516e-02
9.897018389957873419e-01,-2.051091505032740653e-02
9.886552022537912210e-01,-2.223350314171191472e-02
9.877952333775423810e-01,-2.405359998219003606e-02
9.869065742730382951e-01,-2.586162945362572088e-02
9.858636624167050888e-01,-2.758647526186451884e-02
9.849745484676117879e-01,-2.939164688844389528e-02
9.840730955725858209e-01,-3.119446159892525633e-02
9.830505436256369300e-01,-3.293040421668622098e-02
9.821438794907537684e-01,-3.472662172406926206e-02
9.812146787869957532e-01,-3.651529281021519135e-02
9.802170693186738060e-01,-3.826533168395947204e-02
9.792898671462217930e-01,-4.005136425430154412e-02
9.783460789909166344e-01,-4.183203925835937698e-02
9.773637302965338947e-01,-4.359123610486728001e-02
9.764037102664225865e-01,-4.536055254934095310e-02
9.754642830766948602e-01,-4.714307891805986223e-02
9.744881997019642084e-01,-4.890660364083847245e-02
9.735049770389579971e-01,-5.066377057378134569e-02
9.725675330818935871e-01,-5.244749687134164090e-02
9.715704788834874650e-01,-5.419925060052837446e-02
9.705915840587650001e-01,-5.596015591446148324e-02
9.696547428933470769e-01,-5.774476024678681929e-02
9.686383891330788698e-01,-5.948538750047119295e-02
9.676632688749843281e-01,-6.124866647132496539e-02
9.667042299009890316e-01,-6.302151797346455808e-02
9.656909133147522084e-01,-6.476348665917956715e-02
9.647201654761632383e-01,-6.652872119343104795e-02
9.637372347651993465e-01,-6.828843861953108607e-02
9.627266856054620403e-01,-7.003201081154927787e-02
9.617442863949244858e-01,-7.179094486057974178e-02
9.607553174101505222e-01,-7.354697710174892822e-02
9.597449242686887372e-01,-7.529096440464734530e-02
9.587486217902639885e-01,-7.704228431166910973e-02
9.577577307566279563e-01,-7.879717442429806651e-02
9.567305707551712057e-01,-8.053144675979891087e-02
9.557364676185399199e-01,-8.228471850045572522e-02
9.547438848367240105e-01,-8.403890901625278576e-02
9.536976647840542665e-01,-8.576175021719681379e-02
9.527095543548433909e-01,-8.751818506391606522e-02
9.516985870742390441e-01,-8.926194633193033912e-02
9.506507685957723552e-01,-9.098354110824712071e-02
9.496665012248600712e-01,-9.274244752493249200e-02
9.486331167814628929e-01,-9.447301818064818280e-02
9.475949253000621741e-01,-9.620045896262967300e-02
9.465918617538525703e-01,-9.794877864865547679e-02
9.455527227112981992e-01,-9.967569347650438727e-02
9.445230922607095181e-01,-1.014080469872582907e-01
9.434975929049886911e-01,-1.031433018024632692e-01
9.424557686508396870e-01,-1.048686053172200178e-01
9.414202143071420670e-01,-1.065973926093326390e-01
9.403877197144601130e-01,-1.083283116580683741e-01
9.393397570147545839e-01,-1.100500934044872925e-01
9.382985558994644260e-01,-1.117756375131118973e-01
9.372620106767940440e-01,-1.135041544939922320e-01
9.361936290452098630e-01,-1.152133411109447364e-01
9.351604095084690149e-01,-1.169438372012879673e-01
9.341148022706161624e-01,-1.186670503936777810e-01
9.330417866130803484e-01,-1.203730978581034200e-01
9.320066434426005353e-01,-1.221025058958839921e-01
9.309387940140135820e-01,-1.238120250680917467e-01
9.298755936572267178e-01,-1.255243216839903864e-01
9.288283483131298812e-01,-1.272465398442558793e-01
9.277486159575496494e-01,-1.289484788598466158e-01
9.266942287335360184e-01,-1.306660684297166197e-01
9.256248879998066892e-01,-1.323746551548982131e-01
9.245408947454687443e-01,-1.340738517016978881e-01
9.234851214730251945e-01,-1.357907926595797177e-01
9.224060955925825755e-01,-1.374931581432501937e-01
9.213273658115860298e-01,-1.391956490315480188e-01
9.202542734305032557e-01,-1.409018762473976671e-01
9.191708582084990864e-01,-1.426014686769156714e-01
9.180880194857835574e-01,-1.443012888754140466e-01
9.170077645623276874e-01,-1.460028695262521881e-01
9.159122312121991127e-01,-1.476947811318141679e-01
9.148298237801122390e-01,-1.493951041919915068e-01
9.137452865636719324e-01,-1.510940278312288276e-01
9.126392687579658602e-01,-1.527789800370557005e-01
9.115565283820662446e-01,-1.544789985797449527e-01
9.104546421950547863e-01,-1.561667796772657768e-01
9.093544165720874872e-01,-1.578555393160269438e-01
9.082658165342885059e-01,-1.595519202166446049e-01
9.071457795952243552e-01,-1.612276990117661180e-01
9.060538607479489137e-01,-1.629218258759527749e-01
9.049439320076320126e-01,-1.646043288904218138e-01
9.038289270465102998e-01,-1.662833721096763084e-01
9.027304218476465136e-01,-1.679733556984565057e-01
9.016077869460367156e-01,-1.696473392665641677e-01
9.005013219175969086e-01,-1.713319726109806818e-01
8.993819527291776472e-01,-1.730082097130334062e-01
8.982545035941931211e-01,-1.746789516305378431e-01
8.971451581919909213e-01,-1.763618393216484503e-01
8.960189105990762348e-01,-1.780333725378851484e-01
8.948956329878088312e-01,-1.797068545822650409e-01
8.937701700025997287e-01,-1.813789611582131145e-01
8.926377814239332409e-01,-1.830464053600709406e-01
8.915110761709628129e-01,-1.847176458353123052e-01
8.903803972595859539e-01,-1.863861978719320300e-01
8.892406639331528195e-01,-1.880485572301119346e-01
8.881097621984473944e-01,-1.897169604671513909e-01
8.869682032099935887e-01,-1.913781652342284589e-01
8.858289708098837645e-01,-1.930409072589913122e-01
8.846931987763138050e-01,-1.947060457912289932e-01
8.835385008327335532e-01,-1.963580856783289363e-01
8.824017305964966251e-01,-1.980225031040468708e-01
8.812478757754411696e-01,-1.996751909917627299e-01
8.800995733427536827e-01,-2.013317264850198740e-01
8.789537072782112048e-01,-2.029899632486968364e-01
8.777896014282335901e-01,-2.046353836433786044e-01
8.766468370075932715e-01,-2.062957423059659789e-01
8.754808008672343433e-01,-2.079398584580832154e-01
8.743244671489682762e-01,-2.095907477759436088e-01
8.731646983465454204e-01,-2.112392909289130816e-01
8.719943423775283753e-01,-2.128802695825702251e-01
8.708395824631557369e-01,-2.145323251937509001e-01
8.696666367992104130e-01,-2.161714721695418284e-01
8.685035107886170946e-01,-2.178175645451569387e-01
8.673295686955349026e-01,-2.194560425636357115e-01
8.661529565216947724e-01,-2.210925802967492471e-01
8.649843527493920048e-01,-2.227348724222971699e-01
8.638057743526931231e-01,-2.243699616925016738e-01
8.626298999042648630e-01,-2.260069818298706956e-01
8.614495536854011037e-01,-2.276408021709528384e-01
8.602648403045900505e-01,-2.292714778480270388e-01
8.590839240545266042e-01,-2.309049170883041568e-01
8.578985522026389976e-01,-2.325351312216155653e-01
8.567106098182911689e-01,-2.341634280843084281e-01
8.555241135630778926e-01,-2.357927946657113194e-01
8.543279812174582322e-01,-2.374150999890076719e-01
8.531393620573983760e-01,-2.390429116263590448e-01
8.519403613139433507e-01,-2.406631447637407883e-01
8.507460469515992774e-01,-2.422868217154758586e-01
8.495512885216766064e-01,-2.439101856600076335e-01
8.483458408200964529e-01,-2.455255704576099207e-01
8.471506951789601336e-01,-2.471486282081103436e-01
8.459377390052685852e-01,-2.487584404713826247e-01
8.447387902022822637e-01,-2.503786652531254653e-01
8.435276275295873205e-01,-2.519898273128049482e-01
8.423185280684771792e-01,-2.536025350980473103e-01
8.411110201709686152e-01,-2.552164380938109489e-01
8.398922324652215998e-01,-2.568217934072589137e-01
8.386859649317525145e-01,-2.584366236893547719e-01
8.374624491995210640e-01,-2.600384087153056467e-01
8.362499411029573615e-01,-2.616485141914060009e-01
8.350256936170179500e-01,-2.632497563015975262e-01
8.338035028564446671e-01,-2.648525571961117264e-01
8.325819798207440003e-01,-2.664558786472038809e-01
8.313522570343607754e-01,-2.680528790529010941e-01
8.301308704233768543e-01,-2.696562973102936134e-01
8.288988060847997108e-01,-2.712514945084523732e-01
8.276710110082221572e-01,-2.728499764910379821e-01
8.264363974063760887e-01,-2.744432149094918616e-01
8.252024389476686483e-01,-2.760369569718510996e-01
8.239661906362644173e-01,-2.776289493295593935e-01
8.227271241524527490e-01,-2.792187342801862870e-01
8.214893797364093420e-01,-2.808095488274780505e-01
8.202484182533847923e-01,-2.823978402670365151e-01
8.190048217396143082e-01,-2.839840645551163223e-01
8.177611655840331117e-01,-2.855702431082037807e-01
8.165119256155201066e-01,-2.871520424673589811e-01
8.152655177679415388e-01,-2.887360636305796313e-01
8.140132064478425855e-01,-2.903154541965358715e-01
8.127628423388698620e-01,-2.918963809202412829e-01
8.115119079142227854e-01,-2.934768622606904742e-01
8.102540275021378191e-01,-2.950517889374913993e-01
8.090011100601842697e-01,-2.966306852993301768e-01
8.077373848310901439e-01,-2.982009370290000794e-01
8.064816153290680356e-01,-2.997775542941699123e-01
8.052142612858248505e-01,-3.013448997989504607e-01
8.039541858176142419e-01,-3.029180717770070252e-01
8.026863646655907347e-01,-3.044850394629410872e-01
8.014196889746916241e-01,-3.060529280249643658e-01
8.001525874302778396e-01,-3.076204776664185347e-01
7.988795460988096231e-01,-3.091831803792846056e-01
7.976118249077622790e-01,-3.107502289375765891e-01
7.963320044115592689e-01,-3.123073937202943129e-01
7.950633387810452923e-01,-3.138736777686802482e-01
7.937804519132970471e-01,-3.154283316854407104e-01
7.925057322919378811e-01,-3.169896690785310445e-01
7.912215119407249864e-01,-3.185432250935525955e-01
7.899403443260224478e-01,-3.200992820180381115e-01
7.886556329996388115e-01,-3.216524320462520459e-01
7.873688167640504609e-01,-3.232038262546250706e-01
7.860837531953899227e-01,-3.247566848530754613e-01
7.847920832386469092e-01,-3.263040263556702958e-01
7.835049678438165133e-01,-3.278551797710851923e-01
7.822104612892101239e-01,-3.294001505672275454e-01
7.809188458746911810e-01,-3.309475460779099931e-01
7.796214794375602164e-01,-3.324901203733761079e-01
7.783254782979195374e-01,-3.340338429916181462e-01
7.770252308558287524e-01,-3.355739960973066482e-01
7.757249525904743592e-01,-3.371141253821263728e-01
7.744220551331616464e-01,-3.386520458096633490e-01
7.731178344256096624e-01,-3.401888466825989665e-01
7.718129616415985161e-01,-3.417250943549891007e-01
7.705066925638770492e-01,-3.432601463869212610e-01
7.691976474139093911e-01,-3.447928295751276906e-01
7.678884748804351013e-01,-3.463254009997342453e-01
7.665753512897568456e-01,-3.478545885477967725e-01
7.652632612160787939e-01,-3.493846598986274921e-01
7.639461484369211020e-01,-3.509104162843005859e-01
7.626311284094507981e-01,-3.524379690117191433e-01
7.613101112177445007e-01,-3.539603546122410682e-01
7.599921504130994210e-01,-3.554853710681760148e-01
7.586685161349513429e-01,-3.570054863598517980e-01
7.573464284387688705e-01,-3.585269320427940665e-01
7.560209914432121092e-01,-3.600454757442033138e-01
7.546946590453593728e-01,-3.615632364439630431e-01
7.533681397486456932e-01,-3.630808347958752735e-01
7.520373333390507620e-01,-3.645946626076259078e-01
7.507087833293629719e-01,-3.661104835317589012e-01
7.493733772464373777e-01,-3.676202535165609131e-01
7.480427225683050629e-01,-3.691342272051845730e-01
7.467028512452175137e-01,-3.706400414243934960e-01
7.453700215507601534e-01,-3.721521006850883606e-01
7.440263121721402140e-01,-3.736544996632400473e-01
7.426900598566537059e-01,-3.751635290100814868e-01
7.413442451059297778e-01,-3.766640425418478766e-01
7.400036085155468069e-01,-3.781691725304693330e-01
7.386556554278969067e-01,-3.796677654290829262e-01
7.373107545985602140e-01,-3.811690861659718932e-01
7.359606016432643782e-01,-3.826656974045993809e-01
7.346115515800129003e-01,-3.841632949307894895e-01
7.332591410086978234e-01,-3.856578663907319071e-01
7.319062359261675477e-01,-3.871519898594991682e-01
7.305521406646119376e-01,-3.886450351451194440e-01
7.291957308044657582e-01,-3.901359687347006333e-01
7.278392462659992734e-01,-3.916268436118051088e-01
7.264789730619597430e-01,-3.931142485496634809e-01
7.251200472434266020e-01,-3.946028985408696066e-01
7.237569905778803436e-01,-3.960877531101834603e-01
7.223945923464987207e-01,-3.975732220918564153e-01
7.210287531355087376e-01,-3.990555177498397166e-01
7.196629286849209883e-01,-4.005378349401286231e-01
7.182943085592752297e-01,-4.020175636994741120e-01
7.169251017929957337e-01,-4.034967563672477442e-01
7.155537030527744369e-01,-4.049739107739879773e-01
7.141811556917312398e-01,-4.064500043447004662e-01
7.128069812623606394e-01,-4.079245774558122872e-01
7.114311329486178170e-01,-4.093975956114844772e-01
7.100541863383642571e-01,-4.108695809722650027e-01
7.086750747351453494e-01,-4.123395457460034552e-01
7.072953599939900693e-01,-4.138089373672583782e-01
7.059130208821131625e-01,-4.152758692327155887e-01
7.045305425619643458e-01,-4.167426615677776169e-01
7.031450099328186987e-01,-4.182065795239113259e-01
7.017597730490097163e-01,-4.196707674455131265e-01
7.003714753983600882e-01,-4.211320640736759269e-01
6.989830891882130581e-01,-4.225932678740105808e-01
6.975921626538896803e-01,-4.240520624374751746e-01
6.962005274893612317e-01,-4.255101747816645852e-01
6.948069444085491764e-01,-4.269664317641890805e-01
6.934121232873172724e-01,-4.284214992008617551e-01
6.920158579606890958e-01,-4.298751846344862626e-01
6.906180303168829582e-01,-4.313273665348043573e-01
6.892192442576803302e-01,-4.327786265951852895e-01
6.878184197497190233e-01,-4.342279166792935019e-01
6.864169190827860145e-01,-4.356765553791986378e-01
6.850130671767789003e-01,-4.371229119162702847e-01
6.836087945518609654e-01,-4.385688637125561007e-01
6.822019534529315532e-01,-4.400123120005707822e-01
6.807948904786077504e-01,-4.414555486369428627e-01
6.793851091359214278e-01,-4.428961247532202661e-01
6.779752391343154549e-01,-4.443366193838423350e-01
6.765625638872944103e-01,-4.457743572923394959e-01
6.751498718466950599e-01,-4.472120844572449183e-01
6.737343465074504545e-01,-4.486470160650370964e-01
6.723188190369783213e-01,-4.500819516672919240e-01
6.709004849693469552e-01,-4.515141068770536781e-01
6.694821102555699177e-01,-4.529462281615812547e-01
6.680610064509100443e-01,-4.543756349203089129e-01
6.666397742163188145e-01,-4.558049204542868327e-01
6.652159373661891140e-01,-4.572316047985106602e-01
6.637918388294516969e-01,-4.586580344532565912e-01
6.623653033953105229e-01,-4.600820205509500438e-01
6.609383312332212101e-01,-4.615055754852244729e-01
6.595091306522583574e-01,-4.629268868237084722e-01
6.580792778243129693e-01,-4.643475483192741615e-01
6.566475534690363602e-01,-4.657663180559071803e-01
6.552147042870599680e-01,-4.671839571886763354e-01
6.537804625251556478e-01,-4.686001828536751068e-01
6.523446356215016895e-01,-4.700148058112145755e-01
6.509078827911682907e-01,-4.714284849384811071e-01
6.494690961703355470e-01,-4.728400974081047869e-01
6.480298385579658094e-01,-4.742512275104075470e-01
6.465881096447887444e-01,-4.756598347216146050e-01
6.451463534632061458e-01,-4.770684132657062593e-01
6.437016991494566298e-01,-4.784740200314675507e-01
6.422574087041935664e-01,-4.798800012944999804e-01
6.408098872061391837e-01,-4.812826551701202549e-01
6.393627098290648458e-01,-4.826856647358612196e-01
6.379126957767017325e-01,-4.840857415370005135e-01
6.364626346212693964e-01,-4.854857704109117877e-01
6.350103074789916757e-01,-4.868834477323227827e-01
6.335575613066514178e-01,-4.882806902885848399e-01
6.321028407094442247e-01,-4.896758752232123202e-01
6.306472624765632196e-01,-4.910701672336045265e-01
6.291901195301066174e-01,-4.924628212030639496e-01
6.277316949765791021e-01,-4.938541356980463704e-01
6.262721388961746127e-01,-4.952442598791659822e-01
6.248108754898853423e-01,-4.966325924977121331e-01
6.233489175363435830e-01,-4.980201902854755613e-01
6.218848238258456451e-01,-4.994055378264055101e-01
6.204204737303321560e-01,-5.007906110874004169e-01
6.189535593249148038e-01,-5.021729715069203070e-01
6.174868253262658646e-01,-5.035555205892433550e-01
6.160171008769805834e-01,-5.049348929992364399e-01
6.145479897572506678e-01,-5.063149167411380436e-01
6.130754669388792655e-01,-5.076913014081745334e-01
6.116039840571761976e-01,-5.090687971454956884e-01
6.101286755511090565e-01,-5.104421954905515868e-01
6.086545226942704501e-01,-5.118168340988715759e-01
6.071767443537504638e-01,-5.131875736618859429e-01
6.056997521961305919e-01,-5.145591611448063762e-01
6.042196906016157332e-01,-5.159274340026864802e-01
6.027398730256846582e-01,-5.172959726725908647e-01
6.012575415425729375e-01,-5.186617855252966258e-01
5.997749020604306036e-01,-5.200272665278263817e-01
5.982903231105812791e-01,-5.213906360592803768e-01
5.968048558494534195e-01,-5.227530402644973151e-01
5.953180266037970680e-01,-5.241139557187458609e-01
5.938297506255220126e-01,-5.254732911500377135e-01
5.923406888467545039e-01,-5.268317642870087303e-01
5.908497882309644567e-01,-5.281882205362528060e-01
5.893586662507228624e-01,-5.295444328916028010e-01
5.878653300480142230e-01,-5.308982073144515867e-01
5.863720937108481968e-01,-5.322520918625497366e-01
5.848761452850512743e-01,-5.336029788745751956e-01
5.833801759812854426e-01,-5.349538430396811872e-01
5.818819900066800610e-01,-5.363022471970200211e-01
5.803833010311265639e-01,-5.376500934518928521e-01
5.788828781986796734e-01,-5.389960076904555253e-01
5.773814830553515298e-01,-5.403408388372521465e-01
5.758788235889390483e-01,-5.416842554834616630e-01
5.743747360141120417e-01,-5.430260746841901742e-01
5.728698396551840100e-01,-5.443669854275311470e-01
5.713630736399030186e-01,-5.457057962345541746e-01
5.698559396320244108e-01,-5.470441921000256391e-01
5.683465094440959264e-01,-5.483799984866287724e-01
5.668370317233522027e-01,-5.497157511631580729e-01
5.653250567228106371e-01,-5.510486761981628900e-01
5.638129087401272388e-01,-5.523814052331671443e-01
5.622991345704877464e-01,-5.537122862116891087e-01
5.607848927535692418e-01,-5.550426357605563465e-01
5.592691032575867194e-01,-5.563712204596453770e-01
5.577523371887684878e-01,-5.576986913236413601e-01
5.562343292870781664e-01,-5.590247409327959716e-01
5.547149950605867463e-01,-5.603492716838511800e-01
5.531947373043851757e-01,-5.616727417853685234e-01
5.516728230809629929e-01,-5.629943072360371614e-01
5.501503160798854042e-01,-5.643151897569091968e-01
5.486258495396577617e-01,-5.656338101357989423e-01
5.471007562157155224e-01,-5.669517056383116538e-01
5.455740966950534121e-01,-5.682677858144901117e-01
5.440464503510413774e-01,-5.695827211170442217e-01
5.425176459125795603e-01,-5.708963088069152203e-01
5.409876854642048372e-01,-5.722085508686880484e-01
5.394569995280600327e-01,-5.735199458435100706e-01
5.379250663515275921e-01,-5.748298843706628469e-01
5.363924032169246070e-01,-5.761389681680721964e-01
5.348580333467376491e-01,-5.774460516786946718e-01
5.333229518318040041e-01,-5.787522990761351238e-01
5.317863167956450310e-01,-5.800567187154798132e-01
5.302486633167202701e-01,-5.813599375529122648e-01
5.287099275318490887e-01,-5.826618782747579051e-01
5.271697209433360287e-01,-5.839620787914213684e-01
5.256288762223971789e-01,-5.852615229341514569e-01
5.240861359243421669e-01,-5.865587162176545410e-01
5.225431109361921012e-01,-5.878555706458765684e-01
5.209985143075903657e-01,-5.891505530616615305e-01
5.194536787218043683e-01,-5.904452501765522499e-01
5.179070531163427749e-01,-5.917378086205998811e-01
5.163598931461862440e-01,-5.930297269521102033e-01
5.148111720758979937e-01,-5.943197738420225029e-01
5.132615284986697946e-01,-5.956087119349950942e-01
5.117107012476913575e-01,-5.968962261383095047e-01
5.101585952142243530e-01,-5.981821978811673324e-01
5.086056502758435904e-01,-5.994671570802367899e-01
5.070511035802751643e-01,-6.007501773838942460e-01
5.054959831299528084e-01,-6.020325028446372739e-01
5.039395938685951037e-01,-6.033132877180217291e-01
5.023829284366447823e-01,-6.045937372231746654e-01
5.008244927210724340e-01,-6.058720312852743373e-01
4.992657153934874636e-01,-6.071499087758781554e-01
4.977050465505019616e-01,-6.084254756905161932e-01
4.961438829593339261e-01,-6.097004364015490285e-01
4.945810873946859809e-01,-6.109733968193451492e-01
4.930175615621134599e-01,-6.122454592120666339e-01
4.914526421929976130e-01,-6.135158078140044990e-01
4.898869086001859108e-01,-6.147851519246079199e-01
4.883202241746739669e-01,-6.160533230933139537e-01
4.867526020171963341e-01,-6.173203343657713837e-01
4.851844448681396083e-01,-6.185866839850074905e-01
4.836146013159416945e-01,-6.198509415072559481e-01
4.820444690252334019e-01,-6.211148413418756675e-01
4.804722149957509902e-01,-6.223761003321224283e-01
4.788999695671070089e-01,-6.236373702373312344e-01
4.773255052781954499e-01,-6.248958695044033451e-01
4.757508806298005322e-01,-6.261541674755559672e-01
4.741747397455803870e-01,-6.274105663434997870e-01
4.725980715138959898e-01,-6.286663028164596323e-01
4.710206941076912068e-01,-6.299211489108768047e-01
4.694419965372699233e-01,-6.311743319895288806e-01
4.678627173489516289e-01,-6.324267837079686760e-01
4.662817537597218065e-01,-6.336771069745441576e-01
4.647004051869071395e-01,-6.349269447242480435e-01
4.631172058859409635e-01,-6.361744363728032425e-01
4.615337657833676333e-01,-6.374216232802619730e-01
4.599488116498480772e-01,-6.386668856607380373e-01
4.583634727306204470e-01,-6.399116574689590609e-01
4.567771245480243825e-01,-6.411551434350275525e-01
4.551899871090020477e-01,-6.423976200925128888e-01
4.536015511908618181e-01,-6.436384377878914265e-01
4.520122531389881848e-01,-6.448781491340802585e-01
4.504217045493584815e-01,-6.461162576146181058e-01
4.488302794362481474e-01,-6.473532373737372891e-01
4.472378059074331724e-01,-6.485888693020633866e-01
4.456447982551169362e-01,-6.498238123425424950e-01
4.440516176676778670e-01,-6.510585324800977070e-01
4.424561852473644086e-01,-6.522903408421477645e-01
4.408610036794164411e-01,-6.535224732400367609e-01
4.392634083866214789e-01,-6.547514755322334512e-01
4.376661834214763958e-01,-6.559809568765265775e-01
4.360668565255486628e-01,-6.572077052950058285e-01
4.344674763098005377e-01,-6.584343829039751572e-01
4.328672472904220303e-01,-6.596599543167515067e-01
4.312656939800575961e-01,-6.608837931243281005e-01
4.296644703984938141e-01,-6.621080648442166927e-01
4.280602630250747165e-01,-6.633284228973180818e-01
4.264574689292586762e-01,-6.645506369569608163e-01
4.248515005696128499e-01,-6.657686779374270003e-01
4.232460561091496154e-01,-6.669874075728432494e-01
4.216391500239742851e-01,-6.682042111871159262e-01
4.200314370805450781e-01,-6.694199469555229820e-01
4.184238729498812037e-01,-6.706358810689034833e-01
4.168140450952024234e-01,-6.718488131756045201e-01
4.152048739467896765e-01,-6.730626187974673158e-01
4.135931467933561811e-01,-6.742730272173983463e-01
4.119817730218687801e-01,-6.754839064297768481e-01
4.103685821750254759e-01,-6.766923655701456708e-01
4.087547570194786650e-01,-6.778999757112516011e-01
4.071411180536984586e-01,-6.791078364194441663e-01
4.055259359428308175e-01,-6.803136288262209286e-01
4.039101641550117416e-01,-6.815186328120360626e-01
4.022931914902038719e-01,-6.827220229657314787e-01
4.006752234366570131e-01,-6.839240771354480053e-01
3.990568283350643397e-01,-6.851255554998491037e-01
3.974377360997610742e-01,-6.863260963171997631e-01
3.958175756942030610e-01,-6.875251933448827124e-01
3.941973257619637017e-01,-6.887241682944887922e-01
3.925749493297104875e-01,-6.899202648162574558e-01
3.909530270586048517e-01,-6.911169749996287637e-01
3.893287635886544251e-01,-6.923105102452182802e-01
3.877052039788951854e-01,-6.935050000385956093e-01
3.860807051402411760e-01,-6.946982149083873459e-01
3.844546154747384703e-01,-6.958892574665190844e-01
3.828296076627804023e-01,-6.970817783033195214e-01
3.812006086882445688e-01,-6.982688421361608055e-01
3.795740504082725231e-01,-6.994592441023809171e-01
3.779443522369979602e-01,-7.006453478384955247e-01
3.763150583149931228e-01,-7.018320056558045028e-01
3.746855802625397303e-01,-7.030184117746578476e-01
3.730536148136997521e-01,-7.042013890354156258e-01
3.714237145063875034e-01,-7.053872149882873810e-01
3.697899467521532091e-01,-7.065677046460098198e-01
3.681576961836034445e-01,-7.077502886774771351e-01
3.665231875363896275e-01,-7.089297545245701881e-01
3.648881129848638438e-01,-7.101084332828165868e-01
3.632539079500061718e-01,-7.112883197630868182e-01
3.616172589550517014e-01,-7.124648076197713786e-01
3.599814311878173911e-01,-7.136424386773571049e-01
3.583434274737079539e-01,-7.148170412858961820e-01
3.567052743081698396e-01,-7.159914362059441872e-01
3.550666140154552508e-01,-7.171651270394723277e-01
3.534269940499684126e-01,-7.183374731115362843e-01
3.517871924991834431e-01,-7.195095642672622027e-01
3.501465491347381387e-01,-7.206804748993440590e-01
3.485043833762244136e-01,-7.218492514179465358e-01
3.468626677850378814e-01,-7.230186592094990372e-01
3.452194301239945307e-01,-7.241859330383880744e-01
3.435761406125796280e-01,-7.253531305209449664e-01
3.419330161300893067e-01,-7.265205605637935493e-01
3.402868850548543822e-01,-7.276837447711327345e-01
3.386426733867828887e-01,-7.288496393829703157e-01
3.369953091938865941e-01,-7.300110822004344246e-01
3.353492496450207749e-01,-7.311743696031235418e-01
3.337026748261080478e-01,-7.323369312436388556e-01
3.320535089518314442e-01,-7.334958065375338787e-01
3.304070964799872834e-01,-7.346585966813518054e-01
3.287559302841497333e-01,-7.358146279940759316e-01
3.271073102089208096e-01,-7.369742794569018596e-01
3.254567398423179325e-01,-7.381311613295093998e-01
3.238050003355340545e-01,-7.392863668044401537e-01
3.221553049892847409e-01,-7.404444961006932946e-01
3.205017572006372828e-01,-7.415971118367176151e-01
3.188508117424247446e-01,-7.427534497423352589e-01
3.171965085690052755e-01,-7.439049871823543159e-01
3.155421213375605438e-01,-7.450564022525673069e-01
3.138890824282568603e-01,-7.462097541358222452e-01
3.122335752027494693e-01,-7.473595510083279603e-01
3.105790390401204637e-01,-7.485107434132458604e-01
3.089228391440958510e-01,-7.496595437897609626e-01
3.072657518863739501e-01,-7.508070668924722302e-01
3.056095956014931447e-01,-7.519559365879687762e-01
3.039521991546995650e-01,-7.531030119532875489e-01
3.022941156915663341e-01,-7.542490871662903551e-01
3.006363030417583126e-01,-7.553955568688629496e-01
2.989756065481090075e-01,-7.565378536720960279e-01
2.973176509740634299e-01,-7.576841191919341245e-01
2.956581064893091804e-01,-7.588280904788998749e-01
2.939968825907092187e-01,-7.599696078784747844e-01
2.923376876720114592e-01,-7.611140799354648712e-01
2.906738762343096250e-01,-7.622518363690014009e-01
2.890140377512634418e-01,-7.633953704626003089e-01
2.873515671022580098e-01,-7.645350851389445257e-01
2.856882138110405922e-01,-7.656735000132998126e-01
2.840274224755122701e-01,-7.668156603970087692e-01
2.823613411708363885e-01,-7.679500869689972475e-01
2.806996266740672819e-01,-7.690908909673402905e-01
2.790344812180430289e-01,-7.702266941248276932e-01
2.773690238544143094e-01,-7.713620324957298768e-01
2.757058791470303749e-01,-7.725007633175575705e-01
2.740387690762579043e-01,-7.736336701578836461e-01
2.723748849366699476e-01,-7.747713041743501394e-01
2.707077788753238234e-01,-7.759042241924208883e-01
2.690402739485772687e-01,-7.770365577141782332e-01
2.673750150856505359e-01,-7.781721945935191620e-01
2.657071528396673932e-01,-7.793039918713837721e-01
2.640401925563712893e-01,-7.804371088580160931e-01
2.623724772111796777e-01,-7.815691238544395514e-01
2.607028148972139192e-01,-7.826982766162918770e-01
2.590358970315876919e-01,-7.838314748380499353e-01
2.573675439645791707e-01,-7.849625527467839481e-01
2.556975649343498080e-01,-7.860912140363304212e-01
2.540295893524239235e-01,-7.872228431266191651e-01
2.523581251810965709e-01,-7.883493269153371008e-01
2.506896259236068847e-01,-7.894801899437722259e-01
2.490208038466537321e-01,-7.906105841571997583e-01
2.473481215394310873e-01,-7.917352376770604439e-01
2.456802183248864568e-01,-7.928669771692216095e-01
2.440072230215451499e-01,-7.939911857429650111e-01
2.423373292726581640e-01,-7.951199823644460318e-01
2.406671479927739443e-01,-7.962483673584105359e-01
2.389930546898921537e-01,-7.973709229345611327e-01
2.373255065564808253e-01,-7.985031956159552857e-01
2.356513403316464472e-01,-7.996256590014538812e-01
2.339802447446103772e-01,-8.007526685614212436e-01
2.323090150445167035e-01,-8.018795001778592502e-01
2.306344344553815651e-01,-8.030013302211386206e-01
2.289653579506266134e-01,-8.041313388423650954e-01
2.272917982147392713e-01,-8.052546947325381899e-01
2.256197074187803464e-01,-8.063802191761512139e-01
2.239477518595275052e-01,-8.075059735055502008e-01
2.222738701903511083e-01,-8.086288483262115134e-01
2.206025707418527715e-01,-8.097555486371653677e-01
2.189300202233533943e-01,-8.108804008150125586e-01
2.172557862128679795e-01,-8.120027438356034466e-01
2.155848167600140086e-01,-8.131299505600355637e-01
2.139120477871140624e-01,-8.142544918486815941e-01
2.122386533778151119e-01,-8.153780663741291290e-01
2.105675478148895385e-01,-8.165050652469444392e-01
2.088914105743197303e-01,-8.176245839618625499e-01
2.072217954868787182e-01,-8.187537876869498410e-01
2.055494046740290737e-01,-8.198788953135228708e-01
2.038752463871693066e-01,-8.210013327147897000e-01
2.022060584839114605e-01,-8.221311794978015675e-01
2.005299488737500579e-01,-8.232507395797090677e-01
1.988604200088944507e-01,-8.243800583356380995e-01
1.971883444477905145e-01,-8.255056344193547613e-01
1.955141431460308554e-01,-8.266280140373751806e-01
1.938463588667062587e-01,-8.277599388581622364e-01
1.921716552365475839e-01,-8.288815908340017025e-01
1.905025908006945656e-01,-8.300115808112632498e-01
1.888312016906545932e-01,-8.311381759670840585e-01
1.871573145302135310e-01,-8.322610331413680118e-01
1.854905961172770013e-01,-8.333945268265100514e-01
1.838185573754198832e-01,-8.345201352763620406e-01
1.821495725155528045e-01,-8.356502301300506863e-01
1.804800827019716336e-01,-8.367796292244417122e-01
1.788084716435062727e-01,-8.379058822173192089e-01
1.771416898574464660e-01,-8.390392572088746226e-01
1.754728935238145382e-01,-8.401696639630962249e-01
1.738032537736251548e-01,-8.412987933109667971e-01
1.721373185923867066e-01,-8.424334141946304699e-01
1.704684572920179275e-01,-8.435637504996346125e-01
1.688020699161343341e-01,-8.446976889048017911e-01
1.671371476774248799e-01,-8.458338029522864954e-01
1.654671936463654458e-01,-8.469624824099546423e-01
1.638055021254850863e-01,-8.481033041976130393e-01
1.621384967747740158e-01,-8.492363758471485058e-01
1.604744466021001403e-01,-8.503737572780606380e-01
1.588133839259995017e-01,-8.515155230107509521e-01
1.571442244200333682e-01,-8.526453970451486342e-01
1.554875349738591983e-01,-8.537934805690129414e-01
1.538228002569133612e-01,-8.549298856572060679e-01
1.521618947684801049e-01,-8.560718518803980270e-01
1.505035352436188689e-01,-8.572175402710952019e-01
1.488384742881469769e-01,-8.583534366287054462e-01
1.471857833979205166e-01,-8.595072674936808932e-01
1.455246125501943877e-01,-8.606488645024193973e-01
1.438678722908915686e-01,-8.617968233611910112e-01
1.422126125176962907e-01,-8.629469856477910428e-01
1.405531170592337620e-01,-8.640909914279892856e-01
1.389026830983180749e-01,-8.652480199123067095e-01
1.372475946701793847e-01,-8.663983920539998218e-01
1.355948842660970877e-01,-8.675521133163571763e-01
1.339444865694004727e-01,-8.687092240158018619e-01
1.322914181601013983e-01,-8.698625161800546124e-01
1.306440263517424927e-01,-8.710238506644250034e-01
1.289959275093682245e-01,-8.721842103880225183e-01
1.273464087799296707e-01,-8.733424816405669366e-01
1.257035577978601049e-01,-8.745102546031069402e-01
1.240556530031473870e-01,-8.756709302640209858e-01
1.224144865358382239e-01,-8.768411010400529726e-01
1.207743892842940564e-01,-8.780127759114494390e-01
1.191290517395503651e-01,-8.791769617572597895e-01
1.174948464267366877e-01,-8.803568073221725854e-01
1.158510664616157482e-01,-8.815233173429383173e-01
1.142195034057363751e-01,-8.827067739548334346e-01
1.125845946900974198e-01,-8.838856851872032294e-01
1.109486210821736818e-01,-8.850630017081375644e-01
1.093231293802238296e-01,-8.862548636670777302e-01
1.076847361631454031e-01,-8.874289091365249460e-01
1.060652444339397205e-01,-8.886288352748472619e-01
1.044352144724892545e-01,-8.898144829995336957e-01
1.028117772216698561e-01,-8.910090580224276913e-01
1.011917467873842541e-01,-8.922083326341276877e-01
9.956419421229704969e-02,-8.933972966668507487e-01
9.795489562598877487e-02,-8.946109342826101818e-01
9.633368793918403727e-02,-8.958085598316576359e-01
9.472524115496867847e-02,-8.970231218486788283e-01
9.311166557488784190e-02,-8.982310496994462268e-01
9.150084688533210997e-02,-8.994425938784561536e-01
8.989752537061099225e-02,-9.006641168306400713e-01
8.828852974101682183e-02,-9.018780780099195926e-01
8.669199325041601623e-02,-9.031083098982749524e-01
8.509152998047536665e-02,-9.043334803289267976e-01
8.349586989372605184e-02,-9.055647282673966458e-01
8.190445589640678314e-02,-9.068016356395293132e-01
8.030981652397972681e-02,-9.080343724722862442e-01
7.872784098695631561e-02,-9.092833601284089351e-01
7.714248666353473727e-02,-9.105281076723256151e-01
7.556234382610091393e-02,-9.117792381142284519e-01
7.398704931972123477e-02,-9.130366291673081003e-01
7.240907084647427161e-02,-9.142903857859288053e-01
7.084459033610226997e-02,-9.155611587884522340e-01
6.926905952139907063e-02,-9.168181563322151950e-01
6.771603365254784401e-02,-9.181028726857942690e-01
6.614950269315973685e-02,-9.193712334213729465e-01
6.460232998207197930e-02,-9.206629568652895390e-01
6.305049964060623069e-02,-9.219492619587982274e-01
6.150445050083219733e-02,-9.232423216750222927e-01
5.996808994064188603e-02,-9.245470647268800857e-01
5.842388607495929004e-02,-9.258421228759907695e-01
5.690416365653990644e-02,-9.271662082105630587e-01
5.536234317574263708e-02,-9.284642305983222821e-01
5.386007857077111660e-02,-9.298080861827698884e-01
5.232514704023562974e-02,-9.311145100798448038e-01
5.083507822662799991e-02,-9.324716715633549757e-01
4.931622787613820780e-02,-9.337967571511931464e-01
4.783352702355544300e-02,-9.351616939289657537e-01
4.633146833519725949e-02,-9.365057839181437638e-01
4.485750351592153462e-02,-9.378800544661282101e-01
4.337290174589496922e-02,-9.392434017390980383e-01
4.190936402422978241e-02,-9.406288006541011493e-01
4.044280595818385698e-02,-9.420115391113637049e-01
3.899180033097226356e-02,-9.434101458472586854e-01
3.754374717506902409e-02,-9.448122514994671262e-01
3.610791640934118973e-02,-9.462264980982825202e-01
3.467863643415416280e-02,-9.476477359231399999e-01
3.326133400352448283e-02,-9.490805055767251863e-01
3.185080492852691153e-02,-9.505203548503859956e-01
3.045634380004277539e-02,-9.519751325388791097e-01
2.906410869456780080e-02,-9.534326782888843388e-01
2.769614907983430213e-02,-9.549120328077336239e-01
2.632308129663173124e-02,-9.563875619036440456e-01
2.497805910991937606e-02,-9.578875632082718417e-01
2.363316886854228277e-02,-9.593882982428686423e-01
2.231301132571580220e-02,-9.609098960283760649e-01
2.100111371763421428e-02,-9.624389221779444670e-01
1.970744282030641864e-02,-9.639827236811303601e-01
1.843562001704154851e-02,-9.655448599292661971e-01
1.716936724202389533e-02,-9.671109554377163020e-01
1.594858277296173563e-02,-9.687144021845710551e-01
1.470863254687018902e-02,-9.703016472006423809e-01
1.350145420885606046e-02,-9.719157967174186785e-01
1.234231371053073553e-02,-9.735620233030328752e-01
1.115779144223979537e-02,-9.751908068949350916e-01
1.010543568119020956e-02,-9.769086213254538631e-01
8.939244885684033762e-03,-9.785480938029816889e-01
7.886674699445652206e-03,-9.802670627396766756e-01
6.897270014091364844e-03,-9.820166434099132369e-01
5.779625628455672091e-03,-9.836929680533368359e-01
4.918755875031294300e-03,-9.855155106371781271e-01
4.028878504545510032e-03,-9.873175713725329539e-01
2.979166332386576268e-03,-9.890382870834804052e-01
2.222591359854440840e-03,-9.908978025174348669e-01
1.636259862588617655e-03,-9.928205157212813825e-01
5.597595163665793289e-04,-9.939254057570625633e-01
-1.455868971792506628e-03,-9.939254057570625633e-01
